regime,seed,event_rate,oracle_reduction,brier_platt,brier_covariate,brier_covariate_cross_seed,ece_covariate,bss_platt,bss_covariate,bss_covariate_cross_seed,bss_true,regret_dsmp_sys_platt,rrpc_dsmp_sys_platt,downtime_dsmp_sys_platt,regret_dsmp_sys_covariate,regret_dsmp_exp_covariate,regret_dsmp_exp_platt,regret_dsmp_sys0_covariate,rrpc_dsmp_sys0_covariate,downtime_dsmp_sys0_covariate,regret_dsmp_sys0_platt,regret_greedy_covariate,regret_greedy_platt,regret_static_rcm,rrpc_static_rcm,downtime_static_rcm,regret_dsmp_exp_true_probability
R76 (reported),42,0.71,17.33654697819756,0.19324686808398644,0.08344630904537245,0.08328078320955495,0.03155632271795174,0.07395381006836921,0.6001221788404859,0.6009153848112416,0.9033037430176579,2.7999209555016478,1.6708765541408086,1609.455660622869,1.0261441083790714,0.40902520084401317,1.877198726942538,0.29316165416065587,1.9590098071353899,2028.3916176901403,1.5724092716207565,0.34659046472256705,2.608064471546072,2.2666477267472374,1.7321723275538101,1745.122626062388,0.003467288235185606
R76 (reported),43,0.8,17.262483052802253,0.15318499777803918,0.08392589459648915,0.07947560650533826,0.05521562869344303,0.05166244201640058,0.4804316409068511,0.5079824807534575,0.7823106332309849,1.0757968903350559,1.8605386391501904,1829.627171395583,0.9303053941774238,0.22600095048682078,0.8315737828403371,0.15445114824933626,1.966440448573158,1975.9072564395956,1.0552012588175046,0.17960997421968727,2.324590384505626,1.7896238905386213,1.7784895586764529,1832.6096637861738,0.005169978558370758
R76 (reported),44,0.7633333333333333,17.465665873955516,0.17019411038651197,0.08510545524405157,0.0828022431857933,0.026053770766578853,0.05792332219095975,0.528915164234167,0.5416641504311983,0.8246063171784594,3.7799100023502774,1.5730753873600185,1525.4977177397595,0.6968996188309404,0.2935949048130624,1.55612504904866,0.22097333978905453,1.9821485669177368,2109.8935016558444,1.1987614923725118,0.28765372394707356,1.9209618004780111,1.4411516487007248,1.8418981865991828,1932.670173087754,0.003979875910545161
R76 (reported),45,0.7433333333333333,17.522877020791043,0.17976911836296244,0.07643754175284113,0.07539880863018576,0.03285881411997124,0.059484191318934454,0.6000941816373861,0.6055286240586117,0.89201139733371,2.6490274945759325,1.7096378763799391,1708.6292115607957,0.8682683049377715,0.32252860806363515,1.9155894406307539,0.2127072796417906,1.9896746826620202,2054.842880090804,1.7879988089071048,0.31782067811997194,2.8968131921137115,1.9009060674073055,1.7956288450101272,1855.0057294474664,0.0
R76 (reported),46,0.7833333333333333,17.176360732945113,0.1599582059222529,0.046307260247172195,0.047901058753866396,0.031306906728728864,0.060235918160250645,0.727942060503918,0.7185783984045254,0.9228871460961571,1.3477426473479568,1.819381388939974,1804.7451554075815,0.56689647366278,0.18717914813851166,0.4512225339541942,0.1687243287003355,1.9549007358953878,2003.1318279196857,0.36238154234845865,0.18483665107655156,1.5145861855539806,1.6796460527634736,1.7812315722299317,1815.4110056122681,0.016911370907166656
R76 (reported),47,0.7133333333333334,17.27647667570801,0.19248731875703878,0.0647806716550046,0.0679169282315962,0.02799656688437754,0.06975600861633235,0.6869309056097874,0.6717741469482241,0.8419256991896332,2.240781327967568,1.7282408443692183,1626.2275657859773,0.7318600659036179,0.15325849442191952,1.0399417667989042,0.07140977907187107,1.9775938959377637,1978.4035594255765,0.7322895530630831,0.07627210154106479,2.5855544088190925,2.052787382740121,1.7498493438181655,1729.5706983990694,0.0015692622014285007
R76 (reported),48,0.7633333333333333,17.263211669691003,0.17149205893957395,0.0642346760469443,0.0616438660105793,0.04867571815783044,0.05073877827190887,0.6444413377582952,0.6587822671027368,0.8579992468471919,1.5937597943150479,1.8010864222499847,1786.7525374091747,0.8356495798936692,0.16664254084713548,0.932347931394446,0.148192005150662,1.9672436393762178,2009.1340281860103,0.8720665774669385,0.19516720704149293,2.11065508280538,1.8395456999575401,1.7728351687311064,1810.1231917838923,0.0071421564831268824
R76 (reported),49,0.75,17.374868427764994,0.1815960756808941,0.0762027475224691,0.07264168216018266,0.0432225831832754,0.032219101205144374,0.5938923062548775,0.6128703101795703,0.8210716593301548,1.908070873727155,1.7777928220988557,1693.8268423638547,0.8543255081611392,0.14510302299518685,2.141211153629456,0.14510302299518685,1.9804328049183186,1942.4631347962822,1.4220104695599503,0.14000129908345116,2.3538698739687334,2.170216320973026,1.7476611614993454,1722.4734913471348,8.261411258558837e-05
R76 (reported),50,0.7633333333333333,17.364831338705585,0.17576720300246532,0.08154586055193315,0.0859237864306836,0.050571868149762014,0.027074542730636364,0.54861861422008,0.5243854497575668,0.8325381515197956,4.110247116244238,1.5235154276940033,1451.6385935658764,1.6535822169124685,0.24585648591568088,2.812886416229219,0.24585648591568088,1.9676982587151959,1971.3705018482087,2.595360034166333,0.22368170846672797,3.3908362460860815,2.2795460704961386,1.7339408352270693,1758.6053124089722,0.012601094772918486
R76 (reported),51,0.8333333333333334,17.20045676585562,0.1314527943244784,0.06409999599721773,0.06511830091754783,0.04503489788045676,0.08863191720462704,0.5555918703791525,0.548531916973738,0.7798156755171205,1.5455461430844366,1.7994150139048006,1774.2044897329106,0.6437051291827629,0.051544632325715156,0.7207026402769827,0.028077174708016628,1.973836734387789,2058.6351739713064,1.0499121251317547,0.050663164253251125,1.6645426812608548,1.3203049474109605,1.8253048065079716,1906.2453062389832,0.0073451969743132395
R76 (reported),52,0.7533333333333333,17.246118918389243,0.17077694674858446,0.07996273550967124,0.07616055464947612,0.03886655889676976,0.08132344348005993,0.569848905800581,0.5903023363508554,0.8209175056099058,1.9374814982594444,1.7596134963643888,1704.2698751834068,0.921624660658722,0.3316652120930996,1.48758775925711,0.26961140841478937,1.951322702071624,1941.0978754796379,1.001378379187429,0.3691734758108396,1.4200679894591417,2.0262724456647447,1.7494076403419643,1744.0001023651985,0.003982494786555435
R76 (reported),53,0.8033333333333333,17.285995991030575,0.15352431502449748,0.06572442106120212,0.060976516949355714,0.030917000825288105,0.03925158814512608,0.5886994633745466,0.618411638506986,0.8306986210848479,1.4439378724518974,1.8209262203169827,1783.3273984852494,0.5650828979119922,0.27277654567043896,1.2753690033625844,0.27277654567043896,1.9555424647591484,1934.738444788687,1.2200726693428123,0.3016746099332295,1.8068772630570606,2.318735562907193,1.7203747616555178,1674.5167627821866,0.0
R76 (reported),54,0.7533333333333333,17.333736055922742,0.1663550848884503,0.06851500135648302,0.06581364416264297,0.04688579349487531,0.10511038255126437,0.6314307831677254,0.6459624490161658,0.8554263121381644,2.222972063370662,1.7368694242316332,1648.0006196170434,0.8165492466656019,0.228106707989582,0.9616784033129022,0.18843328352829758,1.9707244563705422,1972.835315342938,1.2237241322889076,0.2728652538424683,1.1224642443465882,1.8299228787012396,1.782047491429822,1777.6187020339457,0.006291386739263771
R76 (reported),55,0.7766666666666666,17.35966689156203,0.16565161991251776,0.07865028514040068,0.07513287509496457,0.030854588793572186,0.04627912233779796,0.5471796834096816,0.5674307826588334,0.8598756470441214,1.8901643315862486,1.7781037423215718,1700.4880747026582,0.7578036545861551,0.14243701164292588,1.2999179066104034,0.12142533494170493,1.9814070752458521,1956.5822782583873,1.291814618757428,0.15142258360106098,1.377228782514635,1.8591932393898674,1.781663637975919,1746.4547205257222,0.003055150120360395
R76 (reported),56,0.73,17.196014901522318,0.17776883808899124,0.09096831290448386,0.08803008227869828,0.03963593329258442,0.10283063921463198,0.5408982585610247,0.5557270132556827,0.7526424205665196,0.7902609088600911,1.885718849514541,1761.122081650923,0.7413221140343467,0.2656873691032047,0.6274253993853165,0.22499784084297403,1.9506916159458219,1956.0906134446086,1.0425007842637797,0.22325234864916865,1.1968251538738173,1.3772018910237023,1.8182543688138344,1854.8538908877254,0.0
R76 (reported),57,0.7466666666666667,17.192105239203386,0.1813789386067999,0.06127054005551926,0.06084224075364849,0.030484752166435456,0.042298439197196225,0.6764845340196426,0.6787460033668726,0.8726859358557317,2.7160357830830435,1.663916029247865,1565.1761074539772,0.8205205656208534,0.24002345833088157,1.7202062627442558,0.21746418736893247,1.9511081666532577,1942.7346045148006,1.755680169873699,0.24493075636394224,2.0248722044859733,1.7017901686433845,1.7804959849171842,1760.2979291453412,0.002986436285908667
R76 (reported),58,0.7766666666666666,17.25861982735509,0.1684858531383265,0.08933939067556045,0.08674800926295105,0.03646779171275396,0.029961338056272546,0.48563834069416667,0.5005579325248808,0.82334465298155,3.4067947479147733,1.5921638020515116,1532.1386942783283,1.0952150883581737,0.33875855565298707,1.6346833481091778,0.33875855565298707,1.9448116402019873,1989.7812107360169,1.8914026060754452,0.28583921383363986,2.075155314466656,2.361090128010659,1.712359735360008,1765.2052265807652,0.023438348425372624
R76 (reported),59,0.77,17.27096853627566,0.16898045162175906,0.07980358808748671,0.0815286959697002,0.03612737062309846,0.046236662563443054,0.5495707593201115,0.5398338658783721,0.8382447610400616,2.6908104223933265,1.6758802427823507,1696.7283226390246,0.7308368876795726,0.21843268435233654,1.4254948677693164,0.1184761555238083,1.9715508481356665,2026.6839406122272,1.2359589906718895,0.11918706770816812,3.632303154995924,1.3273554655915518,1.8325992033162652,1939.9796391224263,0.020457111031589648
R76 (reported),60,0.7366666666666667,17.30841127632948,0.18413611581166858,0.0675666600960714,0.06711354510271922,0.0369736524970301,0.05396404628852025,0.6528628322514247,0.6551908007381464,0.8505102767113962,1.6765075846307695,1.7967705390691882,1699.5812010553,1.038467665946314,0.19366768334137419,1.3582479284088436,0.19366768334137419,1.9672119070138956,1993.2190986876303,0.605837439300899,0.20943257441371088,2.555860172368341,1.9561197265279588,1.764631212418033,1826.687747842905,0.029281931079538026
R76 (reported),61,0.7866666666666666,17.4294698203135,0.15621552371112646,0.06282893864068985,0.061377056295918754,0.0309313505838734,0.07275628469839357,0.6270681868891593,0.6356860806014119,0.8724166780286673,1.612914191720165,1.8179948996293491,1804.4189707103433,0.9562885948787994,0.3111662215501383,0.8891793215099426,0.29382566228341034,1.9696142708115487,2098.233618635255,0.6468481495878677,0.3092439643676812,1.139906048282569,2.305474139768137,1.7383903079088472,1723.7445781031893,0.011526276545822611
R76 (reported),62,0.78,17.398891213076183,0.1671002478318771,0.06589841747048764,0.06466190796608882,0.046015210566265,0.028204262497525945,0.6167581913438562,0.6239492917841443,0.8309674327346295,2.142195514594505,1.753643183531958,1829.9973925192735,0.9342979384612988,0.3603697323047754,0.9705413961265776,0.33371061141173186,1.9615150114601074,2060.1230357156564,0.9475399043277264,0.3249536006154585,2.9266305523142933,1.7031279905259282,1.8041107150282922,1932.3985006230741,0.01417666445988175
R76 (reported),63,0.7533333333333333,17.39379379468923,0.16840939876936872,0.09203804724467886,0.08817952466802083,0.0642415476767339,0.09405941789786965,0.5048910410839045,0.5256475559500307,0.879551066262753,3.1134093307910007,1.641423501408828,1630.921705870349,1.3491158395657692,0.21937861237273637,1.5037077929706015,0.18826935367053466,1.9776464872460973,2022.2019540669535,1.432759293524839,0.22864461679154147,2.881931510513823,1.1712352282014535,1.8646619039796681,1997.0242630583562,0.0002698133420153681
R76 (reported),64,0.7433333333333333,17.454535615455484,0.18559967886345902,0.07202628566006841,0.06989763120778222,0.04907351689415047,0.02897987347989106,0.6231729847665013,0.634309675994815,0.8257562656661748,2.9802253684882487,1.663713821299255,1633.538517619083,0.606678071224735,0.23006271331223616,0.8622153980226983,0.19082898642591317,1.9843340950626707,2085.742260540832,0.6793845932085674,0.1966214601178251,2.661296901764132,1.378866726567196,1.8477780329931617,1968.0020844921182,0.008564967537267876
R76 (reported),65,0.74,17.290776184212802,0.1817014389532278,0.05109931295112965,0.05401515895143355,0.02846912762345043,0.05799902303040105,0.7350840862915229,0.7199673662655125,0.8935398372427183,0.6521003331394013,1.912491476915047,1882.2907795260508,0.40277724062974585,0.07638556265720808,0.6002950726049789,0.05833525633994441,1.9807403363094385,1933.2969600133001,0.29686829378240986,0.07858529517096713,1.0099364177052337,1.6148185988387809,1.8018342050082972,1810.971580065565,0.005910948209361777
R76 (reported),66,0.81,17.284766152841485,0.1488375766505951,0.06346061253187024,0.06226593918222574,0.028813656355255877,0.047941803515379355,0.5940662454029539,0.6017081230809338,0.7996083283236282,2.235283147518743,1.7298256325968866,1732.2379543587595,0.6165764858988894,0.06470904656535481,1.1293192798422353,0.04130187048690459,1.9820073885485714,1979.8677853309255,1.4231015965672498,0.09373291322802402,3.129584295934535,1.711512419437696,1.7900291645533055,1796.512364368209,0.0146330993626691
R76 (reported),67,0.7466666666666667,17.42185596594848,0.1745395906969886,0.06857234325202063,0.06655908531729357,0.034414052056343035,0.07841097915586848,0.6379301772035855,0.6485604095844604,0.8482565975831904,1.2591869582513766,1.8577780466481981,1733.2809506116537,0.5993458595053482,0.17895630024494835,0.7405825656050808,0.06312537130992268,1.995256389959,1971.504007227726,0.5612689290043988,0.08643353447794766,1.4105888973003573,2.099587077080713,1.7611803318513317,1790.638821454475,0.01592015517101686
R76 (reported),68,0.7633333333333333,17.647023967811037,0.1795612639229099,0.09870740615739707,0.0931166431820306,0.06625862531655945,0.006073250152295651,0.45362418795381665,0.4845707782811187,0.8326167012582414,3.9401043251206715,1.5755080047258456,1505.9013897232871,1.2241579186816693,0.3545270979116708,2.4544582053938484,0.1623982565623976,2.0097270930159667,2032.6183650600979,1.692021742791951,0.23747108626852764,3.897334173237084,2.462628741433633,1.7453327844404678,1747.464875789523,0.0
R76 (reported),69,0.7933333333333333,17.499165481506083,0.1472855180513025,0.07315045914697572,0.06982870828009352,0.03422967245043791,0.1073587692010799,0.5566630260028806,0.5767948883981251,0.7973465513775332,1.8134277308023172,1.8029583619426213,1809.3568348045337,1.1020896444595962,0.2634931010873913,1.493408026850176,0.1817591214714298,1.9905064779361086,2011.339127666095,0.8015999539975667,0.21597428011290276,2.0706758837683594,1.9765839381084618,1.7842047748980936,1761.0841111783338,0.04018746921735783
R76 (reported),70,0.72,17.181324268850005,0.18777608067640908,0.07906387297864179,0.07446032226732224,0.04759429730767063,0.07684869111952808,0.6113034335231908,0.6339355698919108,0.8883399963204464,1.5318750329055604,1.798787268292604,1747.8911018737053,0.6079130173670535,0.3773283670295484,1.3901143383872636,0.2820134185494396,1.9424495227997831,1950.4909253186015,1.4224389891199962,0.3294727356008025,1.4825184033490473,2.0325730955493384,1.7412357668459113,1669.6650920163993,0.009799532406589151
R76 (reported),71,0.7233333333333334,16.994652830452168,0.18309140849569194,0.0590256268469502,0.05981734861267334,0.03464063153772223,0.09204383762679902,0.7072900248353788,0.7033638512263631,0.9361902463530519,2.4951376371272715,1.6666109415699177,1570.9993082396068,0.6143860102041856,0.3037424132920421,2.330023542763257,0.2878264321188624,1.920324873150917,1884.2147412659906,0.9284421511229368,0.2921251757495611,3.182257490397717,2.5571201484231096,1.659486514985008,1611.1055194270266,0.007332264781240383
R76 (reported),72,0.7933333333333333,17.480489765767118,0.1545647485066447,0.059080442520574934,0.060483556335320224,0.028268831831502937,0.06324213561146685,0.6419360190637257,0.6334322825177542,0.8870918323776814,2.0133215412613765,1.777835427899759,1765.6734143588037,1.040250754931975,0.2546065831655824,1.2529053966996742,0.20957461219489915,1.9851626611019602,2107.596861497739,1.4763517284974341,0.27317877990338957,1.6470052032120748,1.564941872374078,1.8293733208693868,1921.1189723948337,0.0
R76 (reported),73,0.7366666666666667,17.496267799137968,0.1902114464555091,0.06717112003128001,0.06744696872341895,0.02929875652706764,0.02275082559890451,0.6548949980803637,0.6534777705071774,0.8554716391598634,2.2176950605584693,1.756157785841763,1765.866494120677,1.1067022619272393,0.33417370072717745,1.4862393459186478,0.33417370072717745,1.9726544938434636,2082.681570468989,1.250081507005632,0.3483127947489777,3.3522780193500523,2.0489707219345235,1.7755513879802174,1889.6854377618474,0.01067884155321508
R76 (reported),74,0.7533333333333333,17.454389410310114,0.17616969598158416,0.08048318813294983,0.07962152640213556,0.044682021766444195,0.05231371828078435,0.5670491858565931,0.5716844041739393,0.8430424431499027,1.7464094969847395,1.8055149323586044,1795.9089862641558,0.8056874204890789,0.21368043012665794,1.2912740982667685,0.21368043012665794,1.9816906871496278,2000.3984359676833,0.9947076787669005,0.20525282532307187,2.5201071719858703,1.8175917923266525,1.7973330593317387,1811.3715348630994,0.0
R76 (reported),75,0.7866666666666666,17.552942944279067,0.1607813989113409,0.07458881523994872,0.07157268154909173,0.02739754121492841,0.045654758654930405,0.5572654463526336,0.5751682190279551,0.8522374306137275,2.2141869674824193,1.763075399429146,1776.7672561789732,0.7180490541757365,0.6149966138978584,1.4639900267651171,0.5529386960095337,1.9540234765879894,2050.2872124577843,1.3226609586889424,0.5741501051993225,1.466140571913371,2.3157763969262533,1.7513984535174039,1805.168941605356,0.006905079763754429
R76 (reported),76,0.7833333333333333,17.477699097144523,0.1682755297702056,0.07849493096655893,0.08067082314380164,0.04989895182538794,0.011371140237358524,0.5388375588263548,0.526054061397516,0.8609857758101781,2.7291958349532024,1.6952302598271365,1645.699010319935,0.8867772870017916,0.4460342621761413,1.15054735523168,0.39168461975657465,1.9639097098188547,1935.8892455659789,1.7971959649516975,0.3972565566942876,3.725104137104438,2.181450088886038,1.7581895409770452,1729.6506614582668,0.01626947220225361
R76 (reported),77,0.76,17.558666744792276,0.1694732091589331,0.07172935219652375,0.06918737842183396,0.02619230797493223,0.07088529677610744,0.6067532083137972,0.6206892470599504,0.8673599484656715,2.6130277925078076,1.7178895345478824,1777.5605891433006,0.8112674412803926,0.22619429595079055,1.167001777330654,0.18220407701539898,1.9972945592850093,2074.3046728675326,0.7991870092606064,0.15737227918413055,1.8929265604714942,2.025819786781369,1.7853847076121288,1883.0674476834429,0.02145771326033241
R76 (reported),78,0.74,17.13177124131917,0.18121071565323585,0.09292217690904223,0.0934577454464783,0.0552409392054178,0.06054309659788193,0.5182603839863276,0.5154838177224312,0.8045258575870512,1.5067217900635796,1.7959826953401847,1801.4057481609998,0.6348658327098917,0.2518105566075519,0.6529419822489615,0.18942662442748315,1.9473959327522172,1950.290296444262,0.45106831860090324,0.21026756181731798,1.5580789339423688,1.528732239494616,1.7934527586242643,1825.8809384329452,0.0
R76 (reported),79,0.79,17.461993244164432,0.15887313831536914,0.07244408743605814,0.07184987386914443,0.031769535489100616,0.04715685862707919,0.5655159042087701,0.5690797056653797,0.7992554215905359,1.3882708387099,1.8475542992651697,1813.7958473235994,0.4983184269740093,0.21648858684133643,1.163776259669163,0.14394076311793924,1.9905807447190702,2045.4919557619487,0.4082228099798044,0.1861755751337455,1.5976539108294787,1.7948982949047263,1.800815511202171,1887.017553593405,0.0028654199385869106
R76 (reported),80,0.7266666666666667,17.013354235661268,0.18771199498749055,0.08964588118794858,0.09125309519525704,0.048557504379716794,0.06095985827806116,0.5515412801343393,0.5435010988486362,0.7547548662445398,2.0427037385695144,1.7207644247552858,1578.9084973806494,0.6812378387064939,0.1878437661871999,1.242114566402904,0.13595621385957202,1.9399308068806624,1858.8948428724143,1.0081841393253228,0.22445142606659374,3.8222029360618137,2.2582484318442653,1.6959891726575875,1671.9378965948508,0.009111260933082121
R76 (reported),81,0.7633333333333333,17.20944532448044,0.16821874702287354,0.07602176357687021,0.0724830303159098,0.026322627271240188,0.0688575651612714,0.5791961877585747,0.5987841633152314,0.8140902245962854,1.9574347140932389,1.7531046676590916,1758.4613622696343,1.1197836379157877,0.2825041126947383,1.6353132057544428,0.23764167024276617,1.9507820289984932,2008.6230404102826,1.4346585359489552,0.817849964784898,2.6832524971703435,1.3821690815458112,1.8192271541511955,1891.3340670840917,0.016750771414280052
R76 (reported),82,0.7466666666666667,17.32570832690186,0.18055274795355802,0.08158847186070327,0.07520928103136093,0.050321052961283835,0.04666082043179853,0.5692035280132475,0.6028863859064906,0.8558941899398678,2.4045740049296,1.7150729103743891,1658.4906588297563,1.3195095065066766,0.1410291806186592,2.3061174871220658,0.1410291806186592,1.9752504763572356,1996.2194420595843,1.8105813868922382,0.24848624191602653,3.078467552587142,1.827444665574177,1.7814096160398014,1784.0031814337308,0.0
R76 (reported),83,0.79,17.421232480213774,0.1605319951963098,0.06569284793379669,0.06233365684486058,0.05533055482176752,0.03720784888078732,0.6060065266242866,0.6261533067760082,0.8700228478661562,2.4226540373261685,1.7239745334670837,1740.3073402515183,0.972139000720432,0.23238546038354002,0.8642465592497786,0.21074308520181262,1.9782171716130739,2046.8267245122115,0.7321966154748623,0.23479163222199873,3.1079485392945116,1.421927581067365,1.8390005629088972,1936.7835456940265,0.0
R76 (reported),84,0.7866666666666666,17.347792791201982,0.16269095344247392,0.08542234094749826,0.08094295993453994,0.06886704638807876,0.0343202741174462,0.49296121852531816,0.5195493436618925,0.7926872155725927,2.1674998120093107,1.74486126177561,1612.6366605891671,0.7258733208136903,0.20089519729066296,1.5408195639246003,0.14145937430004096,1.977739472979793,1944.229594385164,1.3547146078988703,0.09740737129919808,3.0407084955662356,2.488183307045631,1.7080010899365918,1623.998123954687,0.024798613889515764
R76 (reported),85,0.8066666666666666,17.404355801847203,0.14844163878609734,0.07652748257456324,0.07318107150985789,0.05292732615426708,0.06087667060649138,0.5158451172242207,0.5370163514298328,0.8094714636266779,1.5386214306648753,1.823647628661917,1804.1052128711435,0.4829233347410309,0.19884387480888677,0.7006541352550926,0.19884387480888677,1.977645048857548,2061.5193729581915,0.46990986394575884,0.19384183537417243,2.4590797695851734,2.3832373351487774,1.726565340801363,1708.3261006896046,0.02089524436433976
R76 (reported),86,0.73,17.65567478660111,0.17721558014285732,0.06655593412128123,0.06430869761505174,0.0441114407958988,0.10562283881056966,0.6641034192833555,0.6754448431318827,0.9052240541454842,1.4963603332874982,1.8573924656846228,1886.3238227066959,1.1651873756368047,0.21392906153025137,1.2103449867744018,0.19502992970757305,2.0069706729754673,2072.945356676024,0.6617350207108075,0.23883998768585002,2.2934063357089087,1.9675700484335437,1.8032304294671648,1905.6383380187654,0.0
R76 (reported),87,0.7933333333333333,17.1917937456966,0.16054408536357562,0.09348621961065802,0.09077375052447559,0.05774677491112709,0.02700366028850243,0.4334157543789965,0.44985499277547303,0.8035736906577458,1.9958820007405507,1.746656522207976,1715.0423600774047,0.7683073610542976,0.33532400451210265,1.0344388382289935,0.2884083916347038,1.9429178565653995,2036.7296375610695,0.7338906733403121,0.5734045257091225,3.660780928711773,2.0416767890800998,1.7413927534339202,1788.5341915865865,0.007392848788072115
R76 (reported),88,0.7566666666666667,17.223268710021102,0.17110204207462076,0.07582084942945147,0.07220244466315177,0.04362925894675772,0.07084623803119561,0.5882619130149195,0.6079113243262524,0.8328408589630044,1.4373746318502185,1.8144705834892427,1781.6265492712519,0.6630654060821826,0.25456675247318117,1.891629973242459,0.1921273177495948,1.9576024586567704,2025.1145395195472,1.1092447559090317,0.23149826594672618,4.738105763977472,1.6728075181748068,1.7874093321906763,1773.3986583773021,0.016616344517700554
R76 (reported),89,0.7233333333333334,17.141609891844837,0.19721174842014433,0.07029367478270272,0.07135842519257467,0.03801818334805748,0.022020619418214538,0.6514114140079141,0.6461312826026474,0.9021206105905387,2.603750835227487,1.671018282177739,1654.2731917233468,0.5515338636860747,0.18206847499064338,2.116730588872855,0.15811449594195892,1.952125907350661,2013.870358535547,1.4633769007163266,0.15397339851304537,3.534097418130159,2.187080934630046,1.7189113741949285,1738.6582892764327,0.011535700695048945
R76 (reported),90,0.72,17.546414668733973,0.19082670753013858,0.06948556829547972,0.07090307914180288,0.04738954639774033,0.06185109311459691,0.658392628660641,0.6514238124598675,0.8151588421798444,1.5327032343784595,1.8406564864959605,1896.7167466221163,0.7347976043936058,0.44683967319826934,1.967567255691506,0.31780851739779337,1.9802995573972273,2101.9187283154133,1.0085679248882684,0.3437642735629822,2.1794809082672373,2.15237463935307,1.7694298882312036,1876.8818158849172,0.0
R76 (reported),91,0.7666666666666667,17.207222297869208,0.1730129585823667,0.07284162292066614,0.06821960679427065,0.03664145638443731,0.0329875291373154,0.5928700466177661,0.6187036446983691,0.8228069855223415,1.1090319470081056,1.8503667067828429,1786.0822053999364,0.7031884850278232,0.19594106214694307,0.922828258175258,0.19594106214694307,1.9553196820421774,1918.2656278644827,0.8196836446402926,0.22892201335011464,1.9082106949297497,2.2491517443876603,1.7193184542255433,1672.271553254417,0.015915046436560942
R50,42,0.45,16.704893600086038,0.22474894258636424,0.0675688375763112,0.06162249018638872,0.02648800026415416,0.10224114185909283,0.7300965167161686,0.7538491803836943,0.9093818503707393,3.4191667759873496,1.5270950370771945,1486.9732837171123,0.5665635251346117,0.3032812918570045,2.9794863645997367,0.2855488159325006,1.8872810094558914,1940.5432356574474,2.682000526198678,0.28255703753191597,3.30737844930006,1.7795595622159368,1.7155556363396027,1802.769535157062,0.014455819517721125
R50,43,0.4866666666666667,16.96067436214892,0.23169099672167828,0.10006238202790767,0.10680676023994432,0.06076145122173221,0.07351624347251973,0.5998714973820576,0.5729021418622315,0.8833863052723054,3.143763466713196,1.588150677453744,1607.6935308697957,0.534270642543305,0.5005896873868636,2.513752435338887,0.31152230178142304,1.9136956389027358,1996.2499428179253,2.1205298239666632,0.3134699537706638,3.5857864027648674,0.9878156813214218,1.8359607677001766,1943.0444312601576,0.007588387299861665
R50,44,0.5233333333333333,17.13499951032236,0.21890589276260547,0.07186062375961735,0.06924983413070206,0.03978456110682484,0.12408793612987457,0.7124628009144516,0.7229094001509275,0.8961895635903874,4.854843944054593,1.4115121338915233,1389.9705332879494,0.6038177279904176,0.3128736054810446,3.5198310519087244,0.28587764573141783,1.9366806738683056,2062.8749952545622,2.7017577008823537,0.27272114354602195,4.053581265680535,0.9493347500501983,1.8604212365990502,1976.8086068730008,0.002745119403471108
R50,45,0.51,16.92800670728063,0.23468382886520586,0.0886702183386184,0.0854612510349761,0.041393126920760887,0.06112299053652681,0.6452655906255416,0.6581033973039055,0.8821007370818864,4.808054070561383,1.3930980040604768,1370.2511285585133,0.903769594625885,0.4102069945780329,4.912859585247986,0.3472886797192132,1.9058296581213316,2006.5749111034074,4.6125468098810245,0.34841301482919107,5.546018338489489,1.7857480427456665,1.740489501470629,1787.837413424062,0.024337447153541802
R50,46,0.5666666666666667,16.9894416610709,0.2270512453278815,0.06873530203901174,0.06859432836364537,0.03381585078610969,0.09133677219898884,0.7249200667256759,0.7254842459474564,0.9420661203724998,2.1156285608286254,1.70963368948651,1699.2837583097353,1.0651682428411817,0.15753872765709787,1.5203870608698224,0.12787652840161456,1.9381109345668013,1980.8871350862955,1.6766356821995032,0.8223035631751117,2.9672263067627824,1.0671456444274696,1.830148967219917,1873.0550482771941,0.02237240675761143
R50,47,0.48333333333333334,17.208211859473522,0.22987290026899923,0.0779165152491541,0.07386018796383297,0.05040239828872079,0.08085941543379427,0.6884529177225185,0.7046720328416083,0.8769209861836316,5.044818407775935,1.39809120118385,1343.4335389969947,0.833438241319314,0.48812467340653143,3.8026400819265262,0.4408687795837949,1.9272808135589017,1914.1775117404268,3.4211533554495617,0.4256652985459368,4.824262070698012,2.4851567392307174,1.6923051860402871,1667.2878129614237,0.0
R50,48,0.5033333333333333,17.21152643901398,0.21877774138572548,0.07573320540402002,0.07259764366540615,0.046573486323354736,0.12485428620301697,0.6970551497531867,0.7095978947258378,0.9330562205325649,3.914963765037143,1.5283405370630454,1496.3119834349036,0.9674136860677294,0.2981319686485193,2.580638107710101,0.2220254401070605,1.9528162065464485,1933.6777071282904,2.5302481056885,0.37663553789366233,3.147020916089147,1.7616566814544825,1.7758470983659367,1778.0949429016964,0.0
R50,49,0.5133333333333333,16.840295435912722,0.22801884762249633,0.09162875530236331,0.08941751727456912,0.02934040554899793,0.0877412205453264,0.6334112844326207,0.6422580149785928,0.9108719754075558,3.7955914891107057,1.4993912580807613,1468.0263083597201,1.7986211351388732,0.312495787400195,3.7117095216737113,0.312495787400195,1.8997470858175607,1912.9675697496514,3.2201950728039463,0.6548958638046685,4.894139290769104,1.1214382478946021,1.806765193817397,1778.597275542379,0.0052772361632520415
R50,50,0.48,16.842319173971816,0.23589899335748338,0.07454656811171145,0.07287401181747953,0.03665423672425139,0.0568425866926503,0.7019523171740083,0.7086394328993737,0.9309643112906766,7.580497635588074,1.064577188197605,1036.3489795352198,1.127446507581837,0.6334267541191423,7.094750477888155,0.6111032284681954,1.8656570050158576,1913.6981557742347,6.78947754006262,0.6225159222732373,8.789772257348744,1.433503252145556,1.7711282666730035,1764.3813904677354,0.021589737776338325
R50,51,0.5433333333333333,17.104671631135673,0.23794041099201726,0.10568119168994403,0.09950330953721798,0.06268901144575317,0.04777455098329442,0.5770692343094522,0.6017928051494186,0.8563342395189384,4.178713097949668,1.4857423599655473,1514.0299127271464,0.7200435704211685,0.38718563838132525,3.607813003606239,0.3416349963888621,1.9267858198643704,2015.5645829021414,4.003560339278053,0.3427013630005291,3.6227614363229037,1.1373880780251397,1.835319948422438,1869.6421523793724,0.014261672806028969
R50,52,0.49666666666666665,16.964155215022814,0.22628155171741515,0.07848190756905474,0.07658887674103423,0.03721559571366516,0.09495177914483488,0.6860994178465063,0.6936708887415951,0.9233324119414916,5.053877894094072,1.368997393052844,1387.9015304777768,0.9946221436892699,0.5843068647604923,4.3849058637390215,0.5259173604487302,1.8894526267453595,1916.999542685553,4.269233485206172,0.5209244728697797,6.839875796294294,1.587772812737569,1.767400275921591,1833.133945979911,0.008203248601276414
R50,53,0.5466666666666666,16.96095683634688,0.23044521285834316,0.10903435573070401,0.10176964541084908,0.052042721066456195,0.07775753653067519,0.5636441669383345,0.5927175603869217,0.9148554537032072,2.3992214865030093,1.6737626836977135,1622.4939105563171,0.6522172476851296,0.3199564046779244,3.1644937679987066,0.2465075295328205,1.9212010695279147,1937.9589684102757,2.4303065582114414,0.27881029603635454,4.784793379654857,1.3486110768857458,1.7945225008812196,1761.549405756854,0.024565729766365507
R50,54,0.5166666666666667,16.940961048771598,0.21702172804496087,0.07062338263276295,0.07366159179325715,0.042738009355931826,0.13169820834118573,0.717436543218706,0.7052806983581176,0.907246333270317,2.969966451402186,1.6058614477889137,1478.4356557216943,1.668516801092352,0.7977937618319402,3.5789422619965165,0.6722459651680452,1.869967250773975,1875.148449757453,2.552451147860083,0.7722153899484567,3.8212904896692805,1.9318816940690198,1.725181534824988,1695.34891473885,0.01583815665632926
R50,55,0.54,16.97331363147761,0.21789190457191002,0.06853390005329103,0.0665255581555389,0.0382979593535623,0.1280225938945765,0.7257355085487598,0.7337726532146682,0.919102199988973,4.428424139836636,1.4419413207125322,1439.3320001794236,0.7357408084013883,0.5323285922582954,3.3970425175228485,0.4416510849630271,1.9001910970821136,1967.8048042432602,2.556311804508695,0.4107080008675439,5.902673751399703,1.2519055949757387,1.807058394792507,1808.2128677698674,0.006148477556209286
R50,56,0.4633333333333333,16.916123220708613,0.20032293985117056,0.08878142984643674,0.08454643483754469,0.03957812708987441,0.1994571032966902,0.6452061702192873,0.662130318669092,0.8616191122245552,4.173995576626368,1.4646123727146703,1418.4378945097924,1.5513719199162352,0.5799067138087253,3.3193496672193987,0.4490561114195799,1.8927663341834786,1902.4962507323362,3.7691422428743806,0.4447859435840229,4.216795629988638,1.5327221338941683,1.7682070212696823,1826.789699380257,0.0066768326554722535
R50,57,0.49,16.730053079777264,0.23567387759258157,0.08662360794672047,0.08199374612390206,0.04186683340705012,0.0575181519961413,0.6535841013337801,0.6720993511838966,0.9064280732792602,5.5805205383075815,1.2815554643894398,1241.5752923268956,0.8864579131361978,0.2881172364836857,6.447852047196307,0.24177518042277768,1.8952043560298022,1951.6358799136342,4.248040098814812,0.24310519261969432,7.181501237539749,1.7805938221954847,1.718328650099247,1707.8303927612578,0.010715759638912914
R50,58,0.51,16.855476123156805,0.23146575922892348,0.07981076295803816,0.07840974211562475,0.03313950468974079,0.07399721204112553,0.6807087611814975,0.6863136904392207,0.8889061668170766,4.377746686171562,1.4342217742012666,1380.6912099645178,0.8062594397964915,0.5056756956914938,4.670927891882002,0.4594614818243059,1.884599383844586,1939.4203846223936,4.272778829775646,0.4514208467263501,6.316870623951985,1.5466840103337205,1.7596312771337301,1811.7629511177129,0.008563423830068473
R50,59,0.5166666666666667,16.986749862150262,0.22523882076453902,0.0738612017555636,0.07341235708622253,0.0423172704376672,0.0988217014821211,0.704482060869305,0.7062778839607358,0.8963791827031001,3.643550416460002,1.5337010855352364,1583.2569440782172,0.5765733615343009,0.31912389154557275,3.2139163823530197,0.19301048101125673,1.9303148711734124,2006.4600642111745,2.4997252176543725,0.23253137324373085,6.09935881781513,0.8688623677983145,1.852630746264289,1969.0536209606307,0.0193461963942525
R50,60,0.49333333333333335,16.912280800236687,0.2335340241362466,0.0906565735858856,0.08624998627441255,0.030930651690174712,0.06600830067233565,0.637429759831031,0.6550533844249243,0.8285392849048879,6.390437509109432,1.2094072747032008,1181.6074018519066,0.4742797531492897,0.3522541686404992,5.8062126107573135,0.32109424023265376,1.9070329377122985,1951.067781597485,5.044791038624709,0.2910020051994877,5.876549156285563,1.227595283031306,1.8028374155635105,1875.5565093095902,0.029368506322839494
R50,61,0.5066666666666667,16.88344948440742,0.22259499847481698,0.08747854325260918,0.08306016230019904,0.044890391906472746,0.10953350199260026,0.650051831376829,0.6677270722425863,0.8671686960766332,3.0821871049843423,1.586351997452497,1580.319814367409,0.5272106935793914,0.3407576097475413,2.1030767336515197,0.7572514534081876,1.8535859803615684,1908.7819605963705,2.128680696327436,1.0454068881752505,2.2954244766218324,1.6009609803056293,1.7566078738327795,1805.926813334434,0.017251576749330866
R50,62,0.49666666666666665,16.966075661939342,0.2330689810406536,0.09855544609077922,0.09551373636407211,0.04528922542892332,0.06780440108173669,0.6058121819341313,0.6179779725415424,0.9053127244239548,5.029656226231822,1.3720022338316686,1457.470697084198,0.828482820619385,0.4739534703823267,4.424168600325473,0.3510036673830541,1.9097783899593688,2076.5153027873566,2.662004138221235,0.34458000241620823,7.066561074390762,1.3705217102169343,1.7925924080379096,1883.1505074159995,0.022675235617867884
R50,63,0.5,17.10043580620416,0.2157380802199837,0.07671036326976659,0.07269634561298584,0.03904201145447371,0.13706614460272215,0.6931651127246208,0.7092208397834069,0.8889706782688369,4.143415603558594,1.489312666799569,1482.3701635561738,1.2516347303463817,0.39036857749960063,3.5091082672270915,0.2685410760736744,1.9347005434707796,2027.5988801617714,3.3532570453952673,0.32317597111381247,5.071529951071938,1.7537831313563856,1.7639830658717,1791.6996161809693,0.010316918407625053
R50,64,0.43666666666666665,17.11010064378931,0.22489031645588922,0.08222635834852046,0.08207791709285071,0.030511034312264037,0.10212561946040555,0.6717113403115977,0.6723039918876256,0.8479398990515645,5.88069295510212,1.2907365157926955,1280.8951558788394,0.6927007564644754,0.4202323987051102,4.814769813337421,0.36196445390487497,1.9250731250528,2041.1382823191925,4.056299813002042,0.36759420340631266,6.054189381245649,0.7781355288784084,1.877237369314214,1981.769332191945,0.02160862259636076
R50,65,0.5233333333333333,16.787458066330856,0.22357267648312046,0.08115600675899984,0.08004268908733282,0.037201944566787735,0.10541465096297087,0.6752690186699417,0.6797237565814078,0.8999935101536432,1.6131630328432038,1.7441718427291355,1720.8223861386487,0.36909637382343874,0.16185823403711197,1.6571847703287403,0.1581064286382059,1.911419728250716,1971.3329455360108,1.4886887117035883,0.15705076837497245,2.848110407969415,0.7246290917649674,1.846302180772366,1957.0701003520226,0.017354151699237264
R50,66,0.52,17.05238942815224,0.23529233709335615,0.07471980061770858,0.07498387068827164,0.042935243959926137,0.058557398445171605,0.7010340228237721,0.6999774358677548,0.9311763130263716,4.2659453515646675,1.469706215530789,1416.1825642775675,0.5874913086229014,0.3619444184218139,3.6536769932583013,0.25298824646741025,1.9309656528452714,1934.0612934265428,2.856574899988047,0.30150311908549554,4.848541080329213,1.248555119484294,1.816532678948438,1818.2704579470028,0.018152576200137105
R50,67,0.5033333333333333,16.920799739554354,0.22564371298429953,0.07644280573382874,0.074280561977433,0.04409411597066579,0.09738930929318623,0.6942166357288275,0.7028659541814655,0.8904466999166099,4.023564581899706,1.4824408225485295,1378.5384233909099,0.9039551224162494,0.36215728734507024,2.840182263554638,0.24316411690097084,1.916969611578898,1980.0606385686515,2.3767472368166125,0.35634427430306914,3.920252837669267,1.3596912403807693,1.7886331606189598,1793.8514338264868,0.0
R50,68,0.48333333333333334,17.154775361495865,0.24201377025453533,0.08042702328676367,0.07555619930461961,0.05299126432005614,0.03231447463133552,0.678414719124309,0.69789057729214,0.8832674394488984,6.928197138380796,1.1754687611424828,1147.0877769292638,0.3186688380416314,0.2553301321053709,5.872540435789233,0.22145632821289496,1.9463585093490356,1948.3741338234613,4.36431369629058,0.23314676037270488,6.8885296105884635,1.722080411096627,1.7738729826006165,1732.963225117026,0.0031438250047131078
R50,69,0.5033333333333333,17.143062805256605,0.21101864219522934,0.08605792165286821,0.08501502305719204,0.037102023401979545,0.1558919153351157,0.655754644893239,0.6599264049185047,0.9166967249390516,2.976087191888837,1.628388001349354,1639.7864525760106,0.8498554018276252,0.4531195393627456,2.4129516853185464,0.36268020350125596,1.9287796091754674,1999.3687973468732,1.421064806774865,0.40093360701341396,3.7842821188127402,0.9710154347433502,1.8588560193855628,1893.4670299338068,0.006539736085969139
R50,70,0.45666666666666667,16.78173198353069,0.22734486490383038,0.08406886290730177,0.08068121628598715,0.032439838720283325,0.09166447259607058,0.6641105794958028,0.6776456104353914,0.8832622162037851,4.264648949764208,1.4387451761296248,1359.635547392696,0.7158860805488132,0.7934910678598328,4.2195654346189855,0.7934910678598328,1.8377288406704744,1811.5348638728592,3.482308423191455,0.8093801955065061,5.201170906828153,1.5768950072263266,1.7476824108685838,1662.8155839067367,0.01067153251774755
R50,71,0.48333333333333334,16.579414463970508,0.23391199427361622,0.08985133641410549,0.08423907626091678,0.05434303132394086,0.06470920712225692,0.6407318575653203,0.6631723282423901,0.9186451641736149,6.175430571172981,1.1958602174254787,1131.104728592918,0.5833768218174242,0.303829246961854,4.90576511815425,0.303829246961854,1.8707569212802178,1825.0877150934448,4.645775703633902,0.3030118556483785,7.871763726150377,2.287789763129325,1.6427154826664903,1650.0695579011972,0.021320838139942566
R50,72,0.5333333333333333,17.242586063020212,0.23493126408958376,0.09192408122513171,0.08803453043527161,0.07101324990882842,0.059875661623622234,0.6321474437319685,0.647712257453416,0.9201579439677856,5.482649903129754,1.351716799832039,1352.6928763497835,0.6765072273995401,0.33513918008429755,4.53555012146829,0.30576859998370765,1.9467606277114646,1976.9796654536876,3.9120200551107303,0.26733349324501887,6.40682073425765,0.9520793913560652,1.8724720310105372,1954.6607359679583,0.008642264446763193
R50,73,0.51,16.895697303177258,0.2281950528761712,0.06758586549409587,0.06835479917947836,0.03776757732169726,0.08708201219183809,0.7296157320087722,0.7265395330116001,0.9180493590121177,5.408002441501324,1.320424696592587,1340.8220303794515,1.1170354038604842,0.23733097458426755,3.4764036641811344,0.2197126670377827,1.9167798430141025,2021.99324637075,3.6736919498061127,0.6187973760359853,4.6631348863234905,1.4086495023895367,1.78012043666754,1829.1158566097802,0.008387247710572865
R50,74,0.5,17.00486390080343,0.23185650045971967,0.08894847444159391,0.08415355053865618,0.047768280007206655,0.07259384325376228,0.644213715523362,0.6633930007273441,0.9056369883016122,3.8497081959203996,1.5120868624564299,1476.1147692625545,0.5028495903184336,0.33721366694383903,3.3924424716275183,0.29662517113597175,1.9204872100858583,1947.7894011638946,2.56745602835899,0.2707059320246685,3.722842206526593,1.6326475696335905,1.7669214171727488,1757.9695252803558,0.00668389630271804
R50,75,0.49666666666666665,17.22971289579698,0.22490042819586942,0.10366013812300606,0.1014888624142725,0.027603769863026987,0.10047579723852906,0.5853951730939677,0.5940795276171743,0.8988171090066396,5.4964443335773865,1.3486515587207977,1354.3676902131774,0.9099687659535078,0.43672240842060717,4.399312454353861,0.9211402398888566,1.874548580923399,1916.778201085308,4.606204308658349,0.9339849315292099,4.986389607019731,1.5258840246387848,1.8050378010750752,1829.272548873756,0.004438504747668048
R50,76,0.52,16.899497624914062,0.23675557347095244,0.09484198537869992,0.09053683313555438,0.03446608038625705,0.05270275362744725,0.6205219151862067,0.6377475238819478,0.908565990627488,1.4926863551715144,1.7708978468932928,1693.4094305769886,1.2145757391177625,0.4879680582422168,1.5284173130959857,0.7257924874793673,1.8590465673075456,1767.2772214463694,1.3419360285424773,0.5837040658064723,3.4788668311393423,1.979158732973886,1.7149814816350797,1682.8890623123007,0.007681412861387571
R50,77,0.45666666666666667,17.303869370323852,0.21278107598091803,0.0789243986179266,0.08208889834001037,0.05818589561467237,0.14985275363725026,0.6846648140745207,0.6720213460760486,0.9258085333994122,4.11587142504834,1.5158618326160516,1608.8619501856192,0.7910056366500839,0.3197583095531513,3.385507352514395,0.1666802419528608,1.969791853609333,2107.870479259993,2.5038667462114432,0.24893342465695412,4.715818950591498,1.56543416731256,1.8090155403680774,1886.3684935322672,0.01017549320815192
R50,78,0.45666666666666667,16.81033203924116,0.22119824271463107,0.06347319277161684,0.06368643741398049,0.03141772838576069,0.11622273702109209,0.7463986879289901,0.7455466885457211,0.9299992737043749,1.5816488199513117,1.7504233583378648,1726.1969712901682,0.5175573094959134,0.24001290287976929,1.7271682364235517,0.1648562101290878,1.9132730835860687,1944.576196773034,0.6740058671119584,0.2254661447060613,3.958358717337134,1.542538256778201,1.75491882536874,1767.3098703592732,0.011182195149316954
R50,79,0.52,16.992443006072207,0.22916405148831814,0.08533973444613864,0.0827802484239918,0.042659297616577614,0.08307765785671739,0.6585419542112255,0.6687828707200241,0.9238129290635589,3.4352874689642903,1.5582937397183474,1544.2874127370342,0.38893124616228647,0.1859927256984406,3.3328696633093102,0.1496199293014513,1.9359566752683675,1983.7743157029763,2.584511093126551,0.1599281533108723,4.614864519376141,1.2599799802524672,1.808329083219702,1775.0486130376758,0.001508362564180743
R50,80,0.43666666666666665,16.620848014015266,0.23450169841665433,0.060953593918309415,0.06285573331334901,0.05192284110946428,0.06375218586774978,0.756642832632597,0.7490485428564246,0.9512427259813286,3.986552131067228,1.4522179174133125,1426.9295732254177,0.4883270543999316,0.23721830182743986,3.212196364579512,0.21814029591563155,1.8853687030131336,1894.9253342799566,2.7414067526479045,0.2643866964204733,5.335058621423471,1.5170539120566815,1.7360682873818982,1710.2212723431476,0.019099601729024585
R50,81,0.53,16.918544634841012,0.22905922084163743,0.0764527361069042,0.0740420854211182,0.03474693220462434,0.08339959840300537,0.6940677246639826,0.7037141531228881,0.897826503342649,5.817092201235482,1.2760290152102873,1297.661967360591,1.8746143134579683,0.6694608239709225,4.253724116129831,0.6084875350354935,1.8747192066587124,1933.6940060628622,4.514517720732854,0.6750339529511109,4.789641205504637,1.3397039964697797,1.7906713375379952,1856.958874085416,0.027072193095307284
R50,82,0.49,17.369778475025882,0.2312169958090544,0.09447637922385987,0.09220639823285208,0.022387358420702767,0.0753416385131116,0.6221801355619583,0.6312580015570906,0.915744605410039,4.3785355236176855,1.493246316082178,1559.241274608583,0.6360205978448761,0.31926637378852263,3.5079371345828463,0.24902367962901906,1.9679028498194204,1975.6478765095853,3.1912920945955108,0.3055072411752491,6.068693976216835,1.644928934249691,1.8074539699964063,1798.0187670032356,0.0017744615036434652
R50,83,0.5533333333333333,17.03374228765469,0.2304811215455257,0.0862277352846219,0.08188878602391755,0.03303722959399667,0.07759913852917422,0.6549108370530767,0.6722756021545053,0.8535761125652768,4.792306793753369,1.4070615508614088,1396.3594284445371,0.6598625220579777,0.46143144792344515,3.253444952104786,0.37817595997924514,1.9144329110070126,2023.531000222105,3.1947413744245807,0.37406198696238846,5.513324005583144,1.7189497274997194,1.7603209837235227,1835.3497835122325,0.010462388201091244
R50,84,0.55,16.783157813079796,0.22475285597950237,0.08849297184476161,0.08790724545241818,0.0383325669278594,0.10052955436482247,0.6458473798969289,0.6481914817186627,0.8799820868912166,2.619469419575239,1.62801015998581,1576.2009057522173,0.7441916754312388,0.2720514124682012,2.50095538536479,0.34044906997407054,1.8899665219788226,1871.901576629958,2.4592952943666404,0.2831534479445139,4.190768449760952,1.012772212327235,1.8126879998781462,1794.1106041999974,0.0017794326672344596
R50,85,0.5,17.09457782262247,0.2143181462816577,0.08672561012054336,0.08670858294576105,0.04752324826388727,0.14274575882085028,0.6531049825478635,0.6531730897896006,0.8286920202245143,4.021634111506643,1.5026372080015158,1452.503262530252,0.5859815120873861,0.18947536732883918,3.9547045700788033,0.2121870494443101,1.9405046863491553,1997.9017034010685,3.108116376592534,0.22682499761620534,5.555123234491944,1.5707717198409625,1.784345528850248,1768.345478086303,0.009985834540287897
R50,86,0.4866666666666667,17.148415400788238,0.22958416926462666,0.07156019720294138,0.07250202046756454,0.03237200495481573,0.0819410050920194,0.7138457632772354,0.7100796093543824,0.8967477423999408,4.780194654944424,1.4216345683243883,1438.2761907830572,0.7814643210495547,0.17435185246425533,4.685082696790317,0.14165442497690606,1.9548001119375322,2072.367234586267,3.6079310616960925,0.13583392638093983,4.863736071229241,1.6125609861865513,1.785730392277696,1911.7006005148687,0.011957821404763536
R50,87,0.48333333333333334,16.62325634710737,0.24062629631118806,0.09755149003880047,0.09284123565218048,0.043926360493869686,0.03786225172844593,0.609943001220925,0.6287768261968449,0.8547724622040394,6.014897114394159,1.2193516358038918,1229.2549285386267,1.2192324464857478,1.0304784340681863,4.38732931562582,0.9275726614020527,1.8041015728622087,1868.9262307058998,4.899916020619003,0.9725879984283097,6.116026626642622,1.5203377063390064,1.735967659658896,1757.0872905129963,0.012225805759854325
R50,88,0.48333333333333334,16.88262592018009,0.2254636656274152,0.08404832934029091,0.08397614145772797,0.045214421147987544,0.09848962108749493,0.6639350246538555,0.664223665953025,0.8937932048528962,3.996788937673358,1.4811306874742067,1489.1619055918927,0.6786022465444717,0.49063714736408315,4.359229573303665,0.2718894076061673,1.909280058697085,1942.2144783754084,2.2289628295397677,0.32235971445570044,4.596468291521802,1.2140386169830748,1.8009870461374742,1850.3705048148859,0.010057874945829326
R50,89,0.49,16.963499395718372,0.23380170787824014,0.08335014235065326,0.0798904774112435,0.044487518317548096,0.06500513354103576,0.6666749959881803,0.6805105192072869,0.9010370428316004,3.5531733018484033,1.5414167922216724,1535.2310849397054,0.3216750315764898,0.20138490896853511,3.8850066287658933,0.21664149012353562,1.9249261958241275,2048.0707653414993,2.509856283046531,0.18288921022086413,4.929549581912795,1.5969114658516617,1.7662744744943029,1813.0467488928007,0.012606079532105241
R50,90,0.53,16.94815760900792,0.22976409398218134,0.07697680511961683,0.07928154981372967,0.028934054150390444,0.08057898720331846,0.691970616912756,0.6827479804939283,0.9110570516056332,3.6371172911619283,1.5300046340593088,1557.1533879312483,1.2862608579732893,0.8722317605509176,3.29780181770343,0.846380100555038,1.850779023747368,1932.335935247358,3.688775923320506,0.8658404819024952,4.881319869389898,1.1001755519907874,1.8216071327810948,1884.4317934302526,0.009784885235916363
R50,91,0.54,17.10236216533488,0.23667695573976053,0.0740823970471636,0.07183325072944304,0.04191888903491372,0.05284706030565389,0.7035310855528425,0.7125319007778537,0.8856852097891191,3.4882945503428004,1.5648353578652003,1484.0152732290608,0.6045522728300483,0.11197546005294612,3.1421583353374842,0.08029157916344332,1.9565598372660777,1914.5500884317735,3.1469927293361764,0.3091090505462972,4.0169680208316265,1.7777257617281634,1.7614524599822141,1658.2242534829165,0.011206066914724033
R33,42,0.30666666666666664,16.37063844166213,0.19346110168529615,0.08638950642143046,0.08174596607068818,0.05093347722113967,0.09354877119184268,0.5952267739112769,0.6169838238829948,0.8716369171897834,9.13949223481044,0.8311662305770716,768.4029365810493,2.304961333859957,1.733959414543456,8.471122024000074,2.5625084855510423,1.587141374083212,1561.060296906574,8.56343372317577,1.733959414543456,9.025415798117415,1.9014274302039595,1.6631277022752922,1588.8579856502638,0.01504550248559866
R33,43,0.33,16.512329471770386,0.20881407520330098,0.10412053149312275,0.09875936152366407,0.04483231953824986,0.05565600345717481,0.5291237013757382,0.5533691391900946,0.79954507679531,4.122009043599647,1.4241747616950071,1305.3848382794204,1.1708868338274812,0.8156740599673213,5.571452730970762,1.0905023506673075,1.7726238068195923,1763.5597572027873,3.5919466686991797,0.8332613050781532,6.165419264298464,0.9844626266154677,1.7848122808471383,1734.5666602293377,0.0025770061755991946
R33,44,0.37,16.505606463759264,0.22202835974757482,0.08963526115634333,0.08747091799970134,0.049519905909667726,0.05283935020848529,0.6176209548293904,0.6268539225140027,0.8777719949619859,5.239022774434503,1.2950096193137643,1250.5190775023448,1.1535725277901463,0.6822453302538918,5.840301605597247,0.6238146001653888,1.8254933174446413,1817.7721651397333,4.465016674476942,0.6456382361331094,7.109209503921022,1.4551018328957923,1.7299430608199455,1748.4017074944932,0.01892888539833848
R33,45,0.33666666666666667,16.430810922426843,0.2158184773968631,0.09274834148251479,0.09097819853362948,0.044358998831054645,0.033622336709157596,0.5846976283168028,0.5926238570033713,0.8788063921452406,7.630311257198741,1.011551685542132,977.3910784635291,2.1613874049918707,1.380125082526476,7.605212211319241,1.7779860626225599,1.6842327423126493,1636.3260202736938,6.169226915992638,1.4170428126507773,10.057795018651092,1.6377667444826045,1.7003499053153894,1634.583631395216,0.02912412964548139
R33,46,0.36333333333333334,16.12551672096781,0.21989552697348613,0.09156947576343344,0.08877901919161488,0.035909080525253975,0.05294950467680104,0.6056267329680531,0.6176447276716803,0.8563363705751601,5.374432058322313,1.2357568576333031,1232.5878406361862,1.0000996290974626,0.3445316767649871,5.304480360958237,0.8048771356172324,1.7609930555850093,1760.7450538806079,5.315818664986935,0.3622789262893491,6.8911993254717885,1.6102640361332732,1.6684198486397832,1598.8235135816449,0.03409035426095386
R33,47,0.32666666666666666,16.39847252939684,0.20647833824578868,0.08664515102653554,0.08221612119799411,0.036789800892292134,0.06154273863962767,0.606192243538279,0.6263224675544594,0.875182964639774,7.130370069802311,1.0652991331642794,954.6538474599574,1.6811808764613119,0.7516078948880249,6.666769970131753,1.1990689289885097,1.7470578849035945,1664.0412208520547,6.521783556051531,1.0280964933437104,6.789455126288686,1.0703799004826493,1.7618497272588896,1694.8335344610205,0.011546093474294139
R33,48,0.37666666666666665,16.547033348294207,0.22486556213959225,0.11209541905738969,0.10926266569173819,0.04741288454869576,0.04976943304091519,0.526310331422398,0.5382809009088332,0.8501547674233313,5.7380372925346705,1.242413339599669,1141.0659605961964,1.329279380949373,1.014585060345027,5.105869572549366,1.6156011509649488,1.7162565742083906,1599.5701637793327,4.858990538213533,1.0311248207408994,6.860475756267746,1.148767272765113,1.7699156406619743,1659.018068708814,0.014233910368275815
R33,49,0.31333333333333335,16.229557072882898,0.20192156369220662,0.10351602641071676,0.101780510067474,0.062115230720439306,0.06353300970741671,0.5199158528325474,0.527964788948343,0.8482147860874405,5.562213734901491,1.2261314180178475,1110.3063767360018,1.6913086251603886,1.6016058701226896,5.557889195169821,1.6016058701226896,1.681373701273429,1558.741291334416,5.3884960368159085,1.8159577431212952,5.692373455084237,2.0885386921667077,1.6254044113897452,1520.3630164377319,0.004154957594117548
R33,50,0.30333333333333334,16.128766221921666,0.19498103109403814,0.0866338887703165,0.08494012144156372,0.020985046286790578,0.08171394310225322,0.5919875299344213,0.599964526019094,0.8718166648602752,7.78468246144557,0.9590900873008051,943.961190617445,1.5524845972897339,0.8596461000388302,6.220147232408479,0.538393147727767,1.7919969048737816,1714.5412269890812,6.543625788086686,0.7606576346728389,5.963865695122891,0.977208004507176,1.7415584155945896,1652.773773998546,0.018290390217721608
R33,51,0.36,16.174463370060153,0.21288438508835558,0.10503106215165768,0.1003973555776992,0.03377747197970497,0.07873697290878945,0.5454751920095904,0.5655276845548078,0.8324141826842103,7.50203535530062,0.9968308061796207,976.8157125093858,1.6660737453995296,0.3903208295451037,7.048855586345994,0.9133750683752737,1.754148080451808,1744.8342589591375,6.094736129761486,0.8253887693298765,7.047602245453504,0.623848991310723,1.7874269398806897,1759.1169017745833,0.03176050125816232
R33,52,0.30666666666666664,16.401912765696544,0.20525566325027328,0.09244158579343084,0.08789501332729387,0.04141489781970829,0.03828600916530189,0.5668700927190122,0.5881728050621853,0.8487578176184414,7.896115320382712,0.977677867165075,928.9577229036431,1.6038477459135052,1.3573742779514575,7.829357828001967,1.5340405513402615,1.708950829039923,1633.9510048051225,6.508410402626559,1.8444962934109483,8.7225433010505,1.5972323004548983,1.7016874096022938,1615.6201184023448,0.010985644406076744
R33,53,0.36333333333333334,16.629210218405092,0.21577585903912233,0.10940983391495318,0.1082592939607863,0.027674471336125762,0.07069217371379677,0.5287915182791376,0.5337466869834753,0.8312316535195141,7.021716494896111,1.1043096232649046,1037.1308752618706,1.391348448418185,1.31102687193696,6.673645196538587,1.1545458946996945,1.7786970484973217,1676.9045151923337,5.853988717688594,1.4317045227663527,7.733749247443654,1.2408179344303107,1.7687807220926435,1674.256233633966,0.009372597977801433
R33,54,0.35,16.45337451033616,0.21314774188608887,0.09414667555973023,0.08815575089618152,0.041740169374590644,0.0641203614394057,0.586624958280769,0.6129296442190424,0.8361738626835924,6.794507696153701,1.1102145762152005,1030.6601089391106,1.4769037493939834,0.7750567740927465,7.699714565542578,0.8876572403971181,1.7891629043850434,1678.3921261157548,5.897358416172608,0.8079166553599038,7.704081044294199,1.417353792648953,1.7282782432136699,1627.1783712129845,0.013141501374590803
R33,55,0.37333333333333335,16.472056741123353,0.22082586923117006,0.10244864665160919,0.0984130163798703,0.047876437541737454,0.06242384088046671,0.5650264664686676,0.5821608300419975,0.8678150356936845,4.884575773053953,1.3318943639928165,1263.1132437882698,1.1835601830803597,0.7290101976061152,6.326866030219861,0.7290101976061152,1.809545579506631,1682.0085479048894,3.405647726716907,0.7171995569175209,7.010752936531091,0.9838079717472255,1.7802584790340077,1658.4049247518378,0.00811911093333606
R33,56,0.3,16.498031520939307,0.19378016060403713,0.10131226231464616,0.09306445987510381,0.03213849050432727,0.0826407237430844,0.5203856610335665,0.5594309278610055,0.8425323179262229,6.871433253208792,1.106505547887817,1016.7858817005699,0.8246008044196742,1.1551774191742723,7.687679549022334,1.1495919173554654,1.7641884599792703,1688.8157982393313,5.415841504221817,1.1378703485798383,8.678789522098256,1.200921284803492,1.7582885326870719,1685.617291766449,0.00302666309776356
R33,57,0.30333333333333334,16.179796440300997,0.199700362926828,0.08720832875916033,0.08592607218392824,0.03478475754787389,0.05948769578163826,0.5892821373671546,0.595321075246364,0.9286577091441585,7.1016796428123925,1.043461700740821,978.6812211812376,0.6894056773510258,0.7406959299710465,7.887207501671263,0.6957338513787121,1.7797773088669546,1693.0484686432828,7.36318577622297,0.7504893465992879,7.884638590930116,0.9564802454303845,1.7498064589794027,1692.7568258288848,0.007142348986192815
R33,58,0.32,16.697741692412336,0.20749117651274473,0.09455623423977565,0.09393669196416103,0.04353506007557618,0.0474099542033547,0.5658932152264623,0.5687375280045743,0.9250503407605615,7.220671516287339,1.0893184109236411,1002.5489983810185,1.2605630084610908,1.120707477877275,6.792675663854794,0.9187727140746915,1.8136745950027549,1735.3377471621016,6.990318574464297,1.5177833774887404,6.966305221878969,1.1903882889388768,1.7824544139874716,1707.1216501127192,0.029671215782357763
R33,59,0.35,16.431748823873065,0.21293927007135166,0.10776550806599432,0.10352050226608302,0.06020910169375222,0.06503571022471255,0.5268279933643345,0.5454667762974972,0.8356597676639865,6.50649635905215,1.1408336165149517,1109.3811437699997,1.4745322201921454,1.3723609160920063,6.894230983618826,0.9945312071040746,1.7743928293097235,1770.5060586757718,5.158283257630487,1.4753663944100026,7.518375289725299,1.5620711424377873,1.7091583539915076,1629.564856605677,0.014401988875647476
R33,60,0.3,16.163666084873725,0.19202572998784484,0.09910711518872532,0.09504192553029332,0.05598050296111526,0.09094623445840389,0.5308248730002049,0.5500695646718485,0.9100801426777368,6.009356575451719,1.1671620124430855,1083.5959100289265,1.691289466464923,1.1444685074358176,6.0272516651339885,0.8817119769900046,1.7565464489801348,1654.6322917047346,5.633167940362242,1.1502654342116116,7.445266448718272,1.315547796094009,1.706680262881958,1593.1925860982847,0.02516435630440128
R33,61,0.30666666666666664,16.47398763489474,0.19973256352237176,0.08484425737749192,0.08155021452488505,0.03472276899725593,0.06416418566473225,0.6024669523372803,0.6179010068602893,0.8739752543944209,5.4412860021592735,1.2681266243065907,1268.9991876706626,2.782883868321271,2.676126949835229,5.477514395596955,1.8918208694688587,1.6761111222700884,1686.0132925668704,4.207613433209033,2.8197446316043084,6.483638136961645,2.3660643486605863,1.6216003775416727,1583.8721132284436,0.00983790586299449
R33,62,0.31333333333333335,16.416492624406317,0.2012908749065856,0.09431913172335378,0.0904142636462686,0.05171536286660767,0.06645800304682103,0.5625689906670037,0.5806788942789411,0.8876392320683344,6.555138260297156,1.1334890072385828,1126.123213899641,0.7208799347734924,0.711837495287412,5.5909978043782615,0.711837495287412,1.8051327732544562,1810.005205004576,4.660798243101738,0.711837495287412,7.544641102493159,0.8262800019392813,1.791978462146558,1830.8320443034063,0.018703350228882698
R33,63,0.34,16.711419582304345,0.21851464049824212,0.09462826704895688,0.09179416263242693,0.04409838607789437,0.026365415335142917,0.5783653064358061,0.5909932112306209,0.8910311894774713,8.308366705276853,0.9658681466737497,955.0606000875086,1.8676725540836117,0.6762942028509542,8.0949567132091,0.6762942028509542,1.8431178594954334,1777.957815949453,6.720369391867024,0.8195815079556326,9.274124568236545,1.0451410967060895,1.800721664804314,1714.9953186309122,0.020722280234650725
R33,64,0.3333333333333333,16.875795170644977,0.21781062026142506,0.07360795482939787,0.0727993915440369,0.0407039234493558,0.019858107636725464,0.6687661967406198,0.6724047096269885,0.8935337370621228,8.15432699913731,1.0024676058051951,916.5796252850578,0.779288642037443,0.7553132630043109,7.582402814299456,0.6122311294349743,1.869375176935704,1862.3945418645635,5.9013255143249665,0.7483475850740717,10.933702669933012,1.1228199598114372,1.8106868056348104,1774.6764507697972,0.0292850368452946
R33,65,0.3433333333333333,16.737945198518617,0.21542262526060502,0.09145029740387808,0.08899684033828714,0.035577704251843686,0.04484750216236555,0.5945227206861894,0.6054009914421123,0.8730237341447771,4.88819224490355,1.3620405692244855,1281.5589588924795,0.8067372002546591,0.6061191930842966,5.248740095312087,0.5328558728926822,1.862653945260147,1837.7890622045234,4.026511512676024,1.0972682256182793,5.636125085362664,1.6012864257078547,1.7398458357552775,1690.0322389783723,0.011361489802055758
R33,66,0.38,16.4669225870055,0.22558273721890032,0.10209270377796685,0.09775619420475365,0.04910882766226364,0.051211715540712466,0.570603839338502,0.5888429543046338,0.8639002598401401,6.168606572493559,1.1837144842906004,1125.8587601219115,1.551920834667385,0.9090153138199923,6.6263115526337515,1.3817079509971109,1.7339327165832705,1614.74139226863,5.5048417424587655,0.9505807801011485,9.0332810181294,1.14542536568149,1.761091634432519,1657.4202739352404,0.010462310806275354
R33,67,0.33,16.36790077133984,0.21482661245522328,0.10052307388523742,0.09408880303167186,0.06423086395455367,0.02846481219138053,0.5453928991849197,0.5744913449998361,0.9176588147310191,8.847123636398386,0.8644571418479305,839.8931612888782,1.6829241619237862,1.024191577234454,8.843832020405252,1.5920801903732027,1.698370181525088,1587.2161028413166,8.887541260028605,1.1425166570647107,9.3446364996286,1.4506850660606219,1.714622494662597,1590.5715359022506,0.013494682846477701
R33,68,0.31,16.37136819547767,0.2087623826244202,0.1108103753276767,0.10661830901134595,0.041924708688356814,0.026854508761671947,0.4834576240368059,0.5029989340344441,0.8277845625271172,9.783657483984186,0.7572081276708365,753.3728285072611,2.4053600605664656,1.7738681093809276,9.97462300936283,2.010766500122841,1.6506438728395614,1608.8154220379147,8.82662389953633,2.0852182522451557,11.306482629432338,2.195528769605218,1.6294068303727638,1548.6882716332648,0.02048139765683743
R33,69,0.37,16.607125451734163,0.2030458550000165,0.08863194213395759,0.08787310254795785,0.039165967831360345,0.13381766105043724,0.621901058048058,0.6251382255710725,0.9009714093762454,6.179672026717739,1.198557864806651,1155.3003471165175,0.9364679100000615,1.2691153709634193,5.1411358753143475,0.8146950727543754,1.8152218824327084,1812.08784016124,4.972429783229131,0.9587187448892109,5.458677101696708,1.808218769397584,1.7010237563948911,1688.610361835169,0.0017211376598424977
R33,70,0.32,16.20106415846263,0.2061878343794658,0.08502310067525037,0.08747833788559158,0.04606591845414658,0.05339358571624764,0.6096597420322847,0.5983877710215227,0.8742311232648532,8.045034398876183,0.9374746849021804,893.3816805892438,1.8654876773235358,1.598616633787337,7.200753597060313,1.270172912900236,1.7161943958443904,1621.9901883151833,6.354050228511454,1.6894060551730874,8.629903577086765,1.9130188377453123,1.6423040596637943,1554.1384934994767,0.0011144657463830754
R33,71,0.31666666666666665,15.524535709631692,0.21180510203136016,0.08489321031271821,0.08365315202989825,0.04717488982392759,0.022673119363232908,0.6082794246859762,0.6140013939951801,0.8491644248212773,8.21344802390098,0.8403549063092364,751.9312326303607,2.334460327504935,1.2442274117481915,8.688966779648553,1.3528264955397447,1.6289320933865532,1445.509502408042,7.2336308168708,1.1513606676575279,9.083958710369473,1.5663521000237353,1.60438892046018,1442.2112335457905,0.010990745829595028
R33,72,0.36333333333333334,16.89194717069067,0.22431799508932276,0.11541715811794427,0.11191132989371044,0.03996725508049395,0.0339027297046155,0.5029190531120962,0.5180180248919042,0.8552169933793,9.34133089430992,0.8678869282198693,833.8531735999895,1.6223372317691513,0.6805808934378206,10.813082677010286,0.8944076352470063,1.838797647540789,1841.1005107891815,8.845930011123016,1.4276899085376868,10.817184688852763,1.3108251325940898,1.7909335673914535,1787.761514365984,0.0
R33,73,0.32,16.71133314374785,0.20480792443940898,0.09495321730471395,0.08807585213113704,0.05294117695741804,0.05972873931210776,0.5640706696977041,0.5956445887229089,0.8861088357204511,7.43442652130426,1.0663111059054342,1025.3719999940758,1.5080522647792236,1.5577393630576637,6.165566038447537,1.9896635140274839,1.6921459342561171,1637.9899315568728,6.853740235972452,1.5337863166034822,6.031077758560258,1.7815321265160264,1.71606908224319,1679.7052914435571,0.015056056785425653
R33,74,0.32,16.475725737413683,0.19010142539330965,0.10891542750518679,0.10620414498959091,0.054664205162909214,0.1272461385349687,0.49997029358617406,0.5124177661925116,0.8712683501819171,3.2535194544220047,1.5197938254565382,1437.9341833896642,0.9459583215499521,1.19450691598513,4.519803187720029,0.719822358976586,1.8110233766236863,1777.3184151692449,3.1219942902336157,1.3362039307519638,4.772814886749785,1.284976132603333,1.7460631727660096,1726.3341703225924,0.02042736102819731
R33,75,0.30333333333333334,16.89429335110019,0.1798709371107404,0.09195965901388792,0.08963931101086633,0.0434678375037528,0.15287670465614434,0.5669051897217785,0.5778331410530935,0.8468066437023313,5.623546801585121,1.295488108990756,1236.680551830139,0.973908442729865,0.8542230546752236,6.289267022050183,0.7241239132324111,1.8586401650585211,1775.0108321613943,3.8044612047525135,0.8585435316020593,6.776142979148148,0.8642988416259527,1.8425281043254833,1739.1759522940274,0.014434134053146863
R33,76,0.3333333333333333,16.55445964059632,0.21277400988232442,0.09296786130370699,0.09099380287916267,0.03530413063368804,0.04252271793967177,0.581647141917075,0.5905303513654768,0.8567981945987773,5.825840022059012,1.2331746686556475,1135.3570474696944,0.7489594393092602,0.815600135540663,6.023586852173068,0.6352306574257653,1.8297964346368685,1668.1221637330145,4.66881838217823,0.8058944530301346,6.984438386128758,0.9423051446300974,1.794500516571462,1634.665271873936,0.002936268337876413
R33,77,0.31333333333333335,16.751954637178912,0.19673156345409779,0.10213290018536587,0.10104745817940705,0.020408361245668073,0.08760306846552046,0.5263304825024299,0.5313645194317735,0.8700411686120478,6.309735867609703,1.2002550308470061,1156.2403313124323,1.351135345839225,0.8303696605871664,5.035410949644017,1.0500333143511824,1.8048185426463113,1808.5721170160487,4.8707580133485635,1.1635432924116458,6.583282916606464,1.308894367001841,1.775064398666897,1773.844076652931,0.015399992715003918
R33,78,0.35,16.423478534784778,0.2176269871634761,0.09364270117050863,0.09668296965425364,0.03519743056338135,0.044453090211800106,0.5888377866459908,0.5754887108147533,0.8556828977086606,7.236506543738415,1.0559737919529182,1043.480079145339,1.9024310215343974,1.5251098853833156,8.157051927084524,0.6589329431922977,1.8120167344575242,1741.8674412430055,6.082186918812255,1.4824973144277749,9.656597469751091,1.5563647718201707,1.7088636507190507,1603.8747165794102,0.03727552072662377
R33,79,0.3466666666666667,16.574851442911694,0.216367558271796,0.09408269677089254,0.09612932210257934,0.04688411193246359,0.045341212591200386,0.5848875222660499,0.5758573845086423,0.862774901619695,6.064874561521876,1.2080433195611233,1134.9520814835741,1.0450128981970863,0.6838118993603075,7.061278961532196,0.8131198642499555,1.8116932846954072,1759.594447047215,7.104759858877415,0.6611102600026584,6.743998948966208,0.9366822412825684,1.7974907126243256,1733.5280183749855,0.0
R33,80,0.33,16.189435612450644,0.2065785325745911,0.09568265291805869,0.09457738380421646,0.03573502760170007,0.06576605594469231,0.5672832936741079,0.5722817797733084,0.9233863611333747,6.570271647218938,1.1056510303593166,1002.4721370364314,0.8860246126237286,1.0243197404793207,6.812374290262831,1.2161121195499476,1.7210716656528302,1585.0904988378334,4.667999935923099,1.4688677021000203,7.901332429300332,1.7939879052725374,1.6546491615544203,1532.1898739631451,0.009052433897018375
R33,81,0.34,16.56990848524066,0.21740508997085772,0.08354107868178806,0.0810783106943445,0.05857514694593625,0.03130923403960739,0.6277664358812094,0.638739778816553,0.9009545657224122,6.489359417370395,1.158683800771446,1145.2773240466404,0.9637079034130096,0.7005197915842984,6.8424855816066525,0.6630686813766005,1.8283723910385845,1756.7790302062876,5.261097907956639,0.6782007195872239,8.405243824946865,1.002177483918075,1.7893943677624355,1713.512758314273,0.0034779242555345036
R33,82,0.3433333333333333,16.604772380214584,0.20964479984727763,0.10109915601265515,0.09810100851906138,0.043902431278705016,0.07046553726398597,0.5517410890432435,0.5650344377057965,0.8500146363608087,5.4239990960673055,1.285146354351969,1202.4571424386759,1.7774300766675566,1.0871688468117497,6.294913200809248,0.4150202347735217,1.8608910509862264,1778.3692945767325,5.334732012036355,0.6364520656233879,7.8072488457545575,0.6987226431252225,1.828281578765641,1738.6672206435778,0.007482726562471953
R33,83,0.38,16.811082560331954,0.22230330535197088,0.09861147738703979,0.09785688785821461,0.035540850521153015,0.06500482122506179,0.5852456814226195,0.5884194424707897,0.9001511951854065,5.533945553646674,1.2962226442975926,1294.5372307321904,0.5134821245078172,0.47058428664118424,4.567344027888737,0.47058428664118424,1.878218192162362,1820.4280599173399,4.2666725532365035,0.48750808020088243,5.293536873165564,1.568622467346728,1.7520069070383009,1706.6076288421755,0.01286786832029918
R33,84,0.3566666666666667,16.398341154262837,0.22242287832893262,0.07985536568826805,0.08332295012559456,0.04664765488099082,0.03281245604395555,0.6527555277046289,0.6376770227387942,0.8733874614457007,6.309191837520956,1.1596723351243916,1051.6404987219594,2.2865996062264884,1.3368041849440289,7.77696910082399,1.7404162815441708,1.6848189506935456,1556.918662818497,6.660010340678767,1.3403767111310572,8.891634735992284,1.7724283396450033,1.6811394037858267,1569.0032539950062,0.0
R33,85,0.2966666666666667,16.267651031160433,0.1941249716835007,0.09608411346978107,0.09729304124094425,0.045711945072647586,0.07622578574578409,0.5427686317061087,0.5370157587387032,0.8626665269379769,7.486310223782944,1.0093495179733494,966.9232079020003,1.490655498039203,1.4661110115852907,6.981705781011904,1.3823684107499048,1.710952025137882,1675.8744163421843,6.6928125913887655,1.4661110115852907,9.471046551372474,1.3898570400322257,1.7100912631515075,1670.6299905433343,0.008107975004733703
R33,86,0.3333333333333333,16.79056328155704,0.21498474149498567,0.0989308288813047,0.0963834580461258,0.03461688500473042,0.03257448555439868,0.554813949308778,0.5662770490784151,0.8987162772830406,5.987621379608896,1.2417174598513134,1246.2453477405998,0.9234904944677567,0.6982878420334657,7.376731642962028,0.6982878420334657,1.8496868319165387,1848.9353786325628,4.285803778270207,0.6742057019693561,8.806599455801148,1.0192392076392878,1.8127958703568914,1821.6361096792161,0.011147342835045038
R33,87,0.3333333333333333,16.39397731590718,0.21664466395799542,0.09438669802658692,0.09044049745975165,0.02674324316776636,0.025104879425377313,0.575262415089481,0.5930202107680416,0.839232077172862,9.46032713103611,0.7969712855257584,752.0213475152768,1.3631295595433386,0.5441331860930347,8.031581066417402,0.8161686697732051,1.7905527177406229,1790.8809460582543,8.011838490742718,1.0114666643450079,9.982883497418044,0.7769165494330394,1.7950644557102382,1804.8446113573627,0.020476748185849658
R33,88,0.3433333333333333,16.438895728278197,0.20191757484235728,0.09223320723019342,0.09028069334164877,0.03472920456276548,0.10472692580604082,0.5910514127152551,0.5997085744941071,0.8879351756566539,5.116040945387638,1.3014775611021931,1211.541958769123,1.6620107883361754,0.8094692868768476,4.1281289194201065,0.9654284415304346,1.7785594580424369,1749.8018892858372,3.61142764782295,0.8711384919629097,6.07811342826507,1.1655985685340227,1.7555513974699564,1698.0278969713781,0.027477124889855986
R33,89,0.31333333333333335,16.20334978114056,0.20300101733934364,0.0953736965619315,0.08892263655500332,0.036274276378677514,0.0585267454451428,0.5576781551247602,0.5875967266652105,0.8546172985645598,7.352581708054132,1.0173296634562181,972.9133601117055,2.1848149880809444,1.0838983285476473,5.493475188152985,0.9112048230829259,1.7577178110689555,1720.0557176516531,4.557088169697465,1.1809514602635716,7.152734901804706,1.1820996973964242,1.7265804691974198,1694.744699089837,0.011367569582908743
R33,90,0.3333333333333333,16.424674161465433,0.19878718685045807,0.09641323367151727,0.09157403027773564,0.051097384664780886,0.1054630427876958,0.566143059570546,0.5879193437857925,0.8449344049149432,5.068215708305459,1.305340051937314,1302.6592762462078,1.8149212728184665,0.5064118455102857,4.489425411462889,1.1110502961574156,1.760186650982509,1798.4724727977864,3.7581632302261028,0.4885434884450177,5.17347623887602,0.7301942760090441,1.8039632050175198,1843.2374876916401,0.016092026550836636
R33,91,0.35333333333333333,16.308827248755733,0.20771746127872065,0.09374706959563253,0.08950201375989038,0.03772705964134706,0.09238005864290899,0.5903728589547146,0.6089215996574711,0.8604083879329588,7.453501178793488,1.0178535711430334,951.5471173898568,1.526730524451608,1.2612024638953585,7.280527890774948,1.364623155094506,1.7177246082693678,1597.412825311747,7.202518411978886,1.3651112402307604,7.767924471504557,1.3537052524679893,1.718979539605605,1604.1584827217812,0.03143937677316444
R18,42,0.14666666666666667,14.153403016153895,0.11895728474801198,0.07199341906690596,0.06941797461913313,0.04031824330589229,0.062299414113211604,0.43249989790844656,0.452801267200047,0.8504952381604212,7.875958917453353,0.7215452986182754,709.9734598288501,4.497446481279475,3.3529119213693974,8.519561164696679,5.178611987501366,1.031585175588614,992.9127235896608,7.249994261673944,3.4524930099213194,9.287456512082215,4.476546573827797,1.1122823495648062,1076.8463158709105,0.022580199309473414
R18,43,0.17,15.280151918803966,0.13463528253192852,0.06788014347294291,0.06477395498724939,0.03911432176063768,0.04787907892905141,0.5199616065680286,0.5419281147997554,0.8063333529898228,7.412156187057782,0.9043673253841168,865.8070523425708,3.1011945269668644,2.7732772889967308,8.671812717861116,2.752914765327077,1.4399123163260892,1330.9631571349291,6.624783217944795,2.7732772889967308,9.327623863774235,3.6655958134748943,1.3350064487349498,1268.659295671946,0.0
R18,44,0.22333333333333333,16.183522203099777,0.16578127024156994,0.07520465673581699,0.07203854894322184,0.037479087165272706,0.05170322026497565,0.5698167006457737,0.5879273703229753,0.960243247042572,9.320155246420725,0.7888927535505929,764.4029107331198,1.9031143231689285,2.4261387583780376,9.353548569418166,2.0112898953049125,1.6289922190995254,1543.7015880846807,8.756533522259573,2.416175687290192,9.353548569418166,2.3317701611369657,1.5921554069391557,1533.9294355257489,0.001157231852772611
R18,45,0.18666666666666668,14.602713516636133,0.1510142763979472,0.10419789474388758,0.09976567691287261,0.0729580761485101,0.005323142836098471,0.313685851834112,0.3428792804792443,0.7545711645237505,7.655374333835244,0.7985447335634877,767.2468106595352,3.822874670881429,4.78960093609977,8.665994953741222,3.188698926059093,1.3119556999155266,1277.146578986743,6.988056909352917,4.78960093609977,9.70281746266122,4.723214610698225,1.1355745867588887,1102.1723414645462,0.0
R18,46,0.20666666666666667,15.555255301453677,0.15854240197221472,0.08507464850107506,0.08075907840488145,0.040378652943975184,0.03535343322700146,0.48236581144794133,0.5086237703609833,0.7955425670060889,9.423532718651998,0.7047956990915957,652.9185099805873,2.069230722102674,2.1632679322881003,9.820640254713936,2.4003894512338064,1.5120535458284845,1383.0036028627,9.114754808588401,1.9110448469418273,10.840071197118156,2.897695121282169,1.454891974565128,1341.4834516087953,0.012521178723481796
R18,47,0.2,15.295092774682232,0.1599879472304944,0.09105622514912592,0.09043730196647835,0.044877102990838115,0.0011514471027503914,0.4315110588208432,0.4353751656866649,0.8176358685980429,8.8874492762219,0.7365107468648068,677.7008017941644,3.958689626813097,2.370562269444335,9.330140397727916,3.141761301721502,1.3969346519038843,1299.1235572199485,7.969425006000385,2.513057419797377,10.359286384261168,3.3829487096791695,1.369211961337224,1274.0127796091724,0.008658413335098203
R18,48,0.20333333333333334,15.080916786097625,0.1631666106676575,0.0977301003830163,0.09954342012784076,0.027789747763707347,-0.005574070338706827,0.39770241941882833,0.3865271715591869,0.8201302933347946,9.494004755867977,0.6421737965043073,611.312053518755,5.101356925918495,5.263629151877481,8.94050448484375,4.973295532283458,1.1617955462818814,1033.4659725483325,8.695113470272489,5.711290050218935,10.083643826922795,4.580292153515657,1.2069683484339078,1052.4259589499352,0.0
R18,49,0.18333333333333332,14.73284323625608,0.14102503641259098,0.09106580993114859,0.08753131244944438,0.03491614345619585,0.058183389690600884,0.3918293190614138,0.41543398190742564,0.8526665295965941,7.462137377085597,0.8357133170499735,756.7085241026402,5.506361913799033,4.600130555658389,7.712596616364742,4.285255681973958,1.2008721325380747,1050.0326561981005,7.057070175637911,5.247162035552016,7.341696119925807,6.028277171086408,1.0005248349619709,865.0635674327536,0.00046507303708054337
R18,50,0.18333333333333332,14.9107204838905,0.14516023959090466,0.08388294168805482,0.07815184566492969,0.0651084588268205,0.030566995187813806,0.4397991320329041,0.47807348080928547,0.8215240622057081,11.586616745909986,0.3820808893791303,362.12886341609556,4.3438927238761025,4.395202039122978,11.14609084698089,4.372226721733227,1.2113211219478104,1087.554848695513,9.7443561640316,4.734479886383667,10.600158495110001,2.413281122609046,1.4364872827408006,1313.2943618764198,0.007128603565771385
R18,51,0.19,15.188791000549546,0.1451461513959366,0.0655382253627907,0.06534355916972989,0.03425003589556571,0.05693254109080381,0.5741742577403567,0.5754390749625826,0.8340721251149978,7.2723590202765855,0.9099347102716121,836.6331208455649,0.8518500606454573,1.0129595290601863,7.260261105073486,0.6848969835489989,1.6671142546360267,1513.4690327545572,6.915877677367245,1.2331479980126723,8.272836226492277,2.0723418836171383,1.5076378293591688,1375.0622683438032,0.0
R18,52,0.17333333333333334,14.484818967130437,0.13897528551401497,0.08301893987052311,0.07721635076992911,0.04964072567323264,0.03144459116979903,0.4214191181579865,0.46185889158829707,0.7926327865397668,7.85429038686523,0.7621297217819627,660.5630206740552,2.3227174954624985,2.364050346208483,7.755135931064693,2.08254750501942,1.4255484437569501,1290.0266796501955,6.781241767920548,2.5835717433295997,8.06699154307261,3.5167132947048714,1.2607018012833175,1152.0642312498285,0.01924891519335148
R18,53,0.2,15.125332109653598,0.15950367555865094,0.09945779395451339,0.0949851769589805,0.054796717118847864,0.00417488772439345,0.3790577647533985,0.4069815370811689,0.7392691409881702,10.396201303750367,0.5435782534896153,489.906992158315,4.667774119326246,4.339800000836135,11.995972280855035,2.272791723099772,1.4773034925375312,1321.6725618857454,8.467211044744275,4.9236333892472,11.995972280855035,5.037818665719875,1.1594843037671538,1036.1246389274957,0.005744498885121629
R18,54,0.21666666666666667,15.50171112160347,0.16582617931811852,0.07554519085412237,0.07495482499131714,0.04207598225810016,0.028155736420001465,0.5572583251056478,0.5607182352328663,0.8972802655846014,10.654400424788783,0.5571621489951178,495.6364760231918,1.9672675306103287,2.3587856437348123,9.27180846517296,1.5466719491985472,1.6040274908966545,1427.3930527900447,10.989980496062564,2.401697724565693,10.323751264652735,2.2517856349290497,1.5229799408220046,1384.0971011247584,0.0
R18,55,0.20666666666666667,15.210959345930299,0.15684483177637604,0.09176136064451099,0.08980289302618681,0.03514877941300849,0.04568224899427453,0.4416807087124899,0.45359694714871346,0.8026892078908465,6.907493998919918,0.954421304144363,891.0474190519926,3.2246925644368716,2.4841250036777325,7.640939541439629,2.211124577258758,1.4942338812847478,1359.9533982690846,6.021097880958337,2.5029159245572004,8.226875381484085,2.478384850442147,1.463514309658004,1308.3626746985924,0.0
R18,56,0.16,15.032196074682886,0.1268055713463443,0.08705157544066829,0.0821051973416152,0.03582282592003053,0.061857029529552965,0.35596817473434184,0.39256285897137166,0.8093270949414793,9.379777040505964,0.6497033371870367,574.2865642980696,4.561981173339689,4.8459073744428025,8.86282048774634,4.854490775967285,1.1698511836259482,1023.6878265235241,8.101211547798549,4.877659890227356,9.481617730607624,4.4630626128007265,1.2148429265134846,1069.6485959927559,0.0
R18,57,0.17666666666666667,15.003709277468829,0.14437442185084146,0.0722650281653247,0.07290800477280172,0.047347960980350504,0.008210517318770538,0.5035706880677345,0.4991537184360597,0.8551835114434803,10.608740419970424,0.5051688341371535,469.3349697187791,3.3339496130310025,2.8041000842282457,10.530765105408804,2.779507415222966,1.4050806736598598,1264.6515393858913,8.968058148671204,2.8041000842282457,11.28187019778597,2.9117394676686033,1.3898815871736026,1248.5088131939979,0.0
R18,58,0.17333333333333334,15.148603560868125,0.13869141514277142,0.065106239014345,0.0625720050801699,0.04136843092274702,0.033422958636054934,0.5462574535270408,0.5639191980243299,0.9017363172590371,10.424887700280266,0.5429558459821727,500.3418057673557,2.36355748184042,3.6976984139571485,10.508929205761753,3.1982919012213102,1.3735990411808292,1259.0235793098318,9.871550176028165,3.6976984139571485,12.519944832011298,2.8846448502247455,1.4096504263487042,1308.1704805790532,0.010302599837245907
R18,59,0.21,16.089916496223324,0.15658122546082145,0.09841749349896044,0.09336102612478257,0.03140592962608611,0.05925832500174033,0.40870664787006417,0.43908595786178695,0.8250325181296416,7.291085612060527,1.011359871626602,956.2108886751994,2.3860929023362587,2.708363105833911,7.144945999984259,2.810025035478418,1.5264243056572966,1434.8651294138122,6.164960641717684,3.3928540844944735,7.681937852068927,2.5456929196534546,1.5568073074727655,1445.5961082530498,0.0
R18,60,0.18333333333333332,15.075172863055066,0.1479872734586857,0.08202773041318359,0.0813915776997965,0.03612927628995579,0.011687032293893895,0.4521889093288666,0.45643736908751875,0.8125076178172383,9.189460270292749,0.676518688745494,611.100411450293,3.602006881502973,3.7047329601087284,10.428949446543598,3.692049090797461,1.308405031143586,1124.8027460616554,9.340073876794435,3.2276893374507623,10.506486051847546,3.5025428033470263,1.330187363031937,1135.7646394071435,0.0009658901784526108
R18,61,0.12666666666666668,14.774692956987348,0.10577183700835163,0.06739857075751789,0.06527783052204761,0.03674154989903441,0.07565690793791213,0.4110019731466855,0.4295351823842285,0.8452530386751822,7.378637534271466,0.8501213128581333,826.5083954464562,3.5294574798302882,3.724741255621982,9.448694171285833,4.025789398978414,1.2355061559509686,1173.8552163298536,6.993260636796688,3.724741255621982,10.14538453753173,3.4243749910514047,1.3046342488081963,1230.1704571492305,0.0
R18,62,0.19,15.219938761510189,0.14812750686614745,0.08698456729069531,0.08037030743859473,0.042106947964901116,0.037561587742360514,0.43482955593234884,0.4778048134317374,0.8961392601535504,8.278647575458589,0.7978495615234196,805.2137678043955,3.3050070448246878,2.752938788630072,8.520491784900454,3.2158499060957375,1.379780328049962,1346.241754350946,7.114508747102182,3.136682773167788,9.540260195622611,3.1786456481040055,1.3840566795427731,1348.5853701053502,0.013420800629731389
R18,63,0.21,15.626461251630346,0.1640166363352748,0.0867780313074432,0.09694798179936502,0.05556078979650491,0.014586297051085828,0.478636661036723,0.41753548985695244,0.8291352785158858,7.917390324921136,0.8861001064164492,851.2261459036995,2.890902555602274,3.939699094635152,9.074185732430301,2.1781805200879276,1.5457793942524871,1440.130456149809,8.404939963939299,4.9651199877814705,10.309001971181083,4.8863585285176825,1.2344945657331228,1104.2879475290201,0.0
R18,64,0.20666666666666667,16.17066183947331,0.16127419799341225,0.07770872790325768,0.07861584720402606,0.038014050118978446,0.018731900941687973,0.5271835379830314,0.5216641973633964,0.8433346641123117,8.125740238597032,0.9247036321783418,891.8064136445751,1.9605310593917906,2.306782070309268,8.116623561099289,1.78110572303558,1.6539719672165238,1563.5709055572725,7.04032597391371,2.475435369245332,8.817053756148965,1.8295558532259832,1.6484029867355083,1569.945811926632,0.0
R18,65,0.20333333333333334,15.624759420147164,0.15624254655876813,0.08302682062918172,0.07808581684166843,0.04415234757276199,0.0370980137400867,0.48831677249567895,0.5187675201691033,0.9068216233566119,7.045919913933993,0.9860735063479421,896.2883589287062,2.162286755731323,2.761996890056473,7.797742421945294,2.1165216012379133,1.5526710134892618,1487.2020428461956,6.206215438147268,3.110718079427869,9.152365412264416,2.230183993994295,1.5396063706452023,1460.0203112814029,0.0
R18,66,0.23666666666666666,15.117299744258567,0.16966998999399766,0.09659098655583863,0.08923264837526532,0.04597823704426081,0.07390569996265317,0.4727861887213486,0.5129495378617428,0.8398311208918572,6.995834666844253,0.9335017329288289,846.9115138995576,1.2243896162802983,0.9635571310102975,6.880434784532831,0.861669560948215,1.6385781818013532,1461.4634768530736,6.81827297384158,0.8850918470837215,7.469132581084374,1.0946724561075598,1.611796239832093,1461.8496969083862,0.025236528384155577
R18,67,0.16333333333333333,15.081214818864854,0.1303792080060341,0.07111516345775305,0.0689895946784192,0.03825578373529706,0.05002824062273192,0.48183918293753525,0.49732654740202653,0.8116240078778976,8.481689331665034,0.7585661478668106,722.9637778105489,2.6136686209875144,2.5673631700742874,8.754674715423615,2.809227163682859,1.4105732935369448,1312.7456313358439,6.8102401300291895,2.4936227602475043,9.748947426848698,4.748878148090935,1.1876249045501486,1110.8202029081485,0.0
R18,68,0.18333333333333332,15.2520238318467,0.14479073063105566,0.07264535385190382,0.07185188616251906,0.02602714666373478,0.033034710743126805,0.5148478407808561,0.5201469073056116,0.8566258302216695,8.921959162924999,0.727593640022311,676.5366861115308,2.91138937673999,3.7291100608092123,8.355568437901425,3.3092465124150507,1.372733025064243,1227.1820888630582,8.368576106486799,4.000922482285205,9.362525497624247,3.399029726132426,1.3624131154427424,1222.685769062938,0.0
R18,69,0.21,15.44090043912378,0.14616230785908477,0.08870900069881517,0.08433102011157899,0.03413329539274886,0.12185529323647337,0.46703537630885417,0.4933383304377764,0.8585525533067527,7.367493714248965,0.9279777843617053,905.79169187765,2.0694499618053186,1.5730326552651235,6.973284551626605,1.9513707988095774,1.5505206481337563,1428.4032254803242,6.663936190565991,2.30447837555802,8.21484045837368,1.693253766393326,1.5801892725460072,1458.3261321613977,0.0013350760693171537
R18,70,0.18333333333333332,14.74033688340306,0.14294570090538622,0.08681627009869614,0.08123252122873337,0.030314447666157388,0.045356491941368704,0.42020929542721175,0.457499606192611,0.8456599669684685,7.9266936581108,0.7831773821274807,672.1788946873621,2.8409896110084247,3.0640063216518882,7.5769829888191325,2.8443843347483053,1.3673508675042991,1220.9303099072758,6.478797461414622,3.242015910726522,8.116660906463679,3.2536912256292183,1.3203040984429353,1204.3604494936008,0.004331830517394053
R18,71,0.17,14.13871623715987,0.13246688295855918,0.07528664607130231,0.07446250953444754,0.0457163263038441,0.06321368186685605,0.46758390925683535,0.47341208166307147,0.8318355896610985,8.133692491636786,0.6902326143486034,612.9992301146435,2.756624575638284,2.731615095731513,9.841527657632135,3.231697587112464,1.2536803044590488,1056.9889122231725,7.828108350177999,2.731615095731513,9.400066846211544,5.1880882931480485,1.028807809538277,876.846987035573,0.0050996106408085495
R18,72,0.19666666666666666,15.836045716004321,0.16036823893347352,0.09690435703239424,0.09492357732805276,0.035626965555726614,-0.014452601810216903,0.3870053211780987,0.3995352780950394,0.7973187988965895,11.665538716220688,0.47936862060968555,434.2007326837456,4.00017684112597,4.0100296121507455,12.000409280029885,3.665682367432794,1.398892338755475,1339.519717992518,7.3182213427777185,4.0100296121507455,13.147242218395164,3.7335750225638193,1.391088585293036,1341.2512638998774,0.0
R18,73,0.20666666666666667,15.592690949977019,0.14906255763447365,0.08795354814080066,0.08655502246258219,0.026325157732219964,0.09303326638322573,0.4648492315362025,0.47335851975976395,0.866703217347012,7.8562354175391675,0.8892477622469658,867.449045172074,2.5686877501043455,2.3657040073819076,7.422843920178444,1.9960537492716384,1.5628318619704078,1514.7986232113308,6.5934658280079645,2.462844247115818,8.325031910584968,4.134123918855607,1.317076670092452,1297.67991854187,0.014015686411788408
R18,74,0.16666666666666666,15.092448768295498,0.1333511988752431,0.05923249854773798,0.06024321869815194,0.02864484526820019,0.042877045112001966,0.5748610847627321,0.5676066808646908,0.8624571976369005,8.827735624028989,0.7200819705225777,661.4727279326034,2.039721196269042,1.552223629622528,9.22944511743318,1.8189241680417751,1.525692482612417,1413.7592093819176,6.58408265868389,1.9531543739588137,9.879985097884457,3.1771946722812388,1.369569436166056,1268.938349113194,0.004806033562822165
R18,75,0.16666666666666666,15.260751930023652,0.13531567072361173,0.06533440630956044,0.0634493571759719,0.0373372773746115,0.028777126129916786,0.5310648831784224,0.544594748766937,0.85480617550382,7.980687341240731,0.8367890330972564,770.7114714935828,2.8276579483767392,3.044502447421948,8.42340211938054,3.187208854896628,1.3877635716941676,1298.815063144681,7.100207029911935,3.044502447421948,9.48152045376434,3.8667473766552654,1.3096556956389345,1245.7327658515355,0.007574483592321712
R18,76,0.21,15.776326098873263,0.159691476173867,0.07462716994224264,0.0729595444178222,0.037927832935169284,0.04057190549746126,0.551639165901079,0.5616582778635516,0.7888465748928258,7.776326751803943,0.9195401547298596,793.6976875783212,1.652496056497263,1.556835257472322,8.238292905402297,0.925940924807584,1.70694082440905,1506.535582253276,7.805497740263867,1.7629876405749485,8.76930256025608,1.1201900169218817,1.6846133425593983,1524.095728361789,0.01833502765825301
R18,77,0.16,15.627349937946839,0.128203357832508,0.0780018831057312,0.07482525695426534,0.016174749637772132,0.051515815399209686,0.42292032170076355,0.4464218876191146,0.8072409103671775,9.623272544399988,0.6901238382593938,662.4967766233294,3.087371934093916,3.544777181535302,9.49529695161182,3.2599449161396947,1.4215408069408737,1397.7795178292763,7.860514006316471,3.9225983084118496,10.224161375053484,4.3863509542096395,1.2920688485569114,1270.6895224210034,0.0
R18,78,0.17333333333333334,15.389035657681688,0.1413726882634898,0.08004177540115523,0.07984368345698951,0.035234435873424716,0.014736459277426839,0.44216776234402466,0.44354831733448763,0.7972204030386305,8.350328394827159,0.8090468117293658,769.2680631896937,4.673896521564139,4.377189828791131,8.821182013566727,2.683655804148593,1.460388488743989,1345.2048392417473,7.286801580111494,4.398426473843429,10.102153856566872,3.0910708582232047,1.4135591721890717,1293.227536580593,0.0
R18,79,0.20666666666666667,15.470248559013484,0.15579028076332088,0.0908294438035889,0.08860569499580917,0.05467066422154262,0.052098633517128734,0.44735092923350217,0.4608812632394561,0.8242789150767187,7.676666758148357,0.8958139999964726,821.2920004084945,2.1448592634579597,2.336470406199034,8.498208577578751,2.228912358037242,1.5219926666039365,1362.8353205866124,8.467874315795356,2.791437781998013,8.556818658046815,3.6513921980729123,1.3584892367335726,1159.3758112922515,0.0
R18,80,0.17666666666666667,14.09776387951517,0.13845026868937665,0.06993108459305064,0.06906866283108956,0.03811598990298375,0.0489068728366735,0.5196038652640689,0.5255283276597147,0.8676373234517222,7.8460984257258914,0.7185822359851375,650.1952646517834,2.5417524589094924,2.324673525723142,7.49755959931035,2.888953643489817,1.2883689924985038,1125.874376971081,8.431374204427819,2.605145535518936,8.304841600675289,4.4107431744361385,1.1134506556282275,973.2155812202905,0.002669815391307395
R18,81,0.18666666666666668,15.226302343014936,0.1441152637792511,0.08865728951965317,0.0878482429749048,0.028806455944553836,0.050764463701786,0.4160462427294228,0.4213751420469217,0.8228101451011751,7.57398977368851,0.8795761572927413,864.6058538144052,3.2354156844619553,2.7255625424186505,8.15072519138679,2.4828939705227384,1.4647595828767168,1412.0136100498644,7.401887474430339,2.796876618920308,9.793785698595215,2.452269183207463,1.468279673372321,1384.6305773102313,0.0018901035719238735
R18,82,0.17,15.394492286463333,0.14054532959255175,0.07140650297956924,0.06847134188209351,0.040772347745670116,0.006084095139428536,0.49502371065890727,0.5157807383493083,0.8329189851033253,10.636814448543738,0.5468595215370958,480.0945514696409,3.6284514487761506,3.741097980776207,9.944493168396924,4.648597884906771,1.2351602758990115,1120.043723130295,8.059466866923835,3.6996569628063902,9.437607234501804,5.081891612395161,1.1853563991819327,1077.981544904474,0.0
R18,83,0.21666666666666667,15.730525870539019,0.16743182438808654,0.08081374249832746,0.08033257566251263,0.039071155816686506,0.01874566041746395,0.5263813446804211,0.5292012807793798,0.8347476669674854,8.010846493899024,0.8873194684773189,864.3739386615453,2.00859657674836,2.446799818939404,9.877968729868876,1.8631904895292308,1.593946595335154,1477.3136273050332,6.7579426552114015,2.446799818939404,10.614692286290307,2.4635956030769606,1.5249345133261059,1404.2584489214614,0.0017458839988222508
R18,84,0.20333333333333334,15.144102549567279,0.1519293842800679,0.09925441921465417,0.09565997059253947,0.042413953103804726,0.06367945789018992,0.38830824566139144,0.41046035335531983,0.8109929457136885,9.89237936320712,0.6036463431904038,548.0743514860301,4.389363488125859,4.307748542620139,8.4298122450625,4.431166594623356,1.2313719487025918,1089.2747476498498,8.698275425543855,4.386873195524274,7.950196242850858,3.584862064933297,1.328648331414406,1157.218498563876,0.0
R18,85,0.13666666666666666,14.83704860038625,0.11456501467458381,0.06920432480840479,0.06574463872033633,0.05324542014006134,0.0503625180027758,0.42636047364858165,0.4550380554959397,0.8221328920871338,8.301424837214284,0.7512211221173268,693.0263789531505,5.141775151544959,6.423252373900215,9.571605813487754,4.249685533511197,1.2169382834089786,1100.2978822793511,9.205785054085407,6.638681082795582,11.016340595186318,3.850352820570901,1.2628385952359207,1124.5571902574807,0.007252213549076458
R18,86,0.18666666666666668,15.402870657134706,0.14059163912160405,0.08061660046498112,0.07977376977417772,0.0393152273568959,0.07397331510241589,0.46900737666392345,0.47455880003028406,0.8147058239310221,7.658552711992044,0.890151487845116,843.1677924726632,2.612318458965426,2.1307864044957157,7.708138625941878,1.5405395185268347,1.5933713950591377,1510.4458116023902,6.657547498362341,2.497494973978249,9.218453040632532,2.9135601168052574,1.4355529355050454,1347.4135342756954,0.0017754907413305432
R18,87,0.18666666666666668,15.50004985997056,0.14549405596088355,0.07348468751803688,0.0662193810794513,0.048403700340180066,0.04168285428961149,0.5159827284309266,0.5638366952679534,0.8374207711551918,9.110743078406387,0.7344030782562952,701.9533931491233,1.8815329879159606,2.2551676224096155,7.918718996584957,2.156460750471574,1.5337458744787629,1417.7124330371407,8.524636514881934,2.6946041046584384,8.307893932888426,2.4523239713579343,1.4997386077141246,1390.3971334349076,0.003157930551104471
R18,88,0.2,15.333354627765985,0.14730665088368908,0.07139800613664339,0.07465513959058413,0.051124226207567,0.08032425183046388,0.554242701754335,0.5339075259277786,0.8068318879286748,6.762874826615807,0.985112620708628,932.8981304671624,1.9249818708871516,1.6393299815582267,7.520492203666599,1.2304591247997436,1.6210224714189905,1501.6305743911416,5.268933261813004,1.8332001238336275,8.3599128007181,3.099537104610178,1.4061859220401862,1280.614003918462,0.0
R18,89,0.18333333333333332,14.826825590520855,0.1476596920574829,0.08152361228249326,0.07949003388952201,0.034719280844902625,0.013874740325952928,0.455555594005006,0.4691365719475553,0.774584474458803,8.90500284373659,0.6806692811613327,642.8218584422498,4.748038428311936,3.7933009521946843,9.000681855863476,4.040506002223417,1.239806849087084,1141.6588712744688,8.139026156919094,3.7933009521946843,10.308773764533548,3.9553506570592774,1.2495948197944806,1153.339975352705,0.013135060763143969
R18,90,0.16333333333333333,14.992380425262287,0.13051984247459128,0.07135575790455205,0.06941053695578144,0.058213764842088116,0.04900354676573149,0.48008615856027814,0.4942594688245622,0.793315434995852,8.654073046415906,0.7285410779445791,678.9697458858159,4.245368200193045,4.430392886915296,9.300469535595479,4.301507719970051,1.228835942995793,1163.7231432038802,7.871149319279187,4.2029862429586835,9.302673799229478,4.034778124493204,1.2594945171850098,1227.8037411930454,0.0
R18,91,0.18333333333333332,14.705952741764115,0.13249816042650223,0.07312234381790904,0.07227644460391781,0.037919685534195155,0.1151289763894866,0.5116623278793007,0.5173115512416955,0.7546388521695265,5.882153504155006,1.014229797309756,873.5941773852728,3.6128200562096495,3.014088837303639,6.9535126151174325,3.0844953188057005,1.335799703634783,1195.768244373448,6.436185519441402,3.014088837303639,8.247142634202838,4.026006203690876,1.2275800617063974,1132.1992709655665,0.0
R05,42,0.04,6.19410530828255,0.035093019389628895,0.021989567708110846,0.021479746770452536,0.016555395800182122,0.08709140053526598,0.4279641419176642,0.44122660625588506,0.887259319686011,3.6517007632027365,0.2922304074468486,266.16442349319686,1.948371703140026,1.28323155301692,3.8952581608794503,1.9460139346197751,0.48828636473269976,440.45830322492066,3.5613302830963818,1.28323155301692,3.475393636259943,1.5757775806162329,0.5308422674868362,465.45865381823126,0.0
R05,43,0.056666666666666664,8.282140434969016,0.053625872515420524,0.03970951132259457,0.03441899192091031,0.018846753848399594,-0.0010770801463830804,0.2587107717933793,0.3574731315773232,0.8430420904729218,5.381462353158445,0.3334112737330069,318.0177014630515,2.6016097728480228,2.1646869248068006,5.383647189415712,2.2179601976055254,0.6970322111110872,633.1603622533663,5.072892184875077,1.9741463182917611,6.315716042582996,1.965883549039213,0.726006538529172,649.764420216218,0.0
R05,44,0.08666666666666667,11.823883240798258,0.07419183508674959,0.030975536672080188,0.039267052590427995,0.03555158670604949,0.08240897736168573,0.6169002378971902,0.5143522882226387,0.9208095626577963,7.016085572522959,0.5526204215773193,474.80157447654597,2.483037498831907,2.021596406920535,7.949327083038606,2.1567483016662266,1.111164935404697,984.9777096810924,7.045482865976124,2.3070769443071484,7.949327083038606,2.8852242662949994,1.0274320659167615,921.8874529265206,0.0
R05,45,0.03,4.203545384168475,0.029083335137080772,0.020633167482663493,0.017525805523174794,0.016508765243856246,0.009946368476448475,0.2976066087413971,0.4033872896003643,0.8520845405325018,3.107687059616126,0.12596072694556176,115.10597941182345,0.9642816505085796,0.9425739462694049,3.1068230609065233,0.510113027212078,0.42453245477377743,392.7859673649412,2.644179922696781,0.9804257057992127,3.62011281529873,0.25675094023204537,0.45365453373365217,418.32101246882166,0.0
R05,46,0.05,7.471831124623561,0.04825674053477386,0.038041677711199394,0.03526996513486123,0.00957266068587208,-0.015621081318287988,0.19936718841652712,0.2577012095851464,0.6130204217698212,6.120434313253787,0.1553329668062576,148.29870728770652,4.66882606627782,3.534066350540529,5.963688788190035,4.520674335818297,0.33921342396161497,314.7333372672276,5.577869783951437,3.534066350540529,5.963688788190035,3.4824960002066963,0.458544267121646,399.2892761881085,0.0
R05,47,0.06,8.172899265108818,0.05579520911865444,0.03532700483970905,0.03028580631404445,0.01953543202960648,0.014155887756998164,0.3758080617577031,0.4648808686111672,0.815847531736507,5.6998057295497055,0.28426362474423544,289.42634663678405,2.0522132200641536,1.9116465538841965,5.746357720527149,2.026430296683099,0.7064906859447387,669.9150545801263,4.471108965782447,1.9116465538841965,5.943325743056986,1.840977684018827,0.7278070782025498,689.8748337436998,0.0
R05,48,0.02666666666666667,4.46296649760084,0.02681331534987091,0.02265445688238957,0.019654593972380223,0.007531468620510829,-0.017368626259857134,0.14042954493462867,0.25425233662975566,0.7839266695019367,2.328832955495246,0.24530270596095305,219.69089931277324,2.1824212683054487,1.1985973032255357,3.3481125779136285,2.1824212683054487,0.26213163552106433,233.50561917373471,2.3630659185503973,1.1848399466525237,3.3481125779136285,0.9768261127331304,0.4007057913180464,338.20459335960896,0.0
R05,49,0.04666666666666667,6.178201584965076,0.04277375590812388,0.030034263253281956,0.02753893170764957,0.026766400529402004,0.03855554044186271,0.3249067006459885,0.38099536151697,0.7991197850574726,2.322028531503263,0.44323828195615794,390.3448390409345,1.7456657150334811,0.7826204079672756,3.3162262585536277,1.6878893406093463,0.5161278441194944,455.02646734379005,2.8209697009082904,0.7826204079672756,3.8519102556427685,1.6922975414088546,0.5156211543724827,457.1797249010914,0.0
R05,50,0.04666666666666667,5.915540765873722,0.04158458987166374,0.023851803485169878,0.02235747388329528,0.010824976772406306,0.06528494666246953,0.463872558665567,0.49746126010114,0.8627937416856516,3.8279196184267335,0.23995645370195764,224.63935503060486,1.4889787550023543,0.7552241926359482,3.6802784464837117,1.8077293826755607,0.47216222789954004,420.2938740295299,3.805493034026936,0.7552241926359482,3.6802784464837117,1.799139862542619,0.4731495290641325,425.27461437953434,0.0
R05,51,0.043333333333333335,6.370640370469202,0.04005892544289909,0.018891079997493197,0.019387762793100997,0.020984106470429153,0.03389860824075697,0.5444036884257333,0.5324251858874274,0.8082714613218669,4.022633764829445,0.26988581670918055,250.63907506372402,1.5019804727341226,1.143708684970985,4.098016895980116,1.4661406101928547,0.5637356045646679,519.1094422936119,3.228236957436887,1.143708684970985,4.098016895980116,1.2657799031339625,0.5867655708906291,536.5957716622106,0.0
R05,52,0.05,5.725127527787588,0.046333036351701024,0.02751392324185943,0.029141169688317762,0.018163054634406157,0.02486558439716946,0.42093642951145094,0.38668907303422595,0.7913599174715462,3.7284746857106903,0.22950032664912615,211.42318412731106,1.2821740913362536,0.8835359336226993,3.2290630074585147,1.1357575843275,0.527513786543974,484.1611333566541,3.4051271294454466,0.8835359336226993,3.2290630074585147,1.6868619340688973,0.46416845899477266,440.68622117964037,0.0
R05,53,0.02666666666666667,4.322435517936828,0.02642860210750008,0.025722500305217166,0.022087693571495606,0.017405910446528387,-0.002771580807338303,0.0240198029217773,0.16193405504443337,0.6864936404043266,3.6560078008368366,0.07660088701418281,75.43318798495136,3.1617464614672484,1.9571514368739331,4.042740776313773,3.073468446106266,0.14355943352724168,128.3109718127074,3.359628978788913,1.9571514368739331,4.042740776313773,1.708669589780638,0.3004328652707767,252.05384454889537,0.0
R05,54,0.05,6.84810622887837,0.047958893570270125,0.03550109671212597,0.03311549873369128,0.01975045386288355,-0.009352534110075972,0.25283676785478826,0.3030445434235224,0.792755804040544,5.899261848787752,0.10906257241167301,96.7585317721257,2.7379592443976293,2.246418561781999,6.136649128906631,2.139631286794467,0.5412040162692757,488.411041441575,4.414739722466992,2.24187073813958,6.699879374062617,1.701915197058531,0.5915162104860141,531.5019535451898,0.0
R05,55,0.043333333333333335,6.858519210574825,0.041578293572757156,0.025147148167883642,0.023571044375235543,0.01964215018420255,-0.0027440038268793376,0.39352604756214693,0.4315369540155616,0.703172937532,5.525284921075829,0.15324532061445412,142.13537181947072,2.5554355238693987,2.2100277791121004,5.688388077980796,2.294640662088274,0.5245837411450537,473.21358764164256,5.153817186303065,2.2100277791121004,5.701404465249534,2.0252858194677055,0.5555440678794914,498.2367209631318,0.0
R05,56,0.02666666666666667,4.071346170031071,0.025846868319048064,0.020406127800942014,0.017238748660883884,0.01141795631895866,0.019300949108631782,0.2257371407737011,0.34591594457017316,0.8547005613175854,2.545935209186962,0.17533459318031888,149.32439939916804,1.519553087889892,1.3282795414120478,2.548080068121555,1.495049213210562,0.29612608695682563,256.6672947586838,2.540824174449085,1.3282795414120478,2.548080068121555,0.5842695293335209,0.40081340693065937,354.899585924384,0.0
R05,57,0.056666666666666664,8.244499631353623,0.054123149091611644,0.03505568189192151,0.034395979798715955,0.028901833936070053,-0.010360139974928684,0.345587530332232,0.35790271727940504,0.8931544544322225,6.183161939132875,0.2369353668946911,202.75800315787228,2.685058818424846,2.654528597008035,6.508370446933107,1.4263818757534104,0.7836916959559218,654.8347665072067,6.362876474789449,2.654528597008035,6.510433102940443,1.3610467976526035,0.7912014750471054,665.5667825598812,0.0
R05,58,0.04666666666666667,6.766536537770225,0.04513776400870857,0.030378357296836748,0.02776340839719122,0.029053022857632785,-0.014581305794874488,0.31717234801038385,0.3759497005765713,0.825166714833212,4.651442744130696,0.24311422912602468,226.97943631651697,1.5281915297736948,0.9383938197866595,5.337197634873851,1.0055516023229067,0.6621821764120845,580.0373872388379,4.07104095734528,1.161899952055439,5.564031988438387,0.5296836886374443,0.716879637748954,618.9866341065946,0.0
R05,59,0.056666666666666664,8.560580744480355,0.0426520467723842,0.030719730066297028,0.03219487754952928,0.026036829736519117,0.20378010757984022,0.426530213213585,0.39899245455287913,0.8249295539067839,4.763046401584248,0.4364982002827136,407.42999744275403,1.7201936262845798,1.7221658397389987,4.235960083646255,1.1799152148355248,0.8483523596317789,756.5279750112322,4.641230182842623,1.7221658397389987,4.270346832806165,1.4851055653175145,0.8132730090056972,724.2498758047793,0.0
R05,60,0.023333333333333334,4.249129976346325,0.02318644093391092,0.016140852152638985,0.011872810226524762,0.02273769621699845,0.006430765089064705,0.30834343356882643,0.49123459669231795,0.6417680832429336,3.2934683911742484,0.10984615920255517,94.37003979945734,1.4711840822385778,1.0474155332745232,3.192190008266163,1.4732752113082839,0.3190637660596525,265.2207053841894,3.658365401784332,1.0474155332745232,3.5663839660830003,0.4395252579603044,0.43788559976415337,358.1111940802076,0.0
R05,61,0.03,4.306416972839703,0.02949332966216446,0.022780396195561707,0.020624647247367855,0.023401288306889083,-0.004010647338644313,0.2245107421601924,0.2978966542212611,0.7656931717759954,2.2298918542196486,0.238681048089813,242.3855655243703,0.9586390924157366,0.08276235921098163,3.875925935136475,0.8085782657521521,0.4020504260558046,394.8685017421058,2.0240393478197283,0.08276235921098163,3.875925935136475,0.21105315527677648,0.4707314732289879,450.5873835153964,0.0
R05,62,0.03666666666666667,6.201251075647308,0.03587148700302792,0.02233239319730921,0.021271791877077038,0.017308762208735413,-0.012798645652919216,0.36946529195976663,0.3994104007482082,0.915113064979822,4.004494954155744,0.25250070359069693,223.50526989025025,2.4008375765212993,1.6610481055882529,4.485831098602066,1.8739328310270613,0.49739290162331645,457.9297197324852,4.88733394712518,1.25718759215993,4.748296636562843,0.7082343597316036,0.6313812316418761,566.5199665178096,0.0
R05,63,0.023333333333333334,3.4173074071891434,0.022963773488665188,0.020697811893620455,0.01765055266687545,0.01244811941754889,0.015972355531641447,0.11307176525749663,0.2436507975083786,0.8383616930279653,2.1221730998533643,0.1488660123203348,148.23511788710124,1.3434893053554728,0.3768688315734239,3.1751130252391824,1.259299305778574,0.24804690817960026,240.65194933883515,2.075593319524327,0.3768688315734239,3.203609446577413,0.7202095844613026,0.3100112439560723,295.0277572936162,0.0
R05,64,0.07,10.433563380932876,0.06592670126126862,0.04088594314937472,0.04401879867415706,0.026458746173671905,-0.0036568382742054872,0.37755938571025816,0.32986532836144644,0.9011490246226167,8.40764830904371,0.23286380133980483,213.95279628446679,3.8787314905233856,2.865077233746879,9.311000976127035,2.81115380277852,0.8761390318710592,795.0153307721329,6.874222263088209,2.865077233746879,9.392092398506557,3.3263708180577147,0.8169186852940508,749.4577396372788,0.0
R05,65,0.04666666666666667,8.478814888642544,0.04582691725742418,0.02976809806291515,0.027587743442042807,0.015604968352068966,-0.030071705426538697,0.3308894122917715,0.3798981987685175,0.862745724697082,4.755851520384827,0.42792682388848163,416.0004206420879,2.5708734375084035,2.3199729187571467,6.576592174842521,1.753343804345576,0.773042653278612,728.9903533541581,3.9221576143626127,2.3199729187571467,7.756279156507755,1.2819905644992016,0.8272211865880599,774.7817339660006,0.0
R05,66,0.05333333333333334,8.06750854119485,0.04832282151354285,0.031295183129001494,0.03158334435509281,0.03539883973148024,0.043886532575418746,0.38079472352890087,0.3750931767146639,0.8858388446603256,5.8688174104872,0.25272311844309514,226.59794271256715,3.1022903161007562,1.2763271708689956,5.140275110736599,2.2163539012801365,0.6725465102577204,578.6382946868761,5.804594575239239,1.7609869324264942,5.140275110736599,2.312240729631256,0.66152503573587,571.1948829339041,0.0
R05,67,0.056666666666666664,7.3122533191507255,0.05372430922243158,0.035082960716613404,0.037589420798905454,0.028124168252793166,-0.002914676937102234,0.3450782946798978,0.29828819835162157,0.8854445678251226,4.908967150197297,0.2762397895031251,260.13156356033585,2.6610380008388326,2.0418278237239376,5.943536214081936,1.4818234455104768,0.6701643532149522,611.1837307312906,5.009325910454233,2.948351743862018,6.552190701924998,1.2548093206558129,0.6962579307814545,627.5214900259191,0.0
R05,68,0.056666666666666664,7.643907817564326,0.054095138517302896,0.040977373590014854,0.04171906917849916,0.03726631674391212,-0.009837244166861714,0.23504257215090474,0.2211967470062638,0.8547721322394382,6.6110383433763324,0.1187206292033647,104.76460819170848,3.957483166928199,3.2926084029459197,7.092784847205692,3.084260857073147,0.5240973517203541,485.2797102515476,5.711479230652657,3.2926084029459197,6.944814896201326,2.5032114664274125,0.5908846379937963,535.9992783706762,0.0
R05,69,0.06333333333333334,8.984768390952643,0.05946109122545503,0.029337496458198487,0.03190211817648802,0.03273083491742785,0.0027574113102335485,0.5079706693790697,0.46495850884438084,0.9392579498524615,7.653609359512243,0.15300678520544747,137.01814596110944,2.6169951365381134,2.528563093670133,7.032169005053872,1.6699120145311266,0.8407880891472101,742.449668899187,6.6075224299529545,2.528563093670133,7.032169005053872,1.6031196733521735,0.8484653697416096,738.6320982545186,0.0
R05,70,0.043333333333333335,5.913245472584126,0.04113739386596889,0.025002222317352742,0.022170331859608837,0.022674723272579744,0.007889177558915716,0.39702122533718154,0.46531794778511426,0.839997651161864,4.484379287529743,0.16423749251610872,147.76181570643314,1.9002792849176693,1.153103240647643,4.035445755940804,1.9273013856080894,0.4581544927032048,389.7102812219564,4.982194351618018,1.153103240647643,3.7102485213065037,1.3929485480235133,0.5195743590851768,442.00992418748706,0.0
R05,71,0.03666666666666667,4.993443573569937,0.035761260862316395,0.030838883397702996,0.025172272375262185,0.010603346051305518,-0.009686511326880476,0.12929231687536502,0.2892838992841321,0.776168528244827,3.6863494042011022,0.15024070910558548,134.5142771280946,2.9836332064544684,1.8507759553473222,3.750606516362702,2.3011126297943743,0.3094633268351838,262.6360141150144,3.6627337082925577,1.8507759553473222,3.750606516362702,2.7402412394987237,0.2589887740014051,219.62580213136584,0.0
R05,72,0.043333333333333335,6.111199466735325,0.041678346045638144,0.03487804779889985,0.03230005681506698,0.014999895492809225,-0.005156970031803265,0.15884587148017193,0.22101929849767576,0.8004662592668135,4.452556704583392,0.19064859332888326,177.00255750927624,2.551904377839559,1.4337880038892408,4.236328214746553,2.2884965984626557,0.43939113423371007,385.1230332658753,4.813025231734462,1.4383372481255403,5.644746185100656,2.3997986935611912,0.4265977899709811,368.0786077634232,0.0
R05,73,0.056666666666666664,8.704405606748827,0.053412475248804464,0.03396301304119973,0.0326530415914295,0.033849988557304034,0.0029065774158093527,0.365985254254261,0.3904395397045165,0.7887253696298477,6.336197859248832,0.27220778703767656,269.1354775156153,2.682276915212121,3.166165558572903,7.318092626467454,2.6330696424192404,0.6978547084634174,661.4310611885152,5.878477616935021,3.166165558572903,7.393885989118852,3.4503255825253696,0.6039172440941999,580.5138191017264,0.0
R05,74,0.05,7.864804085422427,0.04764385475711756,0.030796171660267338,0.02887937110525288,0.033325825853847156,-0.0027221637923653397,0.3518575681769076,0.3921989387456979,0.9120388073150874,4.679241535868816,0.3661566148491326,336.9476359887906,2.9190567720153355,2.1551468413159727,6.189805125045342,0.8502889748997191,0.8062661045651082,741.3874211148427,3.7411443758390464,2.8845868406334345,7.291931200080321,0.5007054974760345,0.8464481134597636,774.425717962812,0.0
R05,75,0.043333333333333335,7.180211403203808,0.04075853765679831,0.03210835662364573,0.026490867412457195,0.011367424079090397,0.017026055468385648,0.22564253338690354,0.3611195609186989,0.7221443747445502,4.772083057001597,0.2767963616006224,253.97789231716706,2.702779092851676,3.3568385199798403,4.896672830753779,3.372048734069512,0.43771984697661787,430.7552108302866,5.34366030094662,3.3568385199798403,4.896672830753779,2.7948742332563015,0.504061743614189,485.9458636118734,0.0
R05,76,0.06,9.101972492881904,0.05479584668200535,0.030827056612293548,0.03333942109335757,0.021158878793590137,0.031813596899590624,0.45531753103779393,0.41092662775794,0.8502637832230902,7.315933305622664,0.20529186058091353,188.05990798988796,2.419579796127275,2.012935888877644,6.304635774123378,1.4478039990557363,0.8797894819478594,752.1320213276585,5.256655945208847,2.0750813774483294,6.304635774123378,2.771381651893501,0.727654119570201,636.3747099300548,0.0
R05,77,0.04,5.126438273041403,0.03714541757574531,0.026561809986249654,0.02469592396198922,0.017937105245577054,0.0337003847087618,0.30902198854505636,0.3575610834076608,0.7218418409322163,3.170288156841389,0.2248448409166861,206.841785009031,1.8880656066251964,0.45081658635964406,3.137719970673329,1.1205221096933187,0.4604501336652453,455.37903667219916,1.7522143643169725,0.9604757539084563,3.11874083080645,1.0549164769775858,0.4679910109880259,460.6426653077949,0.0
R05,78,0.043333333333333335,6.987948357319375,0.04106124048181896,0.02136602344639078,0.021101296042768506,0.012615974839272508,0.00972576926977653,0.4847154595461636,0.49109989223497463,0.8054391162731291,5.05449326793503,0.22223621714507003,213.31416201343973,2.1750731077994203,1.5236539152916428,4.171305398041163,1.1553802972730107,0.670410121767351,587.343581898855,5.194763439889265,1.5236539152916428,4.990111242221392,1.8836866060744928,0.5866967529492166,507.27033050173145,0.0
R05,79,0.056666666666666664,7.004502546869542,0.050588489496753784,0.03605987640597237,0.03275757423715004,0.02813876481961135,0.055624179543867225,0.326841427660691,0.388488145147201,0.7090875581416825,3.801777369977845,0.3681293306348928,338.03713548307087,2.6802680909729855,2.022331225313822,5.029539874993251,2.1251530520886703,0.5608447694505777,508.0168130744172,3.7052633528831933,1.9614892132066828,5.029539874993251,2.6381801198642645,0.5018761409774024,449.1267338668847,0.0
R05,80,0.02666666666666667,3.730186605806371,0.026050216293290365,0.022065189882231516,0.019146013219080465,0.012413661838079267,0.01158538516183294,0.16278790497435247,0.27354924548177006,0.6634259794856003,2.4899951949912085,0.1425507368589209,123.00513370776378,1.56478737789186,0.8921076481125292,2.5970583690017603,1.4370997215728698,0.26357320505401466,234.76822477538366,2.5949513714582473,0.8921076481125292,3.064421425373017,0.8964485446094659,0.32571701849094115,283.9628801761839,0.0
R05,81,0.05333333333333334,8.669482532559305,0.049102503120800736,0.036974703028723174,0.03539433729226961,0.01559082060613252,0.028459782612286322,0.2684199636422514,0.2996890186508905,0.8392410786742631,5.744803304166334,0.3361700262134254,321.1629696666332,4.22974296093968,3.5596599031051106,6.189491959206775,3.493130060180988,0.5949830427337165,539.6690253948491,5.561714981694552,3.575028581427901,6.7244750670451126,2.754619384630372,0.6798693272700073,603.1356260641184,0.0
R05,82,0.05333333333333334,6.00119682672727,0.048577576784400694,0.028779809258558053,0.02728799867740226,0.020646060300734355,0.038845954692434126,0.4305638131186894,0.46008071926809135,0.7973641757044333,3.0074258907631553,0.3441116017954026,318.64716071163093,1.125376813773184,0.8354573771284759,4.576930134295866,1.6200630961208997,0.5035785896669874,463.01295507501595,3.9960002899693876,0.8452511293805713,4.605830026804314,1.1969117419945388,0.5522166763425878,507.1254000858404,0.0
R05,83,0.04666666666666667,8.3274216229771,0.045001232831830475,0.034119539566894105,0.03543782849306736,0.013741398298108708,-0.01151243468969576,0.23308015434214857,0.20344839633407052,0.6805109637207809,6.390780837494271,0.22260238911037092,206.57556368389533,4.031900385478506,2.342607770288497,7.126194504227248,2.6874322709206577,0.6482746380928928,584.5697485940061,5.095038845082248,2.951492444160193,7.256622267840836,2.8602750327342203,0.6284076539786749,561.2537177238337,0.0
R05,84,0.043333333333333335,5.595228580158098,0.04239561444946707,0.032631792490071816,0.030276188856524278,0.02059323179830574,-0.022455337263141306,0.21301882684810047,0.2698289365463079,0.6679397427139425,4.942417684263718,0.07503573515164871,68.08850470094467,2.623107289865567,0.31234425282302514,5.311545745719721,1.1647847734957661,0.5092464145003546,453.4538148303911,3.353786777961318,0.7980996080137261,5.3668037694342825,0.4973009569892639,0.585968692250904,517.9058072027519,0.0
R05,85,0.03,4.728779488171642,0.02781560036101302,0.026713973799006415,0.026700412032868263,0.010830267249708224,0.05310254066023312,0.09060406423573453,0.09106573328956435,0.7242211592605963,2.8687280087000095,0.21379902060434866,181.03912292558914,2.500322422138976,1.8847376821625152,3.0030734549239275,2.3963924112426724,0.2680904685817102,231.90367836237834,2.8218277296180894,1.8847376821625152,3.07629124031146,1.2182597719265589,0.40350801331512354,340.13659402418665,0.0
R05,86,0.04666666666666667,6.824660394488199,0.04573952231690787,0.029469257418162136,0.027485646793157917,0.01657544713967162,-0.028107291042791527,0.337606584447654,0.38219306989511836,0.9227246597286675,4.459574678360565,0.2718489328569868,283.3349506411146,2.3220025214240456,2.0471791487769915,6.255031845599917,1.9797682171096138,0.5568841582553679,534.0290755267501,3.9818975022252685,2.374720343640109,6.609083689719854,1.5689360319462464,0.604106248498603,577.4909135081655,0.0
R05,87,0.07,8.613518108361212,0.0628187121483269,0.03883135350757985,0.03771728268221479,0.031384503510206704,0.04365865706847338,0.408838107447944,0.42579853138555634,0.8237243684787312,5.740581452649371,0.3302226040668527,337.21467129076336,2.784838171587781,2.48920308907695,4.743981639733017,2.163936121259571,0.7413312628000356,734.6050102222794,4.782154646661898,2.9933152908833645,5.248093841539431,1.7364880848456608,0.7904632210028836,780.538793241424,0.0
R05,88,0.04666666666666667,8.014711898198588,0.044942962938532234,0.02444931947168369,0.02666538315664134,0.019572669774139042,-0.010202676757963713,0.45044192994161125,0.40063049517990823,0.8620894925199643,6.870190003355933,0.1315542407713908,139.29100034656312,2.7537464716937006,1.767045037190666,7.135257814195409,1.316435072294329,0.7699168764522231,706.8046397882752,5.017379420130672,2.5612879062562666,7.286387711476525,1.3441704362758813,0.7667289035811468,702.8512089077553,0.0
R05,89,0.03666666666666667,5.758556129966989,0.03564056974426984,0.025295904139503195,0.022285396373374733,0.01818248619254761,-0.006278907931750233,0.2857932694317258,0.37079220432408566,0.7204608937385127,2.916765431119191,0.3266426090254201,297.37129101668415,1.4921943020210628,0.5490582768881715,4.584213969513957,1.343254774217625,0.5075059029013629,443.03881913011014,3.3307312589448195,0.3977012979923167,5.183548634425939,0.7296325007870896,0.5780371986898691,500.1992418261052,0.0
R05,90,0.02666666666666667,5.5070081574191905,0.025089289729705196,0.023889274584325212,0.021178807045326962,0.012829642554381149,0.04804549929449109,0.09357727125241633,0.1964196315010851,0.7576303465973467,3.5212899866311167,0.22824346788044023,219.02650626735942,3.128140030892916,3.2249795494076796,3.46758404023569,2.211974698502373,0.3787394779928825,356.4784103985352,4.0390439065981605,3.2249795494076796,3.860733995973889,1.8099579408927644,0.4249483007013192,370.5932112651103,0.0
R05,91,0.056666666666666664,8.517997793305907,0.05192752615632937,0.03832513756367174,0.03615600827319981,0.01679798064895436,0.03062731056068313,0.2845539846943018,0.32504685715882375,0.8580032583630787,5.337520862884915,0.3655720609259103,307.99014512152087,2.017334696160191,1.9374901603725654,5.005159955086233,1.377602793687938,0.8207350573330153,695.1426850311648,5.217275363327481,1.9374901603725654,5.560290615560195,1.6843972695218952,0.7854713244825908,662.6138856594935,0.0
