configuration,seed,chi,psi,regret,kendall_tau_with_additive,jaccard_with_additive_plan
"reported (count proxy, graph, eta = 0.20)",42,0.0,0.0,2.7999209555016478,1.0,1.0
"reported (count proxy, graph, eta = 0.20)",42,0.0,0.1,2.820818156282769,0.984526198439242,0.9333333333333333
"reported (count proxy, graph, eta = 0.20)",42,0.0,0.25,2.746037473177921,0.9658416945373467,0.9333333333333333
"reported (count proxy, graph, eta = 0.20)",42,0.0,0.5,2.608749245684919,0.9459085841694538,0.8709677419354839
"reported (count proxy, graph, eta = 0.20)",42,0.1,0.0,2.7999209555016478,0.97917502787068,1.0
"reported (count proxy, graph, eta = 0.20)",42,0.1,0.1,2.7999209555016478,0.9952731326644372,1.0
"reported (count proxy, graph, eta = 0.20)",42,0.1,0.25,2.820818156282769,0.9838127090301003,0.9333333333333333
"reported (count proxy, graph, eta = 0.20)",42,0.1,0.5,2.6736951398465862,0.9605351170568562,0.8709677419354839
"reported (count proxy, graph, eta = 0.20)",42,0.25,0.0,2.7999209555016478,0.9514381270903011,1.0
"reported (count proxy, graph, eta = 0.20)",42,0.25,0.1,2.7999209555016478,0.9692307692307693,1.0
"reported (count proxy, graph, eta = 0.20)",42,0.25,0.25,2.7999209555016478,0.9899219620958751,1.0
"reported (count proxy, graph, eta = 0.20)",42,0.25,0.5,2.746037473177921,0.98082497212932,0.9333333333333333
"reported (count proxy, graph, eta = 0.20)",42,0.5,0.0,2.818546538177145,0.916923076923077,0.9333333333333333
"reported (count proxy, graph, eta = 0.20)",42,0.5,0.1,2.7999209555016478,0.9348494983277592,1.0
"reported (count proxy, graph, eta = 0.20)",42,0.5,0.25,2.7999209555016478,0.9567001114827203,1.0
"reported (count proxy, graph, eta = 0.20)",42,0.5,0.5,2.820818156282769,0.9836343366778151,0.9333333333333333
"reduced (condition-informed P, eta = 0, no graph)",42,0.0,0.0,0.29316165416065587,1.0,1.0
"reduced (condition-informed P, eta = 0, no graph)",42,0.0,0.1,0.29316165416065587,0.9954069119286512,1.0
"reduced (condition-informed P, eta = 0, no graph)",42,0.0,0.25,0.29316165416065587,0.99041248606466,1.0
"reduced (condition-informed P, eta = 0, no graph)",42,0.0,0.5,0.29316165416065587,0.9844370122630993,1.0
"reduced (condition-informed P, eta = 0, no graph)",42,0.1,0.0,0.37580062589688623,0.9772575250836121,0.8125
"reduced (condition-informed P, eta = 0, no graph)",42,0.1,0.1,0.37580062589688623,0.9794871794871796,0.8125
"reduced (condition-informed P, eta = 0, no graph)",42,0.1,0.25,0.34354868158857244,0.9804682274247492,0.8709677419354839
"reduced (condition-informed P, eta = 0, no graph)",42,0.1,0.5,0.34354868158857244,0.9799777034559645,0.8709677419354839
"reduced (condition-informed P, eta = 0, no graph)",42,0.25,0.0,0.5047029460510544,0.9479598662207358,0.6571428571428571
"reduced (condition-informed P, eta = 0, no graph)",42,0.25,0.1,0.46284804848343697,0.9537569676700113,0.7058823529411765
"reduced (condition-informed P, eta = 0, no graph)",42,0.25,0.25,0.46284804848343697,0.9595540691192865,0.7058823529411765
"reduced (condition-informed P, eta = 0, no graph)",42,0.25,0.5,0.4365266351476009,0.9649052396878485,0.7575757575757576
"reduced (condition-informed P, eta = 0, no graph)",42,0.5,0.0,0.6935278806411986,0.9091638795986623,0.48717948717948717
"reduced (condition-informed P, eta = 0, no graph)",42,0.5,0.1,0.6935278806411986,0.917547380156076,0.48717948717948717
"reduced (condition-informed P, eta = 0, no graph)",42,0.5,0.25,0.6187756714471675,0.9280267558528429,0.5263157894736842
"reduced (condition-informed P, eta = 0, no graph)",42,0.5,0.5,0.4998713361188436,0.9393088071348941,0.6571428571428571
"reported (count proxy, graph, eta = 0.20)",43,0.0,0.0,1.0757968903350559,1.0,1.0
"reported (count proxy, graph, eta = 0.20)",43,0.0,0.1,1.07144974513551,0.9799777034559645,0.9333333333333333
"reported (count proxy, graph, eta = 0.20)",43,0.0,0.25,1.07144974513551,0.9588405797101449,0.9333333333333333
"reported (count proxy, graph, eta = 0.20)",43,0.0,0.5,1.07144974513551,0.933913043478261,0.9333333333333333
"reported (count proxy, graph, eta = 0.20)",43,0.1,0.0,1.0757968903350559,0.9727090301003345,1.0
"reported (count proxy, graph, eta = 0.20)",43,0.1,0.1,1.0757968903350559,0.9952731326644372,1.0
"reported (count proxy, graph, eta = 0.20)",43,0.1,0.25,1.07144974513551,0.9789966555183948,0.9333333333333333
"reported (count proxy, graph, eta = 0.20)",43,0.1,0.5,1.07144974513551,0.9517502787068004,0.9333333333333333
"reported (count proxy, graph, eta = 0.20)",43,0.25,0.0,1.1271886541303786,0.9394871794871795,0.9333333333333333
"reported (count proxy, graph, eta = 0.20)",43,0.25,0.1,1.1271886541303786,0.961917502787068,0.9333333333333333
"reported (count proxy, graph, eta = 0.20)",43,0.25,0.25,1.0757968903350559,0.9901003344481606,1.0
"reported (count proxy, graph, eta = 0.20)",43,0.25,0.5,1.07144974513551,0.9756075808249721,0.9333333333333333
"reported (count proxy, graph, eta = 0.20)",43,0.5,0.0,1.1805787629780582,0.89123745819398,0.9333333333333333
"reported (count proxy, graph, eta = 0.20)",43,0.5,0.1,1.1805787629780582,0.9182608695652175,0.9333333333333333
"reported (count proxy, graph, eta = 0.20)",43,0.5,0.25,1.1271886541303786,0.948227424749164,0.9333333333333333
"reported (count proxy, graph, eta = 0.20)",43,0.5,0.5,1.0757968903350559,0.9854626532887403,1.0
"reduced (condition-informed P, eta = 0, no graph)",43,0.0,0.0,0.15445114824933626,1.0,1.0
"reduced (condition-informed P, eta = 0, no graph)",43,0.0,0.1,0.15445114824933626,0.995005574136009,1.0
"reduced (condition-informed P, eta = 0, no graph)",43,0.0,0.25,0.15445114824933626,0.9897435897435898,1.0
"reduced (condition-informed P, eta = 0, no graph)",43,0.0,0.5,0.191461858064514,0.9834559643255296,0.9333333333333333
"reduced (condition-informed P, eta = 0, no graph)",43,0.1,0.0,0.24642288969926085,0.9752954292084728,0.7575757575757576
"reduced (condition-informed P, eta = 0, no graph)",43,0.1,0.1,0.24642288969926085,0.9797547380156076,0.7575757575757576
"reduced (condition-informed P, eta = 0, no graph)",43,0.1,0.25,0.26997654296496876,0.9804682274247492,0.7575757575757576
"reduced (condition-informed P, eta = 0, no graph)",43,0.1,0.5,0.26997654296496876,0.979933110367893,0.7575757575757576
"reduced (condition-informed P, eta = 0, no graph)",43,0.25,0.0,0.42941440345819615,0.9406020066889632,0.48717948717948717
"reduced (condition-informed P, eta = 0, no graph)",43,0.25,0.1,0.4187880493690841,0.9488517279821628,0.5263157894736842
"reduced (condition-informed P, eta = 0, no graph)",43,0.25,0.25,0.4002221925006495,0.9562095875139355,0.5675675675675675
"reduced (condition-informed P, eta = 0, no graph)",43,0.25,0.5,0.32951680834537456,0.9641025641025642,0.6571428571428571
"reduced (condition-informed P, eta = 0, no graph)",43,0.5,0.0,0.6028367519942321,0.8928428093645485,0.38095238095238093
"reduced (condition-informed P, eta = 0, no graph)",43,0.5,0.1,0.5167221990467112,0.904526198439242,0.4146341463414634
"reduced (condition-informed P, eta = 0, no graph)",43,0.5,0.25,0.4936879443569069,0.9183500557413602,0.45
"reduced (condition-informed P, eta = 0, no graph)",43,0.5,0.5,0.4187880493690841,0.9327982162764772,0.5263157894736842
"reported (count proxy, graph, eta = 0.20)",44,0.0,0.0,3.7799100023502774,1.0,1.0
"reported (count proxy, graph, eta = 0.20)",44,0.0,0.1,3.7525691621343924,0.9829208472686733,0.9333333333333333
"reported (count proxy, graph, eta = 0.20)",44,0.0,0.25,3.7525691621343924,0.9630323299888518,0.9333333333333333
"reported (count proxy, graph, eta = 0.20)",44,0.0,0.5,3.4132160024369114,0.9416722408026756,0.8709677419354839
"reported (count proxy, graph, eta = 0.20)",44,0.1,0.0,3.221833004427083,0.97850613154961,0.9333333333333333
"reported (count proxy, graph, eta = 0.20)",44,0.1,0.1,3.7799100023502774,0.9956744704570792,1.0
"reported (count proxy, graph, eta = 0.20)",44,0.1,0.25,3.7525691621343924,0.981850613154961,0.9333333333333333
"reported (count proxy, graph, eta = 0.20)",44,0.1,0.5,3.7525691621343924,0.9573690078037904,0.9333333333333333
"reported (count proxy, graph, eta = 0.20)",44,0.25,0.0,3.377964177948627,0.9485395763656634,0.8709677419354839
"reported (count proxy, graph, eta = 0.20)",44,0.25,0.1,3.221833004427083,0.9694983277591973,0.9333333333333333
"reported (count proxy, graph, eta = 0.20)",44,0.25,0.25,3.7799100023502774,0.9919286510590859,1.0
"reported (count proxy, graph, eta = 0.20)",44,0.25,0.5,3.7525691621343924,0.9781939799331104,0.9333333333333333
"reported (count proxy, graph, eta = 0.20)",44,0.5,0.0,3.377964177948627,0.9091192865105909,0.8709677419354839
"reported (count proxy, graph, eta = 0.20)",44,0.5,0.1,3.377964177948627,0.9309698996655519,0.8709677419354839
"reported (count proxy, graph, eta = 0.20)",44,0.5,0.25,3.377964177948627,0.9574581939799331,0.8709677419354839
"reported (count proxy, graph, eta = 0.20)",44,0.5,0.5,3.7799100023502774,0.987201783723523,1.0
"reduced (condition-informed P, eta = 0, no graph)",44,0.0,0.0,0.22097333978905453,1.0,1.0
"reduced (condition-informed P, eta = 0, no graph)",44,0.0,0.1,0.22097333978905453,0.9952285395763657,1.0
"reduced (condition-informed P, eta = 0, no graph)",44,0.0,0.25,0.22097333978905453,0.9904570791527314,1.0
"reduced (condition-informed P, eta = 0, no graph)",44,0.0,0.5,0.22097333978905453,0.9841694537346712,1.0
"reduced (condition-informed P, eta = 0, no graph)",44,0.1,0.0,0.30322787004834595,0.9782385730211818,0.8125
"reduced (condition-informed P, eta = 0, no graph)",44,0.1,0.1,0.2694757685909508,0.9813600891861762,0.8709677419354839
"reduced (condition-informed P, eta = 0, no graph)",44,0.1,0.25,0.2694757685909508,0.9822073578595318,0.8709677419354839
"reduced (condition-informed P, eta = 0, no graph)",44,0.1,0.5,0.25965453587525644,0.9807803790412487,0.9333333333333333
"reduced (condition-informed P, eta = 0, no graph)",44,0.25,0.0,0.3824240221179025,0.9488517279821628,0.6571428571428571
"reduced (condition-informed P, eta = 0, no graph)",44,0.25,0.1,0.3574978746160866,0.9547826086956522,0.7058823529411765
"reduced (condition-informed P, eta = 0, no graph)",44,0.25,0.25,0.3335817061498858,0.961025641025641,0.7575757575757576
"reduced (condition-informed P, eta = 0, no graph)",44,0.25,0.5,0.35472820377245284,0.9655741360089187,0.7575757575757576
"reduced (condition-informed P, eta = 0, no graph)",44,0.5,0.0,0.5992791280099254,0.9071571906354515,0.45
"reduced (condition-informed P, eta = 0, no graph)",44,0.5,0.1,0.5116318257556713,0.917324414715719,0.48717948717948717
"reduced (condition-informed P, eta = 0, no graph)",44,0.5,0.25,0.46204329681333434,0.9279821627647714,0.5675675675675675
"reduced (condition-informed P, eta = 0, no graph)",44,0.5,0.5,0.4074039340899276,0.9398885172798217,0.6111111111111112
"reported (count proxy, graph, eta = 0.20)",45,0.0,0.0,2.6490274945759325,1.0,1.0
"reported (count proxy, graph, eta = 0.20)",45,0.0,0.1,2.521563901349964,0.9852842809364549,0.9333333333333333
"reported (count proxy, graph, eta = 0.20)",45,0.0,0.25,2.4531245063637073,0.9680713489409143,0.8709677419354839
"reported (count proxy, graph, eta = 0.20)",45,0.0,0.5,2.4531245063637073,0.947603121516165,0.8709677419354839
"reported (count proxy, graph, eta = 0.20)",45,0.1,0.0,2.6490274945759325,0.9803790412486065,1.0
"reported (count proxy, graph, eta = 0.20)",45,0.1,0.1,2.6490274945759325,0.9954069119286512,1.0
"reported (count proxy, graph, eta = 0.20)",45,0.1,0.25,2.521563901349964,0.9840802675585285,0.9333333333333333
"reported (count proxy, graph, eta = 0.20)",45,0.1,0.5,2.4531245063637073,0.9614715719063546,0.8709677419354839
"reported (count proxy, graph, eta = 0.20)",45,0.25,0.0,2.96284585258212,0.9535785953177258,0.8709677419354839
"reported (count proxy, graph, eta = 0.20)",45,0.25,0.1,2.827601830372771,0.9725306577480491,0.9333333333333333
"reported (count proxy, graph, eta = 0.20)",45,0.25,0.25,2.6490274945759325,0.9922408026755853,1.0
"reported (count proxy, graph, eta = 0.20)",45,0.25,0.5,2.521563901349964,0.9817168338907469,0.9333333333333333
"reported (count proxy, graph, eta = 0.20)",45,0.5,0.0,2.96284585258212,0.9174136008918617,0.8709677419354839
"reported (count proxy, graph, eta = 0.20)",45,0.5,0.1,2.96284585258212,0.9379264214046823,0.8709677419354839
"reported (count proxy, graph, eta = 0.20)",45,0.5,0.25,2.96284585258212,0.9616053511705686,0.8709677419354839
"reported (count proxy, graph, eta = 0.20)",45,0.5,0.5,2.6490274945759325,0.9860869565217392,1.0
"reduced (condition-informed P, eta = 0, no graph)",45,0.0,0.0,0.2127072796417906,1.0,1.0
"reduced (condition-informed P, eta = 0, no graph)",45,0.0,0.1,0.2127072796417906,0.9962987736900781,1.0
"reduced (condition-informed P, eta = 0, no graph)",45,0.0,0.25,0.2278704584421689,0.9909921962095876,0.9333333333333333
"reduced (condition-informed P, eta = 0, no graph)",45,0.0,0.5,0.2278704584421689,0.9848829431438128,0.9333333333333333
"reduced (condition-informed P, eta = 0, no graph)",45,0.1,0.0,0.3167753231957704,0.9776588628762543,0.7575757575757576
"reduced (condition-informed P, eta = 0, no graph)",45,0.1,0.1,0.2707018690765892,0.9806465997770346,0.8125
"reduced (condition-informed P, eta = 0, no graph)",45,0.1,0.25,0.2673178483750007,0.9826086956521739,0.8709677419354839
"reduced (condition-informed P, eta = 0, no graph)",45,0.1,0.5,0.2538236153422986,0.9819397993311036,0.8709677419354839
"reduced (condition-informed P, eta = 0, no graph)",45,0.25,0.0,0.403348827133982,0.9468450390189521,0.5675675675675675
"reduced (condition-informed P, eta = 0, no graph)",45,0.25,0.1,0.3913174373043944,0.9535340022296545,0.5675675675675675
"reduced (condition-informed P, eta = 0, no graph)",45,0.25,0.25,0.30167392375935265,0.9602675585284282,0.6571428571428571
"reduced (condition-informed P, eta = 0, no graph)",45,0.25,0.5,0.37068365665231795,0.966644370122631,0.7058823529411765
"reduced (condition-informed P, eta = 0, no graph)",45,0.5,0.0,0.6039677941066088,0.9032775919732442,0.45
"reduced (condition-informed P, eta = 0, no graph)",45,0.5,0.1,0.4857850658376037,0.9130434782608696,0.48717948717948717
"reduced (condition-informed P, eta = 0, no graph)",45,0.5,0.25,0.46429891735382967,0.9255741360089187,0.5263157894736842
"reduced (condition-informed P, eta = 0, no graph)",45,0.5,0.5,0.3913174373043944,0.9394871794871795,0.5675675675675675
"reported (count proxy, graph, eta = 0.20)",46,0.0,0.0,1.3477426473479568,1.0,1.0
"reported (count proxy, graph, eta = 0.20)",46,0.0,0.1,1.3477426473479568,0.9826086956521739,1.0
"reported (count proxy, graph, eta = 0.20)",46,0.0,0.25,1.3477426473479568,0.9647714604236344,1.0
"reported (count proxy, graph, eta = 0.20)",46,0.0,0.5,1.3477426473479568,0.9461315496098105,1.0
"reported (count proxy, graph, eta = 0.20)",46,0.1,0.0,1.3477426473479568,0.9792642140468227,1.0
"reported (count proxy, graph, eta = 0.20)",46,0.1,0.1,1.3477426473479568,0.9950947603121517,1.0
"reported (count proxy, graph, eta = 0.20)",46,0.1,0.25,1.3477426473479568,0.9817168338907469,1.0
"reported (count proxy, graph, eta = 0.20)",46,0.1,0.5,1.3477426473479568,0.9589743589743591,1.0
"reported (count proxy, graph, eta = 0.20)",46,0.25,0.0,1.4344959746740642,0.9510367892976589,0.9333333333333333
"reported (count proxy, graph, eta = 0.20)",46,0.25,0.1,1.4344959746740642,0.9705239687848385,0.9333333333333333
"reported (count proxy, graph, eta = 0.20)",46,0.25,0.25,1.3477426473479568,0.9900111482720179,1.0
"reported (count proxy, graph, eta = 0.20)",46,0.25,0.5,1.3477426473479568,0.9780602006688963,1.0
"reported (count proxy, graph, eta = 0.20)",46,0.5,0.0,1.9065623509279135,0.9099219620958752,0.8709677419354839
"reported (count proxy, graph, eta = 0.20)",46,0.5,0.1,1.4344959746740642,0.9316387959866222,0.9333333333333333
"reported (count proxy, graph, eta = 0.20)",46,0.5,0.25,1.4344959746740642,0.9583500557413601,0.9333333333333333
"reported (count proxy, graph, eta = 0.20)",46,0.5,0.5,1.3477426473479568,0.9860423634336678,1.0
"reduced (condition-informed P, eta = 0, no graph)",46,0.0,0.0,0.1687243287003355,1.0,1.0
"reduced (condition-informed P, eta = 0, no graph)",46,0.0,0.1,0.18006727816506896,0.9955406911928651,0.9333333333333333
"reduced (condition-informed P, eta = 0, no graph)",46,0.0,0.25,0.18006727816506896,0.9916164994425863,0.9333333333333333
"reduced (condition-informed P, eta = 0, no graph)",46,0.0,0.5,0.18006727816506896,0.9863991081382387,0.9333333333333333
"reduced (condition-informed P, eta = 0, no graph)",46,0.1,0.0,0.1706813863400498,0.9755183946488295,0.8125
"reduced (condition-informed P, eta = 0, no graph)",46,0.1,0.1,0.1706813863400498,0.97917502787068,0.8125
"reduced (condition-informed P, eta = 0, no graph)",46,0.1,0.25,0.19057516219544368,0.9808695652173914,0.8125
"reduced (condition-informed P, eta = 0, no graph)",46,0.1,0.5,0.1800606840997716,0.9806465997770346,0.8709677419354839
"reduced (condition-informed P, eta = 0, no graph)",46,0.25,0.0,0.32512672412755705,0.9463545150501673,0.6111111111111112
"reduced (condition-informed P, eta = 0, no graph)",46,0.25,0.1,0.2403240092600356,0.9525083612040134,0.6571428571428571
"reduced (condition-informed P, eta = 0, no graph)",46,0.25,0.25,0.1810374012670195,0.9589743589743591,0.7575757575757576
"reduced (condition-informed P, eta = 0, no graph)",46,0.25,0.5,0.1948289646895205,0.9650390189520625,0.7575757575757576
"reduced (condition-informed P, eta = 0, no graph)",46,0.5,0.0,0.49683506734064053,0.9016276477146042,0.45
"reduced (condition-informed P, eta = 0, no graph)",46,0.5,0.1,0.4785048865616659,0.9121070234113714,0.48717948717948717
"reduced (condition-informed P, eta = 0, no graph)",46,0.5,0.25,0.43905894729491024,0.9245039018952063,0.5263157894736842
"reduced (condition-informed P, eta = 0, no graph)",46,0.5,0.5,0.3764121507011282,0.9377034559643256,0.5675675675675675
"reported (count proxy, graph, eta = 0.20)",47,0.0,0.0,2.240781327967568,1.0,1.0
"reported (count proxy, graph, eta = 0.20)",47,0.0,0.1,2.1696679844486937,0.9843478260869566,0.9333333333333333
"reported (count proxy, graph, eta = 0.20)",47,0.0,0.25,1.6136886446835774,0.9688740245261985,0.8709677419354839
"reported (count proxy, graph, eta = 0.20)",47,0.0,0.5,1.6136886446835774,0.9510813823857304,0.8709677419354839
"reported (count proxy, graph, eta = 0.20)",47,0.1,0.0,2.240781327967568,0.9793088071348942,1.0
"reported (count proxy, graph, eta = 0.20)",47,0.1,0.1,2.240781327967568,0.9961204013377927,1.0
"reported (count proxy, graph, eta = 0.20)",47,0.1,0.25,2.1696679844486937,0.9842140468227425,0.9333333333333333
"reported (count proxy, graph, eta = 0.20)",47,0.1,0.5,1.6136886446835774,0.9637458193979934,0.8709677419354839
"reported (count proxy, graph, eta = 0.20)",47,0.25,0.0,2.357817319373993,0.9531326644370123,0.8709677419354839
"reported (count proxy, graph, eta = 0.20)",47,0.25,0.1,2.240781327967568,0.9705239687848385,1.0
"reported (count proxy, graph, eta = 0.20)",47,0.25,0.25,2.240781327967568,0.9914827201783724,1.0
"reported (count proxy, graph, eta = 0.20)",47,0.25,0.5,2.1696679844486937,0.981850613154961,0.9333333333333333
"reported (count proxy, graph, eta = 0.20)",47,0.5,0.0,2.925557921975212,0.9158528428093646,0.8125
"reported (count proxy, graph, eta = 0.20)",47,0.5,0.1,2.925557921975212,0.9361426978818284,0.8125
"reported (count proxy, graph, eta = 0.20)",47,0.5,0.25,2.271758837028699,0.9586176142697882,0.9333333333333333
"reported (count proxy, graph, eta = 0.20)",47,0.5,0.5,2.240781327967568,0.9866666666666667,1.0
"reduced (condition-informed P, eta = 0, no graph)",47,0.0,0.0,0.07140977907187107,1.0,1.0
"reduced (condition-informed P, eta = 0, no graph)",47,0.0,0.1,0.07140977907187107,0.9947380156075809,1.0
"reduced (condition-informed P, eta = 0, no graph)",47,0.0,0.25,0.07140977907187107,0.9890746934225196,1.0
"reduced (condition-informed P, eta = 0, no graph)",47,0.0,0.5,0.07140977907187107,0.9834113712374583,1.0
"reduced (condition-informed P, eta = 0, no graph)",47,0.1,0.0,0.16089964397804124,0.9771237458193981,0.7575757575757576
"reduced (condition-informed P, eta = 0, no graph)",47,0.1,0.1,0.1730149288358689,0.9792642140468227,0.7575757575757576
"reduced (condition-informed P, eta = 0, no graph)",47,0.1,0.25,0.12709975078189473,0.9807803790412487,0.8125
"reduced (condition-informed P, eta = 0, no graph)",47,0.1,0.5,0.12709975078189473,0.980066889632107,0.8125
"reduced (condition-informed P, eta = 0, no graph)",47,0.25,0.0,0.24876059166558662,0.946711259754738,0.6571428571428571
"reduced (condition-informed P, eta = 0, no graph)",47,0.25,0.1,0.24876059166558662,0.9529542920847269,0.6571428571428571
"reduced (condition-informed P, eta = 0, no graph)",47,0.25,0.25,0.19946001036424832,0.9583500557413601,0.7058823529411765
"reduced (condition-informed P, eta = 0, no graph)",47,0.25,0.5,0.19946001036424832,0.9650390189520625,0.7058823529411765
"reduced (condition-informed P, eta = 0, no graph)",47,0.5,0.0,0.6018474638210591,0.9051059085841696,0.45
"reduced (condition-informed P, eta = 0, no graph)",47,0.5,0.1,0.5493980869493953,0.9155406911928651,0.48717948717948717
"reduced (condition-informed P, eta = 0, no graph)",47,0.5,0.25,0.4088518293222876,0.9260200668896322,0.5675675675675675
"reduced (condition-informed P, eta = 0, no graph)",47,0.5,0.5,0.24876059166558662,0.9369453734671126,0.6571428571428571
"reported (count proxy, graph, eta = 0.20)",48,0.0,0.0,1.5937597943150479,1.0,1.0
"reported (count proxy, graph, eta = 0.20)",48,0.0,0.1,1.56192096721756,0.9849275362318841,0.9333333333333333
"reported (count proxy, graph, eta = 0.20)",48,0.0,0.25,1.56192096721756,0.968428093645485,0.9333333333333333
"reported (count proxy, graph, eta = 0.20)",48,0.0,0.5,1.4745263957804298,0.9467558528428095,0.8709677419354839
"reported (count proxy, graph, eta = 0.20)",48,0.1,0.0,1.5937597943150479,0.978907469342252,1.0
"reported (count proxy, graph, eta = 0.20)",48,0.1,0.1,1.5937597943150479,0.9958528428093646,1.0
"reported (count proxy, graph, eta = 0.20)",48,0.1,0.25,1.56192096721756,0.9837681159420291,0.9333333333333333
"reported (count proxy, graph, eta = 0.20)",48,0.1,0.5,1.4745263957804298,0.96164994425864,0.8709677419354839
"reported (count proxy, graph, eta = 0.20)",48,0.25,0.0,1.6165465250236934,0.9509921962095876,0.9333333333333333
"reported (count proxy, graph, eta = 0.20)",48,0.25,0.1,1.5937597943150479,0.9697658862876255,1.0
"reported (count proxy, graph, eta = 0.20)",48,0.25,0.25,1.5937597943150479,0.9914381270903011,1.0
"reported (count proxy, graph, eta = 0.20)",48,0.25,0.5,1.56192096721756,0.9809587513935341,0.9333333333333333
"reported (count proxy, graph, eta = 0.20)",48,0.5,0.0,2.401141811983223,0.9114827201783724,0.7575757575757576
"reported (count proxy, graph, eta = 0.20)",48,0.5,0.1,1.722475506520908,0.9325306577480492,0.8709677419354839
"reported (count proxy, graph, eta = 0.20)",48,0.5,0.25,1.6165465250236934,0.9586176142697882,0.9333333333333333
"reported (count proxy, graph, eta = 0.20)",48,0.5,0.5,1.5937597943150479,0.9874693422519509,1.0
"reduced (condition-informed P, eta = 0, no graph)",48,0.0,0.0,0.148192005150662,1.0,1.0
"reduced (condition-informed P, eta = 0, no graph)",48,0.0,0.1,0.148192005150662,0.9957190635451506,1.0
"reduced (condition-informed P, eta = 0, no graph)",48,0.0,0.25,0.148192005150662,0.9912597547380156,1.0
"reduced (condition-informed P, eta = 0, no graph)",48,0.0,0.5,0.148192005150662,0.9860869565217392,1.0
"reduced (condition-informed P, eta = 0, no graph)",48,0.1,0.0,0.2365159737161946,0.975964325529543,0.8125
"reduced (condition-informed P, eta = 0, no graph)",48,0.1,0.1,0.19768602217385478,0.9789520624303234,0.8709677419354839
"reduced (condition-informed P, eta = 0, no graph)",48,0.1,0.25,0.19249405946885645,0.9815384615384616,0.8709677419354839
"reduced (condition-informed P, eta = 0, no graph)",48,0.1,0.5,0.17031783159373504,0.981583054626533,0.9333333333333333
"reduced (condition-informed P, eta = 0, no graph)",48,0.25,0.0,0.30112000562738217,0.9444370122630993,0.7058823529411765
"reduced (condition-informed P, eta = 0, no graph)",48,0.25,0.1,0.30112000562738217,0.9502787068004459,0.7058823529411765
"reduced (condition-informed P, eta = 0, no graph)",48,0.25,0.25,0.2551638090598374,0.9567001114827203,0.7575757575757576
"reduced (condition-informed P, eta = 0, no graph)",48,0.25,0.5,0.2551638090598374,0.9639687848383501,0.7575757575757576
"reduced (condition-informed P, eta = 0, no graph)",48,0.5,0.0,0.8436038358343865,0.8957413600891863,0.38095238095238093
"reduced (condition-informed P, eta = 0, no graph)",48,0.5,0.1,0.773065910115946,0.9082720178372353,0.4146341463414634
"reduced (condition-informed P, eta = 0, no graph)",48,0.5,0.25,0.566711889084246,0.9214715719063545,0.5263157894736842
"reduced (condition-informed P, eta = 0, no graph)",48,0.5,0.5,0.30112000562738217,0.9359197324414716,0.7058823529411765
"reported (count proxy, graph, eta = 0.20)",49,0.0,0.0,1.908070873727155,1.0,1.0
"reported (count proxy, graph, eta = 0.20)",49,0.0,0.1,2.213232325397854,0.9836343366778151,0.9333333333333333
"reported (count proxy, graph, eta = 0.20)",49,0.0,0.25,2.317168790885148,0.9645484949832777,0.8709677419354839
"reported (count proxy, graph, eta = 0.20)",49,0.0,0.5,2.2922357832929663,0.9427870680044594,0.8125
"reported (count proxy, graph, eta = 0.20)",49,0.1,0.0,1.9089842897029143,0.9775250836120403,0.9333333333333333
"reported (count proxy, graph, eta = 0.20)",49,0.1,0.1,1.908070873727155,0.9956744704570792,1.0
"reported (count proxy, graph, eta = 0.20)",49,0.1,0.25,2.213232325397854,0.9822073578595318,0.9333333333333333
"reported (count proxy, graph, eta = 0.20)",49,0.1,0.5,2.317168790885148,0.9583946488294315,0.8709677419354839
"reported (count proxy, graph, eta = 0.20)",49,0.25,0.0,2.4593361503351048,0.9486733556298774,0.8709677419354839
"reported (count proxy, graph, eta = 0.20)",49,0.25,0.1,2.448929851002788,0.9687848383500558,0.9333333333333333
"reported (count proxy, graph, eta = 0.20)",49,0.25,0.25,1.908070873727155,0.9911259754738017,1.0
"reported (count proxy, graph, eta = 0.20)",49,0.25,0.5,2.213232325397854,0.9784615384615385,0.9333333333333333
"reported (count proxy, graph, eta = 0.20)",49,0.5,0.0,2.7236025010371065,0.9081828316610926,0.7575757575757576
"reported (count proxy, graph, eta = 0.20)",49,0.5,0.1,2.567604556782811,0.9313266443701227,0.8125
"reported (count proxy, graph, eta = 0.20)",49,0.5,0.25,2.4593361503351048,0.9562095875139355,0.8709677419354839
"reported (count proxy, graph, eta = 0.20)",49,0.5,0.5,1.908070873727155,0.9859977703455965,1.0
"reduced (condition-informed P, eta = 0, no graph)",49,0.0,0.0,0.14510302299518685,1.0,1.0
"reduced (condition-informed P, eta = 0, no graph)",49,0.0,0.1,0.14510302299518685,0.995139353400223,1.0
"reduced (condition-informed P, eta = 0, no graph)",49,0.0,0.25,0.12906846507456748,0.9905016722408028,0.9333333333333333
"reduced (condition-informed P, eta = 0, no graph)",49,0.0,0.5,0.12906846507456748,0.9851505016722408,0.9333333333333333
"reduced (condition-informed P, eta = 0, no graph)",49,0.1,0.0,0.1372534288844065,0.9766332218506133,0.9333333333333333
"reduced (condition-informed P, eta = 0, no graph)",49,0.1,0.1,0.1372534288844065,0.9794871794871796,0.9333333333333333
"reduced (condition-informed P, eta = 0, no graph)",49,0.1,0.25,0.1372534288844065,0.9817168338907469,0.9333333333333333
"reduced (condition-informed P, eta = 0, no graph)",49,0.1,0.5,0.14510302299518685,0.9806465997770346,1.0
"reduced (condition-informed P, eta = 0, no graph)",49,0.25,0.0,0.3671676188805577,0.9479598662207358,0.6111111111111112
"reduced (condition-informed P, eta = 0, no graph)",49,0.25,0.1,0.28295449480094703,0.9538907469342253,0.7058823529411765
"reduced (condition-informed P, eta = 0, no graph)",49,0.25,0.25,0.211724664439231,0.9604013377926421,0.8125
"reduced (condition-informed P, eta = 0, no graph)",49,0.25,0.5,0.17044623867417386,0.9662876254180603,0.8709677419354839
"reduced (condition-informed P, eta = 0, no graph)",49,0.5,0.0,0.6059837617572725,0.902742474916388,0.45
"reduced (condition-informed P, eta = 0, no graph)",49,0.5,0.1,0.4861537546610748,0.9138461538461539,0.5263157894736842
"reduced (condition-informed P, eta = 0, no graph)",49,0.5,0.25,0.46842100469399384,0.9251727982162765,0.5675675675675675
"reduced (condition-informed P, eta = 0, no graph)",49,0.5,0.5,0.38590605489841323,0.9393088071348941,0.6571428571428571
"reported (count proxy, graph, eta = 0.20)",50,0.0,0.0,4.110247116244238,1.0,1.0
"reported (count proxy, graph, eta = 0.20)",50,0.0,0.1,4.109201835230635,0.9803344481605352,0.9333333333333333
"reported (count proxy, graph, eta = 0.20)",50,0.0,0.25,4.081251257401448,0.9582608695652174,0.9333333333333333
"reported (count proxy, graph, eta = 0.20)",50,0.0,0.5,3.9788663060575686,0.9335562987736902,0.7575757575757576
"reported (count proxy, graph, eta = 0.20)",50,0.1,0.0,4.1721325666785845,0.9741806020066891,0.8709677419354839
"reported (count proxy, graph, eta = 0.20)",50,0.1,0.1,4.110247116244238,0.9955852842809365,1.0
"reported (count proxy, graph, eta = 0.20)",50,0.1,0.25,4.109201835230635,0.9787290969899667,0.9333333333333333
"reported (count proxy, graph, eta = 0.20)",50,0.1,0.5,4.029689257947581,0.9512597547380156,0.8125
"reported (count proxy, graph, eta = 0.20)",50,0.25,0.0,3.6392855454133155,0.9439018952062431,0.8125
"reported (count proxy, graph, eta = 0.20)",50,0.25,0.1,4.1721325666785845,0.9648606465997771,0.8709677419354839
"reported (count proxy, graph, eta = 0.20)",50,0.25,0.25,4.110247116244238,0.9915273132664438,1.0
"reported (count proxy, graph, eta = 0.20)",50,0.25,0.5,4.109201835230635,0.9745373467112598,0.9333333333333333
"reported (count proxy, graph, eta = 0.20)",50,0.5,0.0,4.276644440619776,0.9008695652173914,0.7575757575757576
"reported (count proxy, graph, eta = 0.20)",50,0.5,0.1,3.6824860572345983,0.9241025641025642,0.8125
"reported (count proxy, graph, eta = 0.20)",50,0.5,0.25,3.6392855454133155,0.9529988851727983,0.8125
"reported (count proxy, graph, eta = 0.20)",50,0.5,0.5,4.110247116244238,0.9866666666666667,1.0
"reduced (condition-informed P, eta = 0, no graph)",50,0.0,0.0,0.24585648591568088,1.0,1.0
"reduced (condition-informed P, eta = 0, no graph)",50,0.0,0.1,0.24585648591568088,0.9949163879598663,1.0
"reduced (condition-informed P, eta = 0, no graph)",50,0.0,0.25,0.24585648591568088,0.9892976588628764,1.0
"reduced (condition-informed P, eta = 0, no graph)",50,0.0,0.5,0.24585648591568088,0.9835451505016723,1.0
"reduced (condition-informed P, eta = 0, no graph)",50,0.1,0.0,0.25123811885774217,0.9797101449275363,0.8125
"reduced (condition-informed P, eta = 0, no graph)",50,0.1,0.1,0.25123811885774217,0.9812263099219621,0.8125
"reduced (condition-informed P, eta = 0, no graph)",50,0.1,0.25,0.23097638004495025,0.9811817168338909,0.8125
"reduced (condition-informed P, eta = 0, no graph)",50,0.1,0.5,0.2339540084560383,0.9798439241917504,0.8709677419354839
"reduced (condition-informed P, eta = 0, no graph)",50,0.25,0.0,0.5364748552761966,0.947469342251951,0.5675675675675675
"reduced (condition-informed P, eta = 0, no graph)",50,0.25,0.1,0.5119507385859947,0.9532664437012264,0.6111111111111112
"reduced (condition-informed P, eta = 0, no graph)",50,0.25,0.25,0.5117791203502406,0.9591081382385731,0.6111111111111112
"reduced (condition-informed P, eta = 0, no graph)",50,0.25,0.5,0.24170545352055228,0.9638795986622074,0.7058823529411765
"reduced (condition-informed P, eta = 0, no graph)",50,0.5,0.0,0.8791465720657357,0.89917502787068,0.38095238095238093
"reduced (condition-informed P, eta = 0, no graph)",50,0.5,0.1,0.844355391024493,0.9103678929765887,0.4146341463414634
"reduced (condition-informed P, eta = 0, no graph)",50,0.5,0.25,0.5949496884001348,0.9219175027870681,0.5263157894736842
"reduced (condition-informed P, eta = 0, no graph)",50,0.5,0.5,0.5364748552761966,0.9351170568561874,0.5675675675675675
"reported (count proxy, graph, eta = 0.20)",51,0.0,0.0,1.5455461430844366,1.0,1.0
"reported (count proxy, graph, eta = 0.20)",51,0.0,0.1,1.4440284347136014,0.9828316610925306,0.9333333333333333
"reported (count proxy, graph, eta = 0.20)",51,0.0,0.25,1.4440284347136014,0.9624080267558528,0.9333333333333333
"reported (count proxy, graph, eta = 0.20)",51,0.0,0.5,1.9211624170917787,0.9418952062430324,0.8709677419354839
"reported (count proxy, graph, eta = 0.20)",51,0.1,0.0,1.605496375539218,0.977614269788183,0.9333333333333333
"reported (count proxy, graph, eta = 0.20)",51,0.1,0.1,1.5455461430844366,0.9962095875139354,1.0
"reported (count proxy, graph, eta = 0.20)",51,0.1,0.25,1.4440284347136014,0.9820289855072464,0.9333333333333333
"reported (count proxy, graph, eta = 0.20)",51,0.1,0.5,1.4440284347136014,0.9564325529542922,0.9333333333333333
"reported (count proxy, graph, eta = 0.20)",51,0.25,0.0,1.5981463732063617,0.9470680044593088,0.8709677419354839
"reported (count proxy, graph, eta = 0.20)",51,0.25,0.1,1.605496375539218,0.9680713489409143,0.9333333333333333
"reported (count proxy, graph, eta = 0.20)",51,0.25,0.25,1.5455461430844366,0.9921516164994426,1.0
"reported (count proxy, graph, eta = 0.20)",51,0.25,0.5,1.4440284347136014,0.9787290969899667,0.9333333333333333
"reported (count proxy, graph, eta = 0.20)",51,0.5,0.0,1.745021888116895,0.9062207357859533,0.7575757575757576
"reported (count proxy, graph, eta = 0.20)",51,0.5,0.1,1.7379303713340164,0.9284726867335563,0.7575757575757576
"reported (count proxy, graph, eta = 0.20)",51,0.5,0.25,1.5981463732063617,0.9551839464882943,0.8709677419354839
"reported (count proxy, graph, eta = 0.20)",51,0.5,0.5,1.605496375539218,0.9875585284280937,0.9333333333333333
"reduced (condition-informed P, eta = 0, no graph)",51,0.0,0.0,0.028077174708016628,1.0,1.0
"reduced (condition-informed P, eta = 0, no graph)",51,0.0,0.1,0.050876258496145965,0.9953177257525084,0.9333333333333333
"reduced (condition-informed P, eta = 0, no graph)",51,0.0,0.25,0.050876258496145965,0.9895652173913044,0.9333333333333333
"reduced (condition-informed P, eta = 0, no graph)",51,0.0,0.5,0.050876258496145965,0.9839464882943145,0.9333333333333333
"reduced (condition-informed P, eta = 0, no graph)",51,0.1,0.0,0.10031331556714917,0.9713266443701227,0.7575757575757576
"reduced (condition-informed P, eta = 0, no graph)",51,0.1,0.1,0.10399153691261631,0.9756967670011149,0.7575757575757576
"reduced (condition-informed P, eta = 0, no graph)",51,0.1,0.25,0.06886141333345108,0.9779264214046823,0.8125
"reduced (condition-informed P, eta = 0, no graph)",51,0.1,0.5,0.06602716450333901,0.9778372352285397,0.8709677419354839
"reduced (condition-informed P, eta = 0, no graph)",51,0.25,0.0,0.21167241030303785,0.9331995540691193,0.6571428571428571
"reduced (condition-informed P, eta = 0, no graph)",51,0.25,0.1,0.18533722729685564,0.9422965440356746,0.7058823529411765
"reduced (condition-informed P, eta = 0, no graph)",51,0.25,0.25,0.17070161216400948,0.9497881828316611,0.7058823529411765
"reduced (condition-informed P, eta = 0, no graph)",51,0.25,0.5,0.12223707195894917,0.9591527313266444,0.7575757575757576
"reduced (condition-informed P, eta = 0, no graph)",51,0.5,0.0,0.7486087162506578,0.880891861761427,0.38095238095238093
"reduced (condition-informed P, eta = 0, no graph)",51,0.5,0.1,0.7486087162506578,0.8930657748049053,0.38095238095238093
"reduced (condition-informed P, eta = 0, no graph)",51,0.5,0.25,0.4531165963673516,0.9079598662207358,0.48717948717948717
"reduced (condition-informed P, eta = 0, no graph)",51,0.5,0.5,0.32757208626864553,0.9245484949832777,0.5675675675675675
"reported (count proxy, graph, eta = 0.20)",52,0.0,0.0,1.9374814982594444,1.0,1.0
"reported (count proxy, graph, eta = 0.20)",52,0.0,0.1,1.9374814982594444,0.9855072463768118,1.0
"reported (count proxy, graph, eta = 0.20)",52,0.0,0.25,1.9374814982594444,0.9697658862876255,1.0
"reported (count proxy, graph, eta = 0.20)",52,0.0,0.5,1.9523142075876478,0.9529542920847269,0.9333333333333333
"reported (count proxy, graph, eta = 0.20)",52,0.1,0.0,1.9374814982594444,0.9814492753623189,1.0
"reported (count proxy, graph, eta = 0.20)",52,0.1,0.1,1.9374814982594444,0.9960758082497214,1.0
"reported (count proxy, graph, eta = 0.20)",52,0.1,0.25,1.9374814982594444,0.9852396878483836,1.0
"reported (count proxy, graph, eta = 0.20)",52,0.1,0.5,1.9374814982594444,0.9653065774804906,1.0
"reported (count proxy, graph, eta = 0.20)",52,0.25,0.0,2.0394264592664797,0.9572798216276477,0.9333333333333333
"reported (count proxy, graph, eta = 0.20)",52,0.25,0.1,2.0394264592664797,0.9731549609810479,0.9333333333333333
"reported (count proxy, graph, eta = 0.20)",52,0.25,0.25,1.9374814982594444,0.9922408026755853,1.0
"reported (count proxy, graph, eta = 0.20)",52,0.25,0.5,1.9374814982594444,0.9818060200668897,1.0
"reported (count proxy, graph, eta = 0.20)",52,0.5,0.0,2.0394264592664797,0.924726867335563,0.9333333333333333
"reported (count proxy, graph, eta = 0.20)",52,0.5,0.1,2.0394264592664797,0.9415384615384617,0.9333333333333333
"reported (count proxy, graph, eta = 0.20)",52,0.5,0.25,2.0394264592664797,0.9625863991081383,0.9333333333333333
"reported (count proxy, graph, eta = 0.20)",52,0.5,0.5,1.9374814982594444,0.9871571906354515,1.0
"reduced (condition-informed P, eta = 0, no graph)",52,0.0,0.0,0.26961140841478937,1.0,1.0
"reduced (condition-informed P, eta = 0, no graph)",52,0.0,0.1,0.2881464200522146,0.995897435897436,0.9333333333333333
"reduced (condition-informed P, eta = 0, no graph)",52,0.0,0.25,0.2881464200522146,0.9901895206243033,0.9333333333333333
"reduced (condition-informed P, eta = 0, no graph)",52,0.0,0.5,0.2881464200522146,0.9846153846153848,0.9333333333333333
"reduced (condition-informed P, eta = 0, no graph)",52,0.1,0.0,0.2792070666233144,0.9779710144927537,0.9333333333333333
"reduced (condition-informed P, eta = 0, no graph)",52,0.1,0.1,0.2792070666233144,0.9805574136008919,0.9333333333333333
"reduced (condition-informed P, eta = 0, no graph)",52,0.1,0.25,0.2881464200522146,0.9823411371237458,0.9333333333333333
"reduced (condition-informed P, eta = 0, no graph)",52,0.1,0.5,0.2881464200522146,0.98082497212932,0.9333333333333333
"reduced (condition-informed P, eta = 0, no graph)",52,0.25,0.0,0.3739083573436801,0.9488517279821628,0.7575757575757576
"reduced (condition-informed P, eta = 0, no graph)",52,0.25,0.1,0.32806744061653603,0.954515050167224,0.8125
"reduced (condition-informed P, eta = 0, no graph)",52,0.25,0.25,0.3097590543221429,0.9591527313266444,0.8709677419354839
"reduced (condition-informed P, eta = 0, no graph)",52,0.25,0.5,0.3097590543221429,0.9653511705685619,0.8709677419354839
"reduced (condition-informed P, eta = 0, no graph)",52,0.5,0.0,0.7080047502757054,0.9067112597547381,0.45
"reduced (condition-informed P, eta = 0, no graph)",52,0.5,0.1,0.6491544685588053,0.9162095875139353,0.48717948717948717
"reduced (condition-informed P, eta = 0, no graph)",52,0.5,0.25,0.5091373328352233,0.9279375696767002,0.6571428571428571
"reduced (condition-informed P, eta = 0, no graph)",52,0.5,0.5,0.4191879157757512,0.9392196209587514,0.7058823529411765
"reported (count proxy, graph, eta = 0.20)",53,0.0,0.0,1.4439378724518974,1.0,1.0
"reported (count proxy, graph, eta = 0.20)",53,0.0,0.1,1.3541356101896724,0.9816276477146043,0.9333333333333333
"reported (count proxy, graph, eta = 0.20)",53,0.0,0.25,1.3291114532421204,0.9594648829431439,0.8709677419354839
"reported (count proxy, graph, eta = 0.20)",53,0.0,0.5,0.7135350270625622,0.9331103678929766,0.7575757575757576
"reported (count proxy, graph, eta = 0.20)",53,0.1,0.0,1.548729663790624,0.9741360089186176,0.8709677419354839
"reported (count proxy, graph, eta = 0.20)",53,0.1,0.1,1.4439378724518974,0.9953623188405797,1.0
"reported (count proxy, graph, eta = 0.20)",53,0.1,0.25,1.3541356101896724,0.9803790412486065,0.9333333333333333
"reported (count proxy, graph, eta = 0.20)",53,0.1,0.5,1.3291114532421204,0.9517502787068004,0.8709677419354839
"reported (count proxy, graph, eta = 0.20)",53,0.25,0.0,2.1030840676187665,0.9412709030100335,0.8125
"reported (count proxy, graph, eta = 0.20)",53,0.25,0.1,1.548729663790624,0.9645039018952063,0.8709677419354839
"reported (count proxy, graph, eta = 0.20)",53,0.25,0.25,1.5717410779814713,0.9905016722408028,0.9333333333333333
"reported (count proxy, graph, eta = 0.20)",53,0.25,0.5,1.3541356101896724,0.976098104793757,0.9333333333333333
"reported (count proxy, graph, eta = 0.20)",53,0.5,0.0,2.1520361421110294,0.8975696767001116,0.7575757575757576
"reported (count proxy, graph, eta = 0.20)",53,0.5,0.1,2.1520361421110294,0.9209364548494984,0.7575757575757576
"reported (count proxy, graph, eta = 0.20)",53,0.5,0.25,1.548729663790624,0.9517056856187291,0.8709677419354839
"reported (count proxy, graph, eta = 0.20)",53,0.5,0.5,1.5717410779814713,0.985551839464883,0.9333333333333333
"reduced (condition-informed P, eta = 0, no graph)",53,0.0,0.0,0.27277654567043896,1.0,1.0
"reduced (condition-informed P, eta = 0, no graph)",53,0.0,0.1,0.2907417337673621,0.9953623188405797,0.9333333333333333
"reduced (condition-informed P, eta = 0, no graph)",53,0.0,0.25,0.2907417337673621,0.9894314381270903,0.9333333333333333
"reduced (condition-informed P, eta = 0, no graph)",53,0.0,0.5,0.2907417337673621,0.9826978818283166,0.9333333333333333
"reduced (condition-informed P, eta = 0, no graph)",53,0.1,0.0,0.2746661477578698,0.9729765886287627,0.8125
"reduced (condition-informed P, eta = 0, no graph)",53,0.1,0.1,0.2746661477578698,0.975964325529543,0.8125
"reduced (condition-informed P, eta = 0, no graph)",53,0.1,0.25,0.2746661477578698,0.9777926421404682,0.8125
"reduced (condition-informed P, eta = 0, no graph)",53,0.1,0.5,0.2746661477578698,0.9769007803790413,0.8125
"reduced (condition-informed P, eta = 0, no graph)",53,0.25,0.0,0.34054956506196277,0.9388182831661093,0.7058823529411765
"reduced (condition-informed P, eta = 0, no graph)",53,0.25,0.1,0.3023745075218187,0.9452842809364549,0.7575757575757576
"reduced (condition-informed P, eta = 0, no graph)",53,0.25,0.25,0.2746661477578698,0.9522853957636567,0.8125
"reduced (condition-informed P, eta = 0, no graph)",53,0.25,0.5,0.2746661477578698,0.9587068004459309,0.8125
"reduced (condition-informed P, eta = 0, no graph)",53,0.5,0.0,0.5495512041955806,0.8875808249721294,0.5263157894736842
"reduced (condition-informed P, eta = 0, no graph)",53,0.5,0.1,0.49196549996057115,0.8995317725752509,0.5675675675675675
"reduced (condition-informed P, eta = 0, no graph)",53,0.5,0.25,0.42820883079676264,0.9137569676700111,0.6111111111111112
"reduced (condition-informed P, eta = 0, no graph)",53,0.5,0.5,0.3226794837542286,0.9287848383500559,0.7058823529411765
"reported (count proxy, graph, eta = 0.20)",54,0.0,0.0,2.222972063370662,1.0,1.0
"reported (count proxy, graph, eta = 0.20)",54,0.0,0.1,2.1489783452846325,0.9855072463768118,0.9333333333333333
"reported (count proxy, graph, eta = 0.20)",54,0.0,0.25,2.7079422047114576,0.9694983277591973,0.8709677419354839
"reported (count proxy, graph, eta = 0.20)",54,0.0,0.5,2.57608319429724,0.9501003344481607,0.7575757575757576
"reported (count proxy, graph, eta = 0.20)",54,0.1,0.0,1.7319388607949122,0.9807803790412487,0.9333333333333333
"reported (count proxy, graph, eta = 0.20)",54,0.1,0.1,2.222972063370662,0.9956744704570792,1.0
"reported (count proxy, graph, eta = 0.20)",54,0.1,0.25,2.1489783452846325,0.9847045707915273,0.9333333333333333
"reported (count proxy, graph, eta = 0.20)",54,0.1,0.5,2.6239863880607572,0.9639687848383501,0.8125
"reported (count proxy, graph, eta = 0.20)",54,0.25,0.0,1.824706374487505,0.9534448160535118,0.8125
"reported (count proxy, graph, eta = 0.20)",54,0.25,0.1,1.761858242333176,0.9717279821627649,0.8709677419354839
"reported (count proxy, graph, eta = 0.20)",54,0.25,0.25,2.222972063370662,0.9916164994425863,1.0
"reported (count proxy, graph, eta = 0.20)",54,0.25,0.5,2.1489783452846325,0.9824749163879599,0.9333333333333333
"reported (count proxy, graph, eta = 0.20)",54,0.5,0.0,1.4486579004956184,0.9190635451505017,0.7058823529411765
"reported (count proxy, graph, eta = 0.20)",54,0.5,0.1,1.883213247049781,0.9369007803790413,0.7575757575757576
"reported (count proxy, graph, eta = 0.20)",54,0.5,0.25,1.824706374487505,0.9591527313266444,0.8125
"reported (count proxy, graph, eta = 0.20)",54,0.5,0.5,2.222972063370662,0.9863991081382387,1.0
"reduced (condition-informed P, eta = 0, no graph)",54,0.0,0.0,0.18843328352829758,1.0,1.0
"reduced (condition-informed P, eta = 0, no graph)",54,0.0,0.1,0.18843328352829758,0.9957190635451506,1.0
"reduced (condition-informed P, eta = 0, no graph)",54,0.0,0.25,0.18843328352829758,0.9909030100334448,1.0
"reduced (condition-informed P, eta = 0, no graph)",54,0.0,0.5,0.18843328352829758,0.9853288740245263,1.0
"reduced (condition-informed P, eta = 0, no graph)",54,0.1,0.0,0.23045036090655913,0.977748049052397,0.9333333333333333
"reduced (condition-informed P, eta = 0, no graph)",54,0.1,0.1,0.23045036090655913,0.9802006688963212,0.9333333333333333
"reduced (condition-informed P, eta = 0, no graph)",54,0.1,0.25,0.18843328352829758,0.9812263099219621,1.0
"reduced (condition-informed P, eta = 0, no graph)",54,0.1,0.5,0.18843328352829758,0.9801114827201785,1.0
"reduced (condition-informed P, eta = 0, no graph)",54,0.25,0.0,0.3498942432042327,0.9492976588628764,0.7058823529411765
"reduced (condition-informed P, eta = 0, no graph)",54,0.25,0.1,0.3278441520026263,0.9558974358974359,0.7575757575757576
"reduced (condition-informed P, eta = 0, no graph)",54,0.25,0.25,0.270024532139189,0.9599554069119288,0.8709677419354839
"reduced (condition-informed P, eta = 0, no graph)",54,0.25,0.5,0.270024532139189,0.9648160535117057,0.8709677419354839
"reduced (condition-informed P, eta = 0, no graph)",54,0.5,0.0,0.530937069766992,0.9093422519509478,0.48717948717948717
"reduced (condition-informed P, eta = 0, no graph)",54,0.5,0.1,0.4804624088694993,0.9191527313266444,0.5263157894736842
"reduced (condition-informed P, eta = 0, no graph)",54,0.5,0.25,0.41370737065352614,0.9289632107023411,0.5675675675675675
"reduced (condition-informed P, eta = 0, no graph)",54,0.5,0.5,0.3494531545356665,0.9409141583054628,0.7058823529411765
"reported (count proxy, graph, eta = 0.20)",55,0.0,0.0,1.8901643315862486,1.0,1.0
"reported (count proxy, graph, eta = 0.20)",55,0.0,0.1,1.8151431230537014,0.981850613154961,0.9333333333333333
"reported (count proxy, graph, eta = 0.20)",55,0.0,0.25,1.7892177151881015,0.9611594202898551,0.8709677419354839
"reported (count proxy, graph, eta = 0.20)",55,0.0,0.5,1.7892177151881015,0.938773690078038,0.8709677419354839
"reported (count proxy, graph, eta = 0.20)",55,0.1,0.0,1.9501728242897798,0.9779710144927537,0.9333333333333333
"reported (count proxy, graph, eta = 0.20)",55,0.1,0.1,1.8901643315862486,0.995897435897436,1.0
"reported (count proxy, graph, eta = 0.20)",55,0.1,0.25,1.7892177151881015,0.9797101449275363,0.8709677419354839
"reported (count proxy, graph, eta = 0.20)",55,0.1,0.5,1.7892177151881015,0.9548272017837236,0.8709677419354839
"reported (count proxy, graph, eta = 0.20)",55,0.25,0.0,1.8445038187425666,0.9469788182831662,0.8125
"reported (count proxy, graph, eta = 0.20)",55,0.25,0.1,1.9501728242897798,0.9692307692307693,0.9333333333333333
"reported (count proxy, graph, eta = 0.20)",55,0.25,0.25,1.8901643315862486,0.9913489409141584,1.0
"reported (count proxy, graph, eta = 0.20)",55,0.25,0.5,1.7892177151881015,0.9756521739130436,0.8709677419354839
"reported (count proxy, graph, eta = 0.20)",55,0.5,0.0,2.4427169661003916,0.9068004459308808,0.7575757575757576
"reported (count proxy, graph, eta = 0.20)",55,0.5,0.1,2.4427169661003916,0.9294091415830547,0.7575757575757576
"reported (count proxy, graph, eta = 0.20)",55,0.5,0.25,1.9501728242897798,0.9549609810479376,0.9333333333333333
"reported (count proxy, graph, eta = 0.20)",55,0.5,0.5,1.8901643315862486,0.9866666666666667,1.0
"reduced (condition-informed P, eta = 0, no graph)",55,0.0,0.0,0.12142533494170493,1.0,1.0
"reduced (condition-informed P, eta = 0, no graph)",55,0.0,0.1,0.14243701164292588,0.9965217391304348,0.9333333333333333
"reduced (condition-informed P, eta = 0, no graph)",55,0.0,0.25,0.14243701164292588,0.9912597547380156,0.9333333333333333
"reduced (condition-informed P, eta = 0, no graph)",55,0.0,0.5,0.14243701164292588,0.9865328874024527,0.9333333333333333
"reduced (condition-informed P, eta = 0, no graph)",55,0.1,0.0,0.15431493040532018,0.977614269788183,0.9333333333333333
"reduced (condition-informed P, eta = 0, no graph)",55,0.1,0.1,0.15431493040532018,0.9813154960981049,0.9333333333333333
"reduced (condition-informed P, eta = 0, no graph)",55,0.1,0.25,0.12142533494170493,0.9826978818283166,1.0
"reduced (condition-informed P, eta = 0, no graph)",55,0.1,0.5,0.14243701164292588,0.9821627647714606,0.9333333333333333
"reduced (condition-informed P, eta = 0, no graph)",55,0.25,0.0,0.3685141781650145,0.9477814938684505,0.7058823529411765
"reduced (condition-informed P, eta = 0, no graph)",55,0.25,0.1,0.2293564840246063,0.9533556298773691,0.8125
"reduced (condition-informed P, eta = 0, no graph)",55,0.25,0.25,0.16298076332464007,0.9587068004459309,0.8709677419354839
"reduced (condition-informed P, eta = 0, no graph)",55,0.25,0.5,0.15431493040532018,0.9659754738015609,0.9333333333333333
"reduced (condition-informed P, eta = 0, no graph)",55,0.5,0.0,0.7145415229687728,0.9037235228539577,0.5263157894736842
"reduced (condition-informed P, eta = 0, no graph)",55,0.5,0.1,0.5227332288922355,0.9148272017837236,0.6111111111111112
"reduced (condition-informed P, eta = 0, no graph)",55,0.5,0.25,0.4471412065747131,0.9249944258639912,0.6571428571428571
"reduced (condition-informed P, eta = 0, no graph)",55,0.5,0.5,0.4471412065747131,0.9378372352285396,0.6571428571428571
"reported (count proxy, graph, eta = 0.20)",56,0.0,0.0,0.7902609088600911,1.0,1.0
"reported (count proxy, graph, eta = 0.20)",56,0.0,0.1,1.270058114556548,0.9877814938684505,0.9333333333333333
"reported (count proxy, graph, eta = 0.20)",56,0.0,0.25,1.270058114556548,0.9724414715719064,0.9333333333333333
"reported (count proxy, graph, eta = 0.20)",56,0.0,0.5,1.270058114556548,0.9558528428093647,0.9333333333333333
"reported (count proxy, graph, eta = 0.20)",56,0.1,0.0,0.7902609088600911,0.9834559643255296,1.0
"reported (count proxy, graph, eta = 0.20)",56,0.1,0.1,0.7902609088600911,0.9964325529542921,1.0
"reported (count proxy, graph, eta = 0.20)",56,0.1,0.25,1.270058114556548,0.9870234113712375,0.9333333333333333
"reported (count proxy, graph, eta = 0.20)",56,0.1,0.5,1.270058114556548,0.9681159420289855,0.9333333333333333
"reported (count proxy, graph, eta = 0.20)",56,0.25,0.0,0.7930560688419064,0.9587959866220737,0.9333333333333333
"reported (count proxy, graph, eta = 0.20)",56,0.25,0.1,0.7902609088600911,0.9745819397993312,1.0
"reported (count proxy, graph, eta = 0.20)",56,0.25,0.25,0.7902609088600911,0.9927759197324415,1.0
"reported (count proxy, graph, eta = 0.20)",56,0.25,0.5,1.270058114556548,0.984526198439242,0.9333333333333333
"reported (count proxy, graph, eta = 0.20)",56,0.5,0.0,1.3952091008642924,0.9276700111482721,0.8709677419354839
"reported (count proxy, graph, eta = 0.20)",56,0.5,0.1,0.7930560688419064,0.9431438127090301,0.9333333333333333
"reported (count proxy, graph, eta = 0.20)",56,0.5,0.25,0.7930560688419064,0.9639241917502788,0.9333333333333333
"reported (count proxy, graph, eta = 0.20)",56,0.5,0.5,0.7902609088600911,0.9884057971014494,1.0
"reduced (condition-informed P, eta = 0, no graph)",56,0.0,0.0,0.22499784084297403,1.0,1.0
"reduced (condition-informed P, eta = 0, no graph)",56,0.0,0.1,0.22499784084297403,0.9951839464882944,1.0
"reduced (condition-informed P, eta = 0, no graph)",56,0.0,0.25,0.23204041494665262,0.9889409141583054,0.9333333333333333
"reduced (condition-informed P, eta = 0, no graph)",56,0.0,0.5,0.23204041494665262,0.9828316610925306,0.9333333333333333
"reduced (condition-informed P, eta = 0, no graph)",56,0.1,0.0,0.2716627084648735,0.9793088071348942,0.8709677419354839
"reduced (condition-informed P, eta = 0, no graph)",56,0.1,0.1,0.2519719583360711,0.9810925306577482,0.9333333333333333
"reduced (condition-informed P, eta = 0, no graph)",56,0.1,0.25,0.22499784084297403,0.9809141583054627,1.0
"reduced (condition-informed P, eta = 0, no graph)",56,0.1,0.5,0.22499784084297403,0.9779710144927537,1.0
"reduced (condition-informed P, eta = 0, no graph)",56,0.25,0.0,0.33019108256075924,0.9516610925306578,0.7058823529411765
"reduced (condition-informed P, eta = 0, no graph)",56,0.25,0.1,0.32601168318012697,0.9560758082497213,0.7575757575757576
"reduced (condition-informed P, eta = 0, no graph)",56,0.25,0.25,0.32601168318012697,0.9614715719063546,0.7575757575757576
"reduced (condition-informed P, eta = 0, no graph)",56,0.25,0.5,0.2716627084648735,0.9641025641025642,0.8709677419354839
"reduced (condition-informed P, eta = 0, no graph)",56,0.5,0.0,0.47450263262700787,0.9140245261984393,0.5263157894736842
"reduced (condition-informed P, eta = 0, no graph)",56,0.5,0.1,0.34331712667034253,0.9220958751393535,0.6111111111111112
"reduced (condition-informed P, eta = 0, no graph)",56,0.5,0.25,0.3773315923834275,0.9318171683389075,0.6571428571428571
"reduced (condition-informed P, eta = 0, no graph)",56,0.5,0.5,0.33503232105320535,0.9403344481605352,0.7575757575757576
"reported (count proxy, graph, eta = 0.20)",57,0.0,0.0,2.7160357830830435,1.0,1.0
"reported (count proxy, graph, eta = 0.20)",57,0.0,0.1,2.619279664567671,0.9817168338907469,0.9333333333333333
"reported (count proxy, graph, eta = 0.20)",57,0.0,0.25,2.6219267310350176,0.9638795986622074,0.9333333333333333
"reported (count proxy, graph, eta = 0.20)",57,0.0,0.5,2.559629867978259,0.9429208472686734,0.8709677419354839
"reported (count proxy, graph, eta = 0.20)",57,0.1,0.0,2.7160357830830435,0.9764994425863991,1.0
"reported (count proxy, graph, eta = 0.20)",57,0.1,0.1,2.7160357830830435,0.9948272017837236,1.0
"reported (count proxy, graph, eta = 0.20)",57,0.1,0.25,2.619279664567671,0.9810479375696767,0.9333333333333333
"reported (count proxy, graph, eta = 0.20)",57,0.1,0.5,2.559629867978259,0.9583054626532889,0.8709677419354839
"reported (count proxy, graph, eta = 0.20)",57,0.25,0.0,2.8116181223550143,0.9468450390189521,0.9333333333333333
"reported (count proxy, graph, eta = 0.20)",57,0.25,0.1,2.7160357830830435,0.9678483835005576,1.0
"reported (count proxy, graph, eta = 0.20)",57,0.25,0.25,2.7160357830830435,0.9903678929765887,1.0
"reported (count proxy, graph, eta = 0.20)",57,0.25,0.5,2.6219267310350176,0.9777926421404682,0.9333333333333333
"reported (count proxy, graph, eta = 0.20)",57,0.5,0.0,3.078069141052623,0.9077814938684505,0.8125
"reported (count proxy, graph, eta = 0.20)",57,0.5,0.1,3.078069141052623,0.9274916387959866,0.8125
"reported (count proxy, graph, eta = 0.20)",57,0.5,0.25,2.786407959027798,0.9534894091415831,0.9333333333333333
"reported (count proxy, graph, eta = 0.20)",57,0.5,0.5,2.7160357830830435,0.9844370122630993,1.0
"reduced (condition-informed P, eta = 0, no graph)",57,0.0,0.0,0.21746418736893247,1.0,1.0
"reduced (condition-informed P, eta = 0, no graph)",57,0.0,0.1,0.21746418736893247,0.9953623188405797,1.0
"reduced (condition-informed P, eta = 0, no graph)",57,0.0,0.25,0.1654987261287033,0.9896989966555184,0.9333333333333333
"reduced (condition-informed P, eta = 0, no graph)",57,0.0,0.5,0.16616032847025508,0.9843924191750278,0.9333333333333333
"reduced (condition-informed P, eta = 0, no graph)",57,0.1,0.0,0.24282528806182313,0.9777034559643255,0.8709677419354839
"reduced (condition-informed P, eta = 0, no graph)",57,0.1,0.1,0.21946439140464236,0.9800222965440357,0.9333333333333333
"reduced (condition-informed P, eta = 0, no graph)",57,0.1,0.25,0.21946439140464236,0.9810033444816054,0.9333333333333333
"reduced (condition-informed P, eta = 0, no graph)",57,0.1,0.5,0.1675942080987909,0.979933110367893,0.9333333333333333
"reduced (condition-informed P, eta = 0, no graph)",57,0.25,0.0,0.3315699342325331,0.948361204013378,0.7058823529411765
"reduced (condition-informed P, eta = 0, no graph)",57,0.25,0.1,0.3117229673699171,0.9553177257525085,0.7575757575757576
"reduced (condition-informed P, eta = 0, no graph)",57,0.25,0.25,0.3037701421709471,0.9609364548494983,0.8125
"reduced (condition-informed P, eta = 0, no graph)",57,0.25,0.5,0.25985157081026955,0.9664214046822743,0.8709677419354839
"reduced (condition-informed P, eta = 0, no graph)",57,0.5,0.0,0.868604276453425,0.9043032329988852,0.48717948717948717
"reduced (condition-informed P, eta = 0, no graph)",57,0.5,0.1,0.7499515651317097,0.9154960981047938,0.5675675675675675
"reduced (condition-informed P, eta = 0, no graph)",57,0.5,0.25,0.3315699342325331,0.9289186176142699,0.7058823529411765
"reduced (condition-informed P, eta = 0, no graph)",57,0.5,0.5,0.3141590063852959,0.9414938684503902,0.7575757575757576
"reported (count proxy, graph, eta = 0.20)",58,0.0,0.0,3.4067947479147733,1.0,1.0
"reported (count proxy, graph, eta = 0.20)",58,0.0,0.1,3.412164175508508,0.9816722408026757,0.9333333333333333
"reported (count proxy, graph, eta = 0.20)",58,0.0,0.25,3.3807773002638157,0.9623634336677815,0.8709677419354839
"reported (count proxy, graph, eta = 0.20)",58,0.0,0.5,3.3807773002638157,0.9395763656633223,0.8709677419354839
"reported (count proxy, graph, eta = 0.20)",58,0.1,0.0,3.4067947479147733,0.9774804905239688,1.0
"reported (count proxy, graph, eta = 0.20)",58,0.1,0.1,3.4067947479147733,0.9956298773690079,1.0
"reported (count proxy, graph, eta = 0.20)",58,0.1,0.25,3.412164175508508,0.9803790412486065,0.9333333333333333
"reported (count proxy, graph, eta = 0.20)",58,0.1,0.5,3.3807773002638157,0.9555852842809365,0.8709677419354839
"reported (count proxy, graph, eta = 0.20)",58,0.25,0.0,3.8884979001950057,0.9481382385730213,0.9333333333333333
"reported (count proxy, graph, eta = 0.20)",58,0.25,0.1,3.4067947479147733,0.9673132664437013,1.0
"reported (count proxy, graph, eta = 0.20)",58,0.25,0.25,3.4067947479147733,0.9909921962095876,1.0
"reported (count proxy, graph, eta = 0.20)",58,0.25,0.5,3.412164175508508,0.9769453734671127,0.9333333333333333
"reported (count proxy, graph, eta = 0.20)",58,0.5,0.0,3.388991780836676,0.9059977703455966,0.8709677419354839
"reported (count proxy, graph, eta = 0.20)",58,0.5,0.1,3.8884979001950057,0.9290969899665553,0.9333333333333333
"reported (count proxy, graph, eta = 0.20)",58,0.5,0.25,3.4067947479147733,0.954871794871795,1.0
"reported (count proxy, graph, eta = 0.20)",58,0.5,0.5,3.4067947479147733,0.9860423634336678,1.0
"reduced (condition-informed P, eta = 0, no graph)",58,0.0,0.0,0.33875855565298707,1.0,1.0
"reduced (condition-informed P, eta = 0, no graph)",58,0.0,0.1,0.33875855565298707,0.9954960981047939,1.0
"reduced (condition-informed P, eta = 0, no graph)",58,0.0,0.25,0.33875855565298707,0.9909921962095876,1.0
"reduced (condition-informed P, eta = 0, no graph)",58,0.0,0.5,0.35525779597597307,0.9850613154960982,0.9333333333333333
"reduced (condition-informed P, eta = 0, no graph)",58,0.1,0.0,0.3501261391199648,0.9785953177257525,0.9333333333333333
"reduced (condition-informed P, eta = 0, no graph)",58,0.1,0.1,0.3501261391199648,0.9810479375696767,0.9333333333333333
"reduced (condition-informed P, eta = 0, no graph)",58,0.1,0.25,0.3501261391199648,0.9823411371237458,0.9333333333333333
"reduced (condition-informed P, eta = 0, no graph)",58,0.1,0.5,0.3501261391199648,0.981583054626533,0.9333333333333333
"reduced (condition-informed P, eta = 0, no graph)",58,0.25,0.0,0.4158756097169487,0.9493422519509477,0.7575757575757576
"reduced (condition-informed P, eta = 0, no graph)",58,0.25,0.1,0.3735026180425791,0.9558528428093647,0.8125
"reduced (condition-informed P, eta = 0, no graph)",58,0.25,0.25,0.3651459702549005,0.9607580824972131,0.8709677419354839
"reduced (condition-informed P, eta = 0, no graph)",58,0.25,0.5,0.3501261391199648,0.9665997770345597,0.9333333333333333
"reduced (condition-informed P, eta = 0, no graph)",58,0.5,0.0,0.8872114028098679,0.9063991081382387,0.48717948717948717
"reduced (condition-informed P, eta = 0, no graph)",58,0.5,0.1,0.7049492556180041,0.9160758082497213,0.5675675675675675
"reduced (condition-informed P, eta = 0, no graph)",58,0.5,0.25,0.4655021609792982,0.9273132664437014,0.7058823529411765
"reduced (condition-informed P, eta = 0, no graph)",58,0.5,0.5,0.4158756097169487,0.939799331103679,0.7575757575757576
"reported (count proxy, graph, eta = 0.20)",59,0.0,0.0,2.6908104223933265,1.0,1.0
"reported (count proxy, graph, eta = 0.20)",59,0.0,0.1,2.7970712647868083,0.9840802675585285,0.9333333333333333
"reported (count proxy, graph, eta = 0.20)",59,0.0,0.25,2.7970712647868083,0.9661538461538461,0.9333333333333333
"reported (count proxy, graph, eta = 0.20)",59,0.0,0.5,2.7970712647868083,0.9454180602006689,0.9333333333333333
"reported (count proxy, graph, eta = 0.20)",59,0.1,0.0,2.6908104223933265,0.9818952062430324,1.0
"reported (count proxy, graph, eta = 0.20)",59,0.1,0.1,2.6908104223933265,0.9964325529542921,1.0
"reported (count proxy, graph, eta = 0.20)",59,0.1,0.25,2.7970712647868083,0.9823411371237458,0.9333333333333333
"reported (count proxy, graph, eta = 0.20)",59,0.1,0.5,2.7970712647868083,0.9602229654403568,0.9333333333333333
"reported (count proxy, graph, eta = 0.20)",59,0.25,0.0,2.7095862756019073,0.953979933110368,0.9333333333333333
"reported (count proxy, graph, eta = 0.20)",59,0.25,0.1,2.6908104223933265,0.9735117056856188,1.0
"reported (count proxy, graph, eta = 0.20)",59,0.25,0.25,2.6908104223933265,0.9935340022296545,1.0
"reported (count proxy, graph, eta = 0.20)",59,0.25,0.5,2.7970712647868083,0.9791304347826087,0.9333333333333333
"reported (count proxy, graph, eta = 0.20)",59,0.5,0.0,2.7095862756019073,0.9163433667781494,0.9333333333333333
"reported (count proxy, graph, eta = 0.20)",59,0.5,0.1,2.7095862756019073,0.9382385730211817,0.9333333333333333
"reported (count proxy, graph, eta = 0.20)",59,0.5,0.25,2.6908104223933265,0.9624972129319955,1.0
"reported (count proxy, graph, eta = 0.20)",59,0.5,0.5,2.6908104223933265,0.9893868450390191,1.0
"reduced (condition-informed P, eta = 0, no graph)",59,0.0,0.0,0.1184761555238083,1.0,1.0
"reduced (condition-informed P, eta = 0, no graph)",59,0.0,0.1,0.1184761555238083,0.9959866220735787,1.0
"reduced (condition-informed P, eta = 0, no graph)",59,0.0,0.25,0.08734375079609435,0.9918394648829433,0.9333333333333333
"reduced (condition-informed P, eta = 0, no graph)",59,0.0,0.5,0.08734375079609435,0.9877369007803791,0.9333333333333333
"reduced (condition-informed P, eta = 0, no graph)",59,0.1,0.0,0.23168392616670985,0.977614269788183,0.7575757575757576
"reduced (condition-informed P, eta = 0, no graph)",59,0.1,0.1,0.1823935845741289,0.9794425863991082,0.8125
"reduced (condition-informed P, eta = 0, no graph)",59,0.1,0.25,0.16839594849295736,0.9815384615384616,0.8709677419354839
"reduced (condition-informed P, eta = 0, no graph)",59,0.1,0.5,0.16975239878837556,0.9814046822742476,0.8709677419354839
"reduced (condition-informed P, eta = 0, no graph)",59,0.25,0.0,0.34788422427627097,0.9455518394648831,0.6111111111111112
"reduced (condition-informed P, eta = 0, no graph)",59,0.25,0.1,0.29322926656874415,0.9526867335562988,0.6571428571428571
"reduced (condition-informed P, eta = 0, no graph)",59,0.25,0.25,0.29322926656874415,0.9586176142697882,0.6571428571428571
"reduced (condition-informed P, eta = 0, no graph)",59,0.25,0.5,0.2939982117524096,0.9641917502787068,0.7058823529411765
"reduced (condition-informed P, eta = 0, no graph)",59,0.5,0.0,0.5953787223068048,0.9020289855072464,0.45
"reduced (condition-informed P, eta = 0, no graph)",59,0.5,0.1,0.5953787223068048,0.9124637681159421,0.45
"reduced (condition-informed P, eta = 0, no graph)",59,0.5,0.25,0.43194988046562344,0.9220958751393535,0.5263157894736842
"reduced (condition-informed P, eta = 0, no graph)",59,0.5,0.5,0.34788422427627097,0.9335562987736902,0.6111111111111112
"reported (count proxy, graph, eta = 0.20)",60,0.0,0.0,1.6765075846307695,1.0,1.0
"reported (count proxy, graph, eta = 0.20)",60,0.0,0.1,1.6493346735625778,0.9848829431438128,0.9333333333333333
"reported (count proxy, graph, eta = 0.20)",60,0.0,0.25,1.617918143440761,0.9678483835005576,0.9333333333333333
"reported (count proxy, graph, eta = 0.20)",60,0.0,0.5,1.617918143440761,0.948227424749164,0.9333333333333333
"reported (count proxy, graph, eta = 0.20)",60,0.1,0.0,1.7267287958046893,0.9793534002229655,0.9333333333333333
"reported (count proxy, graph, eta = 0.20)",60,0.1,0.1,1.7267287958046893,0.995139353400223,0.9333333333333333
"reported (count proxy, graph, eta = 0.20)",60,0.1,0.25,1.6493346735625778,0.9836789297658863,0.9333333333333333
"reported (count proxy, graph, eta = 0.20)",60,0.1,0.5,1.617918143440761,0.9619620958751395,0.9333333333333333
"reported (count proxy, graph, eta = 0.20)",60,0.25,0.0,1.7267287958046893,0.9528651059085843,0.9333333333333333
"reported (count proxy, graph, eta = 0.20)",60,0.25,0.1,1.7267287958046893,0.9706131549609812,0.9333333333333333
"reported (count proxy, graph, eta = 0.20)",60,0.25,0.25,1.7267287958046893,0.9890746934225196,0.9333333333333333
"reported (count proxy, graph, eta = 0.20)",60,0.25,0.5,1.6493346735625778,0.9806020066889632,0.9333333333333333
"reported (count proxy, graph, eta = 0.20)",60,0.5,0.0,1.8274329687732234,0.9198662207357859,0.8125
"reported (count proxy, graph, eta = 0.20)",60,0.5,0.1,1.7653430286682124,0.9368115942028986,0.8709677419354839
"reported (count proxy, graph, eta = 0.20)",60,0.5,0.25,1.7267287958046893,0.9590189520624304,0.9333333333333333
"reported (count proxy, graph, eta = 0.20)",60,0.5,0.5,1.7267287958046893,0.98479375696767,0.9333333333333333
"reduced (condition-informed P, eta = 0, no graph)",60,0.0,0.0,0.19366768334137419,1.0,1.0
"reduced (condition-informed P, eta = 0, no graph)",60,0.0,0.1,0.19366768334137419,0.9958082497212932,1.0
"reduced (condition-informed P, eta = 0, no graph)",60,0.0,0.25,0.19366768334137419,0.9906800445930881,1.0
"reduced (condition-informed P, eta = 0, no graph)",60,0.0,0.5,0.19366768334137419,0.9839910813823858,1.0
"reduced (condition-informed P, eta = 0, no graph)",60,0.1,0.0,0.20207992687812748,0.9803790412486065,0.8709677419354839
"reduced (condition-informed P, eta = 0, no graph)",60,0.1,0.1,0.20207992687812748,0.9817168338907469,0.8709677419354839
"reduced (condition-informed P, eta = 0, no graph)",60,0.1,0.25,0.1813099088433887,0.9825641025641026,0.9333333333333333
"reduced (condition-informed P, eta = 0, no graph)",60,0.1,0.5,0.1813099088433887,0.9814492753623189,0.9333333333333333
"reduced (condition-informed P, eta = 0, no graph)",60,0.25,0.0,0.2659049931319828,0.9516610925306578,0.7575757575757576
"reduced (condition-informed P, eta = 0, no graph)",60,0.25,0.1,0.2127544208323684,0.9572352285395764,0.8125
"reduced (condition-informed P, eta = 0, no graph)",60,0.25,0.25,0.2180378991125167,0.9620066889632107,0.8125
"reduced (condition-informed P, eta = 0, no graph)",60,0.25,0.5,0.20207992687812748,0.9678929765886288,0.8709677419354839
"reduced (condition-informed P, eta = 0, no graph)",60,0.5,0.0,0.6234070977199053,0.9132664437012263,0.48717948717948717
"reduced (condition-informed P, eta = 0, no graph)",60,0.5,0.1,0.3621161897864056,0.9220958751393535,0.6571428571428571
"reduced (condition-informed P, eta = 0, no graph)",60,0.5,0.25,0.3621161897864056,0.931995540691193,0.6571428571428571
"reduced (condition-informed P, eta = 0, no graph)",60,0.5,0.5,0.3105183830267606,0.9430992196209589,0.7058823529411765
"reported (count proxy, graph, eta = 0.20)",61,0.0,0.0,1.6129141917201935,1.0,1.0
"reported (count proxy, graph, eta = 0.20)",61,0.0,0.1,1.4123740823766582,0.9832775919732443,0.8709677419354839
"reported (count proxy, graph, eta = 0.20)",61,0.0,0.25,1.4123740823766582,0.9650836120401339,0.8709677419354839
"reported (count proxy, graph, eta = 0.20)",61,0.0,0.5,1.398319613844052,0.9443478260869566,0.7575757575757576
"reported (count proxy, graph, eta = 0.20)",61,0.1,0.0,1.7116929669277,0.9791304347826087,0.8709677419354839
"reported (count proxy, graph, eta = 0.20)",61,0.1,0.1,1.6129141917201935,0.9954515050167224,1.0
"reported (count proxy, graph, eta = 0.20)",61,0.1,0.25,1.4123740823766582,0.9819843924191751,0.8709677419354839
"reported (count proxy, graph, eta = 0.20)",61,0.1,0.5,1.5278230508618265,0.9590635451505019,0.8125
"reported (count proxy, graph, eta = 0.20)",61,0.25,0.0,1.7270883745730146,0.9533110367892977,0.8125
"reported (count proxy, graph, eta = 0.20)",61,0.25,0.1,1.7116929669277,0.9715050167224082,0.8709677419354839
"reported (count proxy, graph, eta = 0.20)",61,0.25,0.25,1.6129141917201935,0.9912151616499443,1.0
"reported (count proxy, graph, eta = 0.20)",61,0.25,0.5,1.4123740823766582,0.97850613154961,0.8709677419354839
"reported (count proxy, graph, eta = 0.20)",61,0.5,0.0,1.8169599212207856,0.9189297658862877,0.7575757575757576
"reported (count proxy, graph, eta = 0.20)",61,0.5,0.1,1.7270883745730146,0.9371683389074694,0.8125
"reported (count proxy, graph, eta = 0.20)",61,0.5,0.25,1.6918001916880314,0.9597324414715719,0.8709677419354839
"reported (count proxy, graph, eta = 0.20)",61,0.5,0.5,1.6129141917201935,0.9871571906354515,0.9333333333333333
"reduced (condition-informed P, eta = 0, no graph)",61,0.0,0.0,0.29382566228343876,1.0,1.0
"reduced (condition-informed P, eta = 0, no graph)",61,0.0,0.1,0.29382566228343876,0.9960758082497214,1.0
"reduced (condition-informed P, eta = 0, no graph)",61,0.0,0.25,0.29382566228343876,0.9913489409141584,1.0
"reduced (condition-informed P, eta = 0, no graph)",61,0.0,0.5,0.29382566228343876,0.9852396878483836,1.0
"reduced (condition-informed P, eta = 0, no graph)",61,0.1,0.0,0.33185435816062636,0.9787736900780379,0.8125
"reduced (condition-informed P, eta = 0, no graph)",61,0.1,0.1,0.33185435816062636,0.9812263099219621,0.8125
"reduced (condition-informed P, eta = 0, no graph)",61,0.1,0.25,0.32662234263057144,0.9823857302118172,0.8709677419354839
"reduced (condition-informed P, eta = 0, no graph)",61,0.1,0.5,0.3111662215501667,0.9798439241917504,0.9333333333333333
"reduced (condition-informed P, eta = 0, no graph)",61,0.25,0.0,0.4329544751695096,0.947603121516165,0.6571428571428571
"reduced (condition-informed P, eta = 0, no graph)",61,0.25,0.1,0.4278893069802052,0.9546934225195095,0.7058823529411765
"reduced (condition-informed P, eta = 0, no graph)",61,0.25,0.25,0.3611612938050257,0.9606243032329989,0.8125
"reduced (condition-informed P, eta = 0, no graph)",61,0.25,0.5,0.33185435816062636,0.9659754738015609,0.8125
"reduced (condition-informed P, eta = 0, no graph)",61,0.5,0.0,0.8316582929188598,0.9039464882943145,0.3488372093023256
"reduced (condition-informed P, eta = 0, no graph)",61,0.5,0.1,0.776750874482417,0.914247491638796,0.38095238095238093
"reduced (condition-informed P, eta = 0, no graph)",61,0.5,0.25,0.6545966242975112,0.9250390189520625,0.48717948717948717
"reduced (condition-informed P, eta = 0, no graph)",61,0.5,0.5,0.4450077016114449,0.9385507246376813,0.6111111111111112
"reported (count proxy, graph, eta = 0.20)",62,0.0,0.0,2.142195514594505,1.0,1.0
"reported (count proxy, graph, eta = 0.20)",62,0.0,0.1,2.142195514594505,0.9793979933110369,1.0
"reported (count proxy, graph, eta = 0.20)",62,0.0,0.25,2.142195514594505,0.9593756967670012,1.0
"reported (count proxy, graph, eta = 0.20)",62,0.0,0.5,2.091239746481847,0.9369899665551841,0.9333333333333333
"reported (count proxy, graph, eta = 0.20)",62,0.1,0.0,2.302912667833766,0.9747157190635451,0.9333333333333333
"reported (count proxy, graph, eta = 0.20)",62,0.1,0.1,2.142195514594505,0.9954960981047939,1.0
"reported (count proxy, graph, eta = 0.20)",62,0.1,0.25,2.142195514594505,0.978639910813824,1.0
"reported (count proxy, graph, eta = 0.20)",62,0.1,0.5,2.091239746481847,0.9528651059085843,0.9333333333333333
"reported (count proxy, graph, eta = 0.20)",62,0.25,0.0,3.0570363183418294,0.9421181716833892,0.8125
"reported (count proxy, graph, eta = 0.20)",62,0.25,0.1,2.302912667833766,0.9640133779264215,0.9333333333333333
"reported (count proxy, graph, eta = 0.20)",62,0.25,0.25,2.302912667833766,0.9906354515050169,0.9333333333333333
"reported (count proxy, graph, eta = 0.20)",62,0.25,0.5,2.142195514594505,0.9748940914158306,1.0
"reported (count proxy, graph, eta = 0.20)",62,0.5,0.0,3.0745749038355257,0.8983723522853958,0.8125
"reported (count proxy, graph, eta = 0.20)",62,0.5,0.1,3.0570363183418294,0.9227201783723523,0.8125
"reported (count proxy, graph, eta = 0.20)",62,0.5,0.25,2.8873895619108794,0.9509030100334449,0.8709677419354839
"reported (count proxy, graph, eta = 0.20)",62,0.5,0.5,2.302912667833766,0.9862207357859533,0.9333333333333333
"reduced (condition-informed P, eta = 0, no graph)",62,0.0,0.0,0.33371061141173186,1.0,1.0
"reduced (condition-informed P, eta = 0, no graph)",62,0.0,0.1,0.35629390009347617,0.9947826086956523,0.8709677419354839
"reduced (condition-informed P, eta = 0, no graph)",62,0.0,0.25,0.35629390009347617,0.9895652173913044,0.8709677419354839
"reduced (condition-informed P, eta = 0, no graph)",62,0.0,0.5,0.35629390009347617,0.9826086956521739,0.8709677419354839
"reduced (condition-informed P, eta = 0, no graph)",62,0.1,0.0,0.3685459537599627,0.9775250836120403,0.9333333333333333
"reduced (condition-informed P, eta = 0, no graph)",62,0.1,0.1,0.3685459537599627,0.9790858416945374,0.9333333333333333
"reduced (condition-informed P, eta = 0, no graph)",62,0.1,0.25,0.3685459537599627,0.9812263099219621,0.9333333333333333
"reduced (condition-informed P, eta = 0, no graph)",62,0.1,0.5,0.40040432068093423,0.9785953177257525,0.8709677419354839
"reduced (condition-informed P, eta = 0, no graph)",62,0.25,0.0,0.4053571484980125,0.9449721293199556,0.8125
"reduced (condition-informed P, eta = 0, no graph)",62,0.25,0.1,0.4053571484980125,0.952196209587514,0.8125
"reduced (condition-informed P, eta = 0, no graph)",62,0.25,0.25,0.399272849273018,0.9583500557413601,0.8709677419354839
"reduced (condition-informed P, eta = 0, no graph)",62,0.25,0.5,0.40040432068093423,0.9646376811594204,0.8709677419354839
"reduced (condition-informed P, eta = 0, no graph)",62,0.5,0.0,0.7515882051219478,0.8933779264214048,0.6111111111111112
"reduced (condition-informed P, eta = 0, no graph)",62,0.5,0.1,0.66812474192389,0.9048383500557414,0.6571428571428571
"reduced (condition-informed P, eta = 0, no graph)",62,0.5,0.25,0.5737373027465651,0.9186622073578596,0.7058823529411765
"reduced (condition-informed P, eta = 0, no graph)",62,0.5,0.5,0.44008832446428414,0.9351170568561874,0.8125
"reported (count proxy, graph, eta = 0.20)",63,0.0,0.0,3.1134093307910007,1.0,1.0
"reported (count proxy, graph, eta = 0.20)",63,0.0,0.1,3.1134093307910007,0.9843478260869566,1.0
"reported (count proxy, graph, eta = 0.20)",63,0.0,0.25,3.116159129002341,0.9667781493868451,0.9333333333333333
"reported (count proxy, graph, eta = 0.20)",63,0.0,0.5,3.116159129002341,0.9463545150501673,0.9333333333333333
"reported (count proxy, graph, eta = 0.20)",63,0.1,0.0,3.1134093307910007,0.9797547380156076,1.0
"reported (count proxy, graph, eta = 0.20)",63,0.1,0.1,3.1134093307910007,0.9961649944258641,1.0
"reported (count proxy, graph, eta = 0.20)",63,0.1,0.25,3.116159129002341,0.9837681159420291,0.9333333333333333
"reported (count proxy, graph, eta = 0.20)",63,0.1,0.5,3.116159129002341,0.9618283166109254,0.9333333333333333
"reported (count proxy, graph, eta = 0.20)",63,0.25,0.0,3.129545462270954,0.952329988851728,0.9333333333333333
"reported (count proxy, graph, eta = 0.20)",63,0.25,0.1,3.1134093307910007,0.9717279821627649,1.0
"reported (count proxy, graph, eta = 0.20)",63,0.25,0.25,3.1134093307910007,0.9915719063545151,1.0
"reported (count proxy, graph, eta = 0.20)",63,0.25,0.5,3.116159129002341,0.980066889632107,0.9333333333333333
"reported (count proxy, graph, eta = 0.20)",63,0.5,0.0,3.129545462270954,0.9206688963210703,0.9333333333333333
"reported (count proxy, graph, eta = 0.20)",63,0.5,0.1,3.129545462270954,0.9379710144927538,0.9333333333333333
"reported (count proxy, graph, eta = 0.20)",63,0.5,0.25,3.129545462270954,0.9589743589743591,0.9333333333333333
"reported (count proxy, graph, eta = 0.20)",63,0.5,0.5,3.1134093307910007,0.9861761426978819,1.0
"reduced (condition-informed P, eta = 0, no graph)",63,0.0,0.0,0.18826935367053466,1.0,1.0
"reduced (condition-informed P, eta = 0, no graph)",63,0.0,0.1,0.18826935367053466,0.9949609810479376,1.0
"reduced (condition-informed P, eta = 0, no graph)",63,0.0,0.25,0.18826935367053466,0.9903232998885173,1.0
"reduced (condition-informed P, eta = 0, no graph)",63,0.0,0.5,0.18826935367053466,0.9843478260869566,1.0
"reduced (condition-informed P, eta = 0, no graph)",63,0.1,0.0,0.23854591705548955,0.9770791527313267,0.8709677419354839
"reduced (condition-informed P, eta = 0, no graph)",63,0.1,0.1,0.21937861237273637,0.9801114827201785,0.9333333333333333
"reduced (condition-informed P, eta = 0, no graph)",63,0.1,0.25,0.21937861237273637,0.9825195094760313,0.9333333333333333
"reduced (condition-informed P, eta = 0, no graph)",63,0.1,0.5,0.21937861237273637,0.9810925306577482,0.9333333333333333
"reduced (condition-informed P, eta = 0, no graph)",63,0.25,0.0,0.48117295028799845,0.9442140468227426,0.5263157894736842
"reduced (condition-informed P, eta = 0, no graph)",63,0.25,0.1,0.3876742400597095,0.9515719063545152,0.6571428571428571
"reduced (condition-informed P, eta = 0, no graph)",63,0.25,0.25,0.3876742400597095,0.9600000000000001,0.6571428571428571
"reduced (condition-informed P, eta = 0, no graph)",63,0.25,0.5,0.23854591705548955,0.9663322185061316,0.8709677419354839
"reduced (condition-informed P, eta = 0, no graph)",63,0.5,0.0,0.7786375911063317,0.9003790412486066,0.3488372093023256
"reduced (condition-informed P, eta = 0, no graph)",63,0.5,0.1,0.6730795094963753,0.9112597547380157,0.4146341463414634
"reduced (condition-informed P, eta = 0, no graph)",63,0.5,0.25,0.6730795094963753,0.923701226309922,0.4146341463414634
"reduced (condition-informed P, eta = 0, no graph)",63,0.5,0.5,0.5114250282426553,0.9381939799331104,0.48717948717948717
"reported (count proxy, graph, eta = 0.20)",64,0.0,0.0,2.9802253684882487,1.0,1.0
"reported (count proxy, graph, eta = 0.20)",64,0.0,0.1,2.9802253684882487,0.9832329988851729,1.0
"reported (count proxy, graph, eta = 0.20)",64,0.0,0.25,2.8564505165030596,0.9632552954292085,0.9333333333333333
"reported (count proxy, graph, eta = 0.20)",64,0.0,0.5,2.3470881350318393,0.941716833890747,0.8709677419354839
"reported (count proxy, graph, eta = 0.20)",64,0.1,0.0,3.0185236190003764,0.9758751393534003,0.9333333333333333
"reported (count proxy, graph, eta = 0.20)",64,0.1,0.1,2.9802253684882487,0.9953623188405797,1.0
"reported (count proxy, graph, eta = 0.20)",64,0.1,0.25,2.9802253684882487,0.9819397993311036,1.0
"reported (count proxy, graph, eta = 0.20)",64,0.1,0.5,2.8564505165030596,0.9567447045707916,0.9333333333333333
"reported (count proxy, graph, eta = 0.20)",64,0.25,0.0,3.075503481801263,0.9448383500557413,0.9333333333333333
"reported (count proxy, graph, eta = 0.20)",64,0.25,0.1,3.075503481801263,0.9655741360089187,0.9333333333333333
"reported (count proxy, graph, eta = 0.20)",64,0.25,0.25,2.9802253684882487,0.9901895206243033,1.0
"reported (count proxy, graph, eta = 0.20)",64,0.25,0.5,2.9802253684882487,0.9779710144927537,1.0
"reported (count proxy, graph, eta = 0.20)",64,0.5,0.0,3.8678827422125437,0.9026532887402453,0.8125
"reported (count proxy, graph, eta = 0.20)",64,0.5,0.1,3.1288383541019584,0.9242363433667782,0.8709677419354839
"reported (count proxy, graph, eta = 0.20)",64,0.5,0.25,3.075503481801263,0.9512597547380156,0.9333333333333333
"reported (count proxy, graph, eta = 0.20)",64,0.5,0.5,2.9802253684882487,0.98479375696767,1.0
"reduced (condition-informed P, eta = 0, no graph)",64,0.0,0.0,0.19082898642591317,1.0,1.0
"reduced (condition-informed P, eta = 0, no graph)",64,0.0,0.1,0.2190636375203212,0.9954515050167224,0.9333333333333333
"reduced (condition-informed P, eta = 0, no graph)",64,0.0,0.25,0.2113477616639159,0.9908584169453736,0.9333333333333333
"reduced (condition-informed P, eta = 0, no graph)",64,0.0,0.5,0.23064507582455462,0.9856410256410257,0.8709677419354839
"reduced (condition-informed P, eta = 0, no graph)",64,0.1,0.0,0.25809265617442634,0.9781939799331104,0.7575757575757576
"reduced (condition-informed P, eta = 0, no graph)",64,0.1,0.1,0.24176374286619762,0.9802452619843924,0.8125
"reduced (condition-informed P, eta = 0, no graph)",64,0.1,0.25,0.2289951545394615,0.9816276477146043,0.8125
"reduced (condition-informed P, eta = 0, no graph)",64,0.1,0.5,0.2563500240653127,0.9808695652173914,0.8709677419354839
"reduced (condition-informed P, eta = 0, no graph)",64,0.25,0.0,0.3968271477131111,0.9484503901895207,0.6111111111111112
"reduced (condition-informed P, eta = 0, no graph)",64,0.25,0.1,0.3018163234827398,0.9546042363433668,0.6571428571428571
"reduced (condition-informed P, eta = 0, no graph)",64,0.25,0.25,0.3018163234827398,0.9605797101449276,0.6571428571428571
"reduced (condition-informed P, eta = 0, no graph)",64,0.25,0.5,0.2656783345622671,0.9668673355629879,0.7058823529411765
"reduced (condition-informed P, eta = 0, no graph)",64,0.5,0.0,0.6456726295259614,0.908628762541806,0.45
"reduced (condition-informed P, eta = 0, no graph)",64,0.5,0.1,0.5740496339356582,0.917948717948718,0.48717948717948717
"reduced (condition-informed P, eta = 0, no graph)",64,0.5,0.25,0.5447233017868314,0.9287402452619844,0.48717948717948717
"reduced (condition-informed P, eta = 0, no graph)",64,0.5,0.5,0.41922108179846873,0.9406911928651059,0.5675675675675675
"reported (count proxy, graph, eta = 0.20)",65,0.0,0.0,0.6521003331394013,1.0,1.0
"reported (count proxy, graph, eta = 0.20)",65,0.0,0.1,0.6521003331394013,0.9851950947603122,1.0
"reported (count proxy, graph, eta = 0.20)",65,0.0,0.25,0.6521003331394013,0.9688740245261985,1.0
"reported (count proxy, graph, eta = 0.20)",65,0.0,0.5,0.6521003331394013,0.9503678929765886,1.0
"reported (count proxy, graph, eta = 0.20)",65,0.1,0.0,0.6521003331394013,0.9810479375696767,1.0
"reported (count proxy, graph, eta = 0.20)",65,0.1,0.1,0.6521003331394013,0.9946488294314382,1.0
"reported (count proxy, graph, eta = 0.20)",65,0.1,0.25,0.6521003331394013,0.9847045707915273,1.0
"reported (count proxy, graph, eta = 0.20)",65,0.1,0.5,0.6521003331394013,0.963701226309922,1.0
"reported (count proxy, graph, eta = 0.20)",65,0.25,0.0,0.6521003331394013,0.9550501672240803,1.0
"reported (count proxy, graph, eta = 0.20)",65,0.25,0.1,0.6521003331394013,0.9720847268673356,1.0
"reported (count proxy, graph, eta = 0.20)",65,0.25,0.25,0.6521003331394013,0.9901895206243033,1.0
"reported (count proxy, graph, eta = 0.20)",65,0.25,0.5,0.6521003331394013,0.9813154960981049,1.0
"reported (count proxy, graph, eta = 0.20)",65,0.5,0.0,0.6521003331394013,0.9190635451505017,1.0
"reported (count proxy, graph, eta = 0.20)",65,0.5,0.1,0.6521003331394013,0.9371237458193981,1.0
"reported (count proxy, graph, eta = 0.20)",65,0.5,0.25,0.6521003331394013,0.961025641025641,1.0
"reported (count proxy, graph, eta = 0.20)",65,0.5,0.5,0.6521003331394013,0.9861761426978819,1.0
"reduced (condition-informed P, eta = 0, no graph)",65,0.0,0.0,0.05833525633994441,1.0,1.0
"reduced (condition-informed P, eta = 0, no graph)",65,0.0,0.1,0.07638556265720808,0.9959420289855072,0.9333333333333333
"reduced (condition-informed P, eta = 0, no graph)",65,0.0,0.25,0.07638556265720808,0.9910813823857303,0.9333333333333333
"reduced (condition-informed P, eta = 0, no graph)",65,0.0,0.5,0.07638556265720808,0.9855964325529543,0.9333333333333333
"reduced (condition-informed P, eta = 0, no graph)",65,0.1,0.0,0.08554434570777403,0.981850613154961,0.8709677419354839
"reduced (condition-informed P, eta = 0, no graph)",65,0.1,0.1,0.08554434570777403,0.9830992196209588,0.8709677419354839
"reduced (condition-informed P, eta = 0, no graph)",65,0.1,0.25,0.08554434570777403,0.9826086956521739,0.8709677419354839
"reduced (condition-informed P, eta = 0, no graph)",65,0.1,0.5,0.09704090330325243,0.980691192865106,0.8709677419354839
"reduced (condition-informed P, eta = 0, no graph)",65,0.25,0.0,0.16295488734022,0.9558528428093647,0.7575757575757576
"reduced (condition-informed P, eta = 0, no graph)",65,0.25,0.1,0.16295488734022,0.9604013377926421,0.7575757575757576
"reduced (condition-informed P, eta = 0, no graph)",65,0.25,0.25,0.16295488734022,0.9648160535117057,0.7575757575757576
"reduced (condition-informed P, eta = 0, no graph)",65,0.25,0.5,0.12405135575841086,0.9684726867335564,0.8125
"reduced (condition-informed P, eta = 0, no graph)",65,0.5,0.0,0.3283020326539372,0.9228985507246378,0.6111111111111112
"reduced (condition-informed P, eta = 0, no graph)",65,0.5,0.1,0.2653153044023213,0.9303901895206244,0.6571428571428571
"reduced (condition-informed P, eta = 0, no graph)",65,0.5,0.25,0.2653153044023213,0.9380602006688964,0.6571428571428571
"reduced (condition-informed P, eta = 0, no graph)",65,0.5,0.5,0.2653153044023213,0.9462653288740246,0.6571428571428571
"reported (count proxy, graph, eta = 0.20)",66,0.0,0.0,2.235283147518743,1.0,1.0
"reported (count proxy, graph, eta = 0.20)",66,0.0,0.1,2.235283147518743,0.9793088071348942,1.0
"reported (count proxy, graph, eta = 0.20)",66,0.0,0.25,2.262919519574666,0.9567001114827203,0.9333333333333333
"reported (count proxy, graph, eta = 0.20)",66,0.0,0.5,1.7701594701224792,0.9318171683389075,0.8709677419354839
"reported (count proxy, graph, eta = 0.20)",66,0.1,0.0,2.5909216343009973,0.9732441471571907,0.9333333333333333
"reported (count proxy, graph, eta = 0.20)",66,0.1,0.1,2.5909216343009973,0.9946042363433669,0.9333333333333333
"reported (count proxy, graph, eta = 0.20)",66,0.1,0.25,2.235283147518743,0.9784169453734672,1.0
"reported (count proxy, graph, eta = 0.20)",66,0.1,0.5,1.7701594701224792,0.9496098104793758,0.8709677419354839
"reported (count proxy, graph, eta = 0.20)",66,0.25,0.0,2.6058710243387964,0.9413600891861762,0.9333333333333333
"reported (count proxy, graph, eta = 0.20)",66,0.25,0.1,2.5909216343009973,0.9639687848383501,0.9333333333333333
"reported (count proxy, graph, eta = 0.20)",66,0.25,0.25,2.5909216343009973,0.9892976588628764,0.9333333333333333
"reported (count proxy, graph, eta = 0.20)",66,0.25,0.5,2.5705995507465786,0.9736008918617615,0.9333333333333333
"reported (count proxy, graph, eta = 0.20)",66,0.5,0.0,2.3324426504037206,0.8979264214046824,0.8125
"reported (count proxy, graph, eta = 0.20)",66,0.5,0.1,2.6058710243387964,0.9218729096989968,0.9333333333333333
"reported (count proxy, graph, eta = 0.20)",66,0.5,0.25,2.6058710243387964,0.9497435897435897,0.9333333333333333
"reported (count proxy, graph, eta = 0.20)",66,0.5,0.5,2.5909216343009973,0.9842586399108139,0.9333333333333333
"reduced (condition-informed P, eta = 0, no graph)",66,0.0,0.0,0.04130187048690459,1.0,1.0
"reduced (condition-informed P, eta = 0, no graph)",66,0.0,0.1,0.04130187048690459,0.995139353400223,1.0
"reduced (condition-informed P, eta = 0, no graph)",66,0.0,0.25,0.04130187048690459,0.9898773690078039,1.0
"reduced (condition-informed P, eta = 0, no graph)",66,0.0,0.5,0.04130187048690459,0.9836343366778151,1.0
"reduced (condition-informed P, eta = 0, no graph)",66,0.1,0.0,0.07013788994879633,0.9759197324414716,0.8709677419354839
"reduced (condition-informed P, eta = 0, no graph)",66,0.1,0.1,0.04973071856184674,0.9786845039018952,0.9333333333333333
"reduced (condition-informed P, eta = 0, no graph)",66,0.1,0.25,0.04973071856184674,0.9800222965440357,0.9333333333333333
"reduced (condition-informed P, eta = 0, no graph)",66,0.1,0.5,0.04973071856184674,0.9804682274247492,0.9333333333333333
"reduced (condition-informed P, eta = 0, no graph)",66,0.25,0.0,0.128525373493801,0.9426978818283167,0.7575757575757576
"reduced (condition-informed P, eta = 0, no graph)",66,0.25,0.1,0.128525373493801,0.9493422519509477,0.7575757575757576
"reduced (condition-informed P, eta = 0, no graph)",66,0.25,0.25,0.128525373493801,0.9574581939799331,0.7575757575757576
"reduced (condition-informed P, eta = 0, no graph)",66,0.25,0.5,0.10216165432319713,0.9642363433667782,0.8125
"reduced (condition-informed P, eta = 0, no graph)",66,0.5,0.0,0.4063607637231996,0.8964102564102564,0.5675675675675675
"reduced (condition-informed P, eta = 0, no graph)",66,0.5,0.1,0.4063607637231996,0.9069342251950948,0.5675675675675675
"reduced (condition-informed P, eta = 0, no graph)",66,0.5,0.25,0.1857442044302502,0.9200891861761427,0.7058823529411765
"reduced (condition-informed P, eta = 0, no graph)",66,0.5,0.5,0.128525373493801,0.934804905239688,0.7575757575757576
"reported (count proxy, graph, eta = 0.20)",67,0.0,0.0,1.2591869582513766,1.0,1.0
"reported (count proxy, graph, eta = 0.20)",67,0.0,0.1,1.1975673636758302,0.9858639910813825,0.9333333333333333
"reported (count proxy, graph, eta = 0.20)",67,0.0,0.25,1.199293821999646,0.9700334448160536,0.9333333333333333
"reported (count proxy, graph, eta = 0.20)",67,0.0,0.5,1.0423374289167953,0.9517948717948719,0.8125
"reported (count proxy, graph, eta = 0.20)",67,0.1,0.0,1.821133575878605,0.9804682274247492,0.8709677419354839
"reported (count proxy, graph, eta = 0.20)",67,0.1,0.1,1.2591869582513766,0.9964325529542921,1.0
"reported (count proxy, graph, eta = 0.20)",67,0.1,0.25,1.1975673636758302,0.984659977703456,0.9333333333333333
"reported (count proxy, graph, eta = 0.20)",67,0.1,0.5,1.199293821999646,0.9653957636566334,0.9333333333333333
"reported (count proxy, graph, eta = 0.20)",67,0.25,0.0,1.8911559731185719,0.9549609810479376,0.8125
"reported (count proxy, graph, eta = 0.20)",67,0.25,0.1,1.821133575878605,0.9721739130434782,0.8709677419354839
"reported (count proxy, graph, eta = 0.20)",67,0.25,0.25,1.2591869582513766,0.992597547380156,1.0
"reported (count proxy, graph, eta = 0.20)",67,0.25,0.5,1.1975673636758302,0.9824303232998886,0.9333333333333333
"reported (count proxy, graph, eta = 0.20)",67,0.5,0.0,1.7470516421285254,0.9212040133779266,0.8125
"reported (count proxy, graph, eta = 0.20)",67,0.5,0.1,1.7470516421285254,0.937257525083612,0.8125
"reported (count proxy, graph, eta = 0.20)",67,0.5,0.25,1.821133575878605,0.961025641025641,0.8709677419354839
"reported (count proxy, graph, eta = 0.20)",67,0.5,0.5,1.2798959684420197,0.9877814938684505,0.9333333333333333
"reduced (condition-informed P, eta = 0, no graph)",67,0.0,0.0,0.06312537130992268,1.0,1.0
"reduced (condition-informed P, eta = 0, no graph)",67,0.0,0.1,0.05784531489044298,0.9954515050167224,0.9333333333333333
"reduced (condition-informed P, eta = 0, no graph)",67,0.0,0.25,0.07339190523669004,0.9903232998885173,0.8709677419354839
"reduced (condition-informed P, eta = 0, no graph)",67,0.0,0.5,0.07339190523669004,0.9853734671125975,0.8709677419354839
"reduced (condition-informed P, eta = 0, no graph)",67,0.1,0.0,0.09631518117171822,0.9802006688963212,0.8709677419354839
"reduced (condition-informed P, eta = 0, no graph)",67,0.1,0.1,0.09631518117171822,0.9825641025641026,0.8709677419354839
"reduced (condition-informed P, eta = 0, no graph)",67,0.1,0.25,0.09631518117171822,0.9830100334448161,0.8709677419354839
"reduced (condition-informed P, eta = 0, no graph)",67,0.1,0.5,0.09631518117171822,0.9819843924191751,0.8709677419354839
"reduced (condition-informed P, eta = 0, no graph)",67,0.25,0.0,0.1698482442915008,0.9496544035674471,0.7575757575757576
"reduced (condition-informed P, eta = 0, no graph)",67,0.25,0.1,0.1698482442915008,0.9551839464882943,0.7575757575757576
"reduced (condition-informed P, eta = 0, no graph)",67,0.25,0.25,0.09631518117171822,0.9624526198439243,0.8709677419354839
"reduced (condition-informed P, eta = 0, no graph)",67,0.25,0.5,0.09631518117171822,0.9678929765886288,0.8709677419354839
"reduced (condition-informed P, eta = 0, no graph)",67,0.5,0.0,0.25372117209329303,0.909520624303233,0.6111111111111112
"reduced (condition-informed P, eta = 0, no graph)",67,0.5,0.1,0.25372117209329303,0.9196432552954292,0.6111111111111112
"reduced (condition-informed P, eta = 0, no graph)",67,0.5,0.25,0.212488542313082,0.9292307692307693,0.6571428571428571
"reduced (condition-informed P, eta = 0, no graph)",67,0.5,0.5,0.21529179913758867,0.940958751393534,0.7575757575757576
"reported (count proxy, graph, eta = 0.20)",68,0.0,0.0,3.9401043251206715,1.0,1.0
"reported (count proxy, graph, eta = 0.20)",68,0.0,0.1,3.781231324218737,0.981583054626533,0.8709677419354839
"reported (count proxy, graph, eta = 0.20)",68,0.0,0.25,3.646183250544084,0.96164994425864,0.7575757575757576
"reported (count proxy, graph, eta = 0.20)",68,0.0,0.5,3.168790035116672,0.9393534002229655,0.7058823529411765
"reported (count proxy, graph, eta = 0.20)",68,0.1,0.0,3.9401043251206715,0.9777034559643255,1.0
"reported (count proxy, graph, eta = 0.20)",68,0.1,0.1,3.9401043251206715,0.9948272017837236,1.0
"reported (count proxy, graph, eta = 0.20)",68,0.1,0.25,3.781231324218737,0.9807357859531773,0.8709677419354839
"reported (count proxy, graph, eta = 0.20)",68,0.1,0.5,3.646183250544084,0.9546934225195095,0.7575757575757576
"reported (count proxy, graph, eta = 0.20)",68,0.25,0.0,3.969168366983638,0.947335562987737,0.9333333333333333
"reported (count proxy, graph, eta = 0.20)",68,0.25,0.1,3.9401043251206715,0.968294314381271,1.0
"reported (count proxy, graph, eta = 0.20)",68,0.25,0.25,3.9401043251206715,0.9893422519509476,1.0
"reported (count proxy, graph, eta = 0.20)",68,0.25,0.5,3.74743922173559,0.9765886287625418,0.8125
"reported (count proxy, graph, eta = 0.20)",68,0.5,0.0,3.9516318544579008,0.9062207357859533,0.9333333333333333
"reported (count proxy, graph, eta = 0.20)",68,0.5,0.1,3.9516318544579008,0.9280713489409141,0.9333333333333333
"reported (count proxy, graph, eta = 0.20)",68,0.5,0.25,3.9401043251206715,0.9555852842809365,1.0
"reported (count proxy, graph, eta = 0.20)",68,0.5,0.5,3.9401043251206715,0.9849275362318841,1.0
"reduced (condition-informed P, eta = 0, no graph)",68,0.0,0.0,0.1623982565623976,1.0,1.0
"reduced (condition-informed P, eta = 0, no graph)",68,0.0,0.1,0.18559468989940342,0.9963879598662209,0.9333333333333333
"reduced (condition-informed P, eta = 0, no graph)",68,0.0,0.25,0.18559468989940342,0.9920624303233,0.9333333333333333
"reduced (condition-informed P, eta = 0, no graph)",68,0.0,0.5,0.18559468989940342,0.987603121516165,0.9333333333333333
"reduced (condition-informed P, eta = 0, no graph)",68,0.1,0.0,0.3115415697556614,0.978149386845039,0.7575757575757576
"reduced (condition-informed P, eta = 0, no graph)",68,0.1,0.1,0.2857249706976859,0.9813600891861762,0.8125
"reduced (condition-informed P, eta = 0, no graph)",68,0.1,0.25,0.2857249706976859,0.9835897435897436,0.8125
"reduced (condition-informed P, eta = 0, no graph)",68,0.1,0.5,0.2530862279734549,0.9835897435897436,0.8125
"reduced (condition-informed P, eta = 0, no graph)",68,0.25,0.0,0.4829810328862436,0.9479598662207358,0.6111111111111112
"reduced (condition-informed P, eta = 0, no graph)",68,0.25,0.1,0.4690595806179658,0.9547826086956522,0.6111111111111112
"reduced (condition-informed P, eta = 0, no graph)",68,0.25,0.25,0.38006167392728685,0.9604905239687849,0.7058823529411765
"reduced (condition-informed P, eta = 0, no graph)",68,0.25,0.5,0.32658840300075553,0.9676700111482721,0.7575757575757576
"reduced (condition-informed P, eta = 0, no graph)",68,0.5,0.0,0.779590897667731,0.9048383500557414,0.45
"reduced (condition-informed P, eta = 0, no graph)",68,0.5,0.1,0.6493573291894279,0.915139353400223,0.5263157894736842
"reduced (condition-informed P, eta = 0, no graph)",68,0.5,0.25,0.5386938447457794,0.9257971014492754,0.5675675675675675
"reduced (condition-informed P, eta = 0, no graph)",68,0.5,0.5,0.4829810328862436,0.9403790412486065,0.6111111111111112
"reported (count proxy, graph, eta = 0.20)",69,0.0,0.0,1.8134277308023172,1.0,1.0
"reported (count proxy, graph, eta = 0.20)",69,0.0,0.1,1.893131261434661,0.9829208472686733,0.9333333333333333
"reported (count proxy, graph, eta = 0.20)",69,0.0,0.25,1.9526693091431468,0.9646822742474916,0.8709677419354839
"reported (count proxy, graph, eta = 0.20)",69,0.0,0.5,1.9526693091431468,0.9435451505016723,0.8709677419354839
"reported (count proxy, graph, eta = 0.20)",69,0.1,0.0,1.8134277308023172,0.9791304347826087,1.0
"reported (count proxy, graph, eta = 0.20)",69,0.1,0.1,1.8134277308023172,0.9955852842809365,1.0
"reported (count proxy, graph, eta = 0.20)",69,0.1,0.25,1.893131261434661,0.9822965440356746,0.9333333333333333
"reported (count proxy, graph, eta = 0.20)",69,0.1,0.5,1.9526693091431468,0.9587513935340023,0.8709677419354839
"reported (count proxy, graph, eta = 0.20)",69,0.25,0.0,1.9345338144227355,0.9497435897435897,0.9333333333333333
"reported (count proxy, graph, eta = 0.20)",69,0.25,0.1,1.8134277308023172,0.970211817168339,1.0
"reported (count proxy, graph, eta = 0.20)",69,0.25,0.25,1.8134277308023172,0.9914827201783724,1.0
"reported (count proxy, graph, eta = 0.20)",69,0.25,0.5,1.9526693091431468,0.9796209587513937,0.8709677419354839
"reported (count proxy, graph, eta = 0.20)",69,0.5,0.0,2.6057313661051182,0.9117502787068005,0.7575757575757576
"reported (count proxy, graph, eta = 0.20)",69,0.5,0.1,2.4966834532857263,0.9328428093645486,0.8709677419354839
"reported (count proxy, graph, eta = 0.20)",69,0.5,0.25,2.4091097363659344,0.9587513935340023,0.9333333333333333
"reported (count proxy, graph, eta = 0.20)",69,0.5,0.5,1.8134277308023172,0.9876477146042364,1.0
"reduced (condition-informed P, eta = 0, no graph)",69,0.0,0.0,0.1817591214714298,1.0,1.0
"reduced (condition-informed P, eta = 0, no graph)",69,0.0,0.1,0.19982703468349428,0.9956744704570792,0.9333333333333333
"reduced (condition-informed P, eta = 0, no graph)",69,0.0,0.25,0.19982703468349428,0.99041248606466,0.9333333333333333
"reduced (condition-informed P, eta = 0, no graph)",69,0.0,0.5,0.2400955073655382,0.9839910813823858,0.8709677419354839
"reduced (condition-informed P, eta = 0, no graph)",69,0.1,0.0,0.25842926007626943,0.9766332218506133,0.7575757575757576
"reduced (condition-informed P, eta = 0, no graph)",69,0.1,0.1,0.25842926007626943,0.978907469342252,0.7575757575757576
"reduced (condition-informed P, eta = 0, no graph)",69,0.1,0.25,0.25842926007626943,0.9801560758082497,0.7575757575757576
"reduced (condition-informed P, eta = 0, no graph)",69,0.1,0.5,0.259096882898632,0.9790858416945374,0.8125
"reduced (condition-informed P, eta = 0, no graph)",69,0.25,0.0,0.40803508354068185,0.9434559643255296,0.5675675675675675
"reduced (condition-informed P, eta = 0, no graph)",69,0.25,0.1,0.40803508354068185,0.9501003344481607,0.5675675675675675
"reduced (condition-informed P, eta = 0, no graph)",69,0.25,0.25,0.3640791758691364,0.956298773690078,0.6111111111111112
"reduced (condition-informed P, eta = 0, no graph)",69,0.25,0.5,0.29044515455527176,0.9626309921962097,0.7058823529411765
"reduced (condition-informed P, eta = 0, no graph)",69,0.5,0.0,0.5720567032077213,0.8963210702341138,0.48717948717948717
"reduced (condition-informed P, eta = 0, no graph)",69,0.5,0.1,0.4789986317835826,0.9086733556298775,0.5263157894736842
"reduced (condition-informed P, eta = 0, no graph)",69,0.5,0.25,0.4789986317835826,0.9203567447045709,0.5263157894736842
"reduced (condition-informed P, eta = 0, no graph)",69,0.5,0.5,0.4789986317835826,0.933288740245262,0.5263157894736842
"reported (count proxy, graph, eta = 0.20)",70,0.0,0.0,1.5318750329055604,1.0,1.0
"reported (count proxy, graph, eta = 0.20)",70,0.0,0.1,1.5318750329055604,0.9867558528428094,1.0
"reported (count proxy, graph, eta = 0.20)",70,0.0,0.25,1.7711030356654476,0.9698104793756968,0.9333333333333333
"reported (count proxy, graph, eta = 0.20)",70,0.0,0.5,1.781663448073914,0.951170568561873,0.8709677419354839
"reported (count proxy, graph, eta = 0.20)",70,0.1,0.0,1.5248232965208786,0.979933110367893,0.9333333333333333
"reported (count proxy, graph, eta = 0.20)",70,0.1,0.1,1.5318750329055604,0.9948717948717949,1.0
"reported (count proxy, graph, eta = 0.20)",70,0.1,0.25,1.5318750329055604,0.9859531772575252,1.0
"reported (count proxy, graph, eta = 0.20)",70,0.1,0.5,1.7711030356654476,0.9649944258639912,0.9333333333333333
"reported (count proxy, graph, eta = 0.20)",70,0.25,0.0,1.5782158666522719,0.955629877369008,0.8709677419354839
"reported (count proxy, graph, eta = 0.20)",70,0.25,0.1,1.5248232965208786,0.9720401337792642,0.9333333333333333
"reported (count proxy, graph, eta = 0.20)",70,0.25,0.25,1.5318750329055604,0.9900557413600893,1.0
"reported (count proxy, graph, eta = 0.20)",70,0.25,0.5,1.5318750329055604,0.9831884057971015,1.0
"reported (count proxy, graph, eta = 0.20)",70,0.5,0.0,1.6241817927844977,0.9203121516164995,0.8125
"reported (count proxy, graph, eta = 0.20)",70,0.5,0.1,1.558072408720193,0.9385953177257526,0.8709677419354839
"reported (count proxy, graph, eta = 0.20)",70,0.5,0.25,1.5248232965208786,0.9606243032329989,0.9333333333333333
"reported (count proxy, graph, eta = 0.20)",70,0.5,0.5,1.5318750329055604,0.9855072463768118,1.0
"reduced (condition-informed P, eta = 0, no graph)",70,0.0,0.0,0.2820134185494396,1.0,1.0
"reduced (condition-informed P, eta = 0, no graph)",70,0.0,0.1,0.2820134185494396,0.9948717948717949,1.0
"reduced (condition-informed P, eta = 0, no graph)",70,0.0,0.25,0.2965287386130626,0.9879152731326645,0.9333333333333333
"reduced (condition-informed P, eta = 0, no graph)",70,0.0,0.5,0.32521985181614355,0.9800222965440357,0.8709677419354839
"reduced (condition-informed P, eta = 0, no graph)",70,0.1,0.0,0.3400830877447447,0.97917502787068,0.8125
"reduced (condition-informed P, eta = 0, no graph)",70,0.1,0.1,0.3661248456105568,0.9810925306577482,0.8125
"reduced (condition-informed P, eta = 0, no graph)",70,0.1,0.25,0.3645050319403822,0.9816276477146043,0.8125
"reduced (condition-informed P, eta = 0, no graph)",70,0.1,0.5,0.3645050319403822,0.97917502787068,0.8125
"reduced (condition-informed P, eta = 0, no graph)",70,0.25,0.0,0.3898666713211014,0.9554515050167225,0.7058823529411765
"reduced (condition-informed P, eta = 0, no graph)",70,0.25,0.1,0.4043819913847244,0.9598216276477146,0.6571428571428571
"reduced (condition-informed P, eta = 0, no graph)",70,0.25,0.25,0.376559204477644,0.9632552954292085,0.7575757575757576
"reduced (condition-informed P, eta = 0, no graph)",70,0.25,0.5,0.376559204477644,0.9669565217391306,0.7575757575757576
"reduced (condition-informed P, eta = 0, no graph)",70,0.5,0.0,0.5076875859064387,0.9191527313266444,0.6111111111111112
"reduced (condition-informed P, eta = 0, no graph)",70,0.5,0.1,0.439838337000765,0.9260200668896322,0.6111111111111112
"reduced (condition-informed P, eta = 0, no graph)",70,0.5,0.25,0.39971360608063833,0.9353846153846154,0.6571428571428571
"reduced (condition-informed P, eta = 0, no graph)",70,0.5,0.5,0.4043819913847244,0.9445261984392419,0.6571428571428571
"reported (count proxy, graph, eta = 0.20)",71,0.0,0.0,2.4951376371272715,1.0,1.0
"reported (count proxy, graph, eta = 0.20)",71,0.0,0.1,2.483609284999318,0.9868450390189522,0.9333333333333333
"reported (count proxy, graph, eta = 0.20)",71,0.0,0.25,2.3660707060269885,0.9712820512820513,0.8709677419354839
"reported (count proxy, graph, eta = 0.20)",71,0.0,0.5,2.2955159481481644,0.9529542920847269,0.8709677419354839
"reported (count proxy, graph, eta = 0.20)",71,0.1,0.0,2.5025702283206215,0.9800222965440357,0.9333333333333333
"reported (count proxy, graph, eta = 0.20)",71,0.1,0.1,2.4951376371272715,0.9943812709030102,1.0
"reported (count proxy, graph, eta = 0.20)",71,0.1,0.25,2.3986218127615757,0.986309921962096,0.9333333333333333
"reported (count proxy, graph, eta = 0.20)",71,0.1,0.5,2.3660707060269885,0.9660646599777034,0.8709677419354839
"reported (count proxy, graph, eta = 0.20)",71,0.25,0.0,2.479915439739358,0.9559866220735787,0.9333333333333333
"reported (count proxy, graph, eta = 0.20)",71,0.25,0.1,2.479915439739358,0.9722185061315497,0.9333333333333333
"reported (count proxy, graph, eta = 0.20)",71,0.25,0.25,2.5025702283206215,0.9891638795986624,0.9333333333333333
"reported (count proxy, graph, eta = 0.20)",71,0.25,0.5,2.3986218127615757,0.9836343366778151,0.9333333333333333
"reported (count proxy, graph, eta = 0.20)",71,0.5,0.0,2.795386152818395,0.9216499442586399,0.8709677419354839
"reported (count proxy, graph, eta = 0.20)",71,0.5,0.1,2.795386152818395,0.9398885172798217,0.8709677419354839
"reported (count proxy, graph, eta = 0.20)",71,0.5,0.25,2.479915439739358,0.9600445930880713,0.9333333333333333
"reported (count proxy, graph, eta = 0.20)",71,0.5,0.5,2.5025702283206215,0.9835005574136009,0.9333333333333333
"reduced (condition-informed P, eta = 0, no graph)",71,0.0,0.0,0.2878264321188624,1.0,1.0
"reduced (condition-informed P, eta = 0, no graph)",71,0.0,0.1,0.2878264321188624,0.9955852842809365,1.0
"reduced (condition-informed P, eta = 0, no graph)",71,0.0,0.25,0.2878264321188624,0.9897881828316611,1.0
"reduced (condition-informed P, eta = 0, no graph)",71,0.0,0.5,0.2878264321188624,0.9842586399108139,1.0
"reduced (condition-informed P, eta = 0, no graph)",71,0.1,0.0,0.30349327805518556,0.9825641025641026,0.8709677419354839
"reduced (condition-informed P, eta = 0, no graph)",71,0.1,0.1,0.2878264321188624,0.9842586399108139,1.0
"reduced (condition-informed P, eta = 0, no graph)",71,0.1,0.25,0.2878264321188624,0.9843924191750278,1.0
"reduced (condition-informed P, eta = 0, no graph)",71,0.1,0.5,0.2878264321188624,0.9820289855072464,1.0
"reduced (condition-informed P, eta = 0, no graph)",71,0.25,0.0,0.33781483127663137,0.9558528428093647,0.7575757575757576
"reduced (condition-informed P, eta = 0, no graph)",71,0.25,0.1,0.33781483127663137,0.9611148272017838,0.7575757575757576
"reduced (condition-informed P, eta = 0, no graph)",71,0.25,0.25,0.2994636801092838,0.966510590858417,0.9333333333333333
"reduced (condition-informed P, eta = 0, no graph)",71,0.25,0.5,0.2878264321188624,0.9707469342251952,1.0
"reduced (condition-informed P, eta = 0, no graph)",71,0.5,0.0,0.4078913925215204,0.9192865105908584,0.6571428571428571
"reduced (condition-informed P, eta = 0, no graph)",71,0.5,0.1,0.4078913925215204,0.9284726867335563,0.6571428571428571
"reduced (condition-informed P, eta = 0, no graph)",71,0.5,0.25,0.38123974559991325,0.9364994425863992,0.7058823529411765
"reduced (condition-informed P, eta = 0, no graph)",71,0.5,0.5,0.36586155556111066,0.9461761426978819,0.7575757575757576
"reported (count proxy, graph, eta = 0.20)",72,0.0,0.0,2.0133215412613765,1.0,1.0
"reported (count proxy, graph, eta = 0.20)",72,0.0,0.1,1.6674351339708835,0.9824749163879599,0.9333333333333333
"reported (count proxy, graph, eta = 0.20)",72,0.0,0.25,1.633185343565117,0.962675585284281,0.8709677419354839
"reported (count proxy, graph, eta = 0.20)",72,0.0,0.5,2.1189909017785453,0.940557413600892,0.8125
"reported (count proxy, graph, eta = 0.20)",72,0.1,0.0,2.0133215412613765,0.9782385730211818,1.0
"reported (count proxy, graph, eta = 0.20)",72,0.1,0.1,2.0133215412613765,0.9955852842809365,1.0
"reported (count proxy, graph, eta = 0.20)",72,0.1,0.25,1.6674351339708835,0.9816722408026757,0.9333333333333333
"reported (count proxy, graph, eta = 0.20)",72,0.1,0.5,1.633185343565117,0.9567001114827203,0.8709677419354839
"reported (count proxy, graph, eta = 0.20)",72,0.25,0.0,2.0687711065838528,0.9513043478260871,0.8709677419354839
"reported (count proxy, graph, eta = 0.20)",72,0.25,0.1,2.0133215412613765,0.9704347826086958,1.0
"reported (count proxy, graph, eta = 0.20)",72,0.25,0.25,2.0133215412613765,0.9918840579710145,1.0
"reported (count proxy, graph, eta = 0.20)",72,0.25,0.5,1.6674351339708835,0.9784169453734672,0.9333333333333333
"reported (count proxy, graph, eta = 0.20)",72,0.5,0.0,2.1906492076489883,0.9131326644370124,0.7575757575757576
"reported (count proxy, graph, eta = 0.20)",72,0.5,0.1,2.0687711065838528,0.9340022296544036,0.8709677419354839
"reported (count proxy, graph, eta = 0.20)",72,0.5,0.25,2.0687711065838528,0.9593311036789298,0.8709677419354839
"reported (count proxy, graph, eta = 0.20)",72,0.5,0.5,2.0133215412613765,0.9881828316610927,1.0
"reduced (condition-informed P, eta = 0, no graph)",72,0.0,0.0,0.20957461219489915,1.0,1.0
"reduced (condition-informed P, eta = 0, no graph)",72,0.0,0.1,0.20957461219489915,0.9949163879598663,1.0
"reduced (condition-informed P, eta = 0, no graph)",72,0.0,0.25,0.20957461219489915,0.9888071348940914,1.0
"reduced (condition-informed P, eta = 0, no graph)",72,0.0,0.5,0.20957461219489915,0.9835005574136009,1.0
"reduced (condition-informed P, eta = 0, no graph)",72,0.1,0.0,0.2497893235458264,0.9736454849498328,0.8125
"reduced (condition-informed P, eta = 0, no graph)",72,0.1,0.1,0.24326552115314826,0.9773913043478261,0.8125
"reduced (condition-informed P, eta = 0, no graph)",72,0.1,0.25,0.226542675241177,0.9795763656633222,0.8709677419354839
"reduced (condition-informed P, eta = 0, no graph)",72,0.1,0.5,0.21948801448340305,0.9786845039018952,0.8709677419354839
"reduced (condition-informed P, eta = 0, no graph)",72,0.25,0.0,0.38322095763840025,0.9356075808249722,0.6111111111111112
"reduced (condition-informed P, eta = 0, no graph)",72,0.25,0.1,0.26958284720151937,0.9436343366778149,0.7575757575757576
"reduced (condition-informed P, eta = 0, no graph)",72,0.25,0.25,0.26958284720151937,0.9526867335562988,0.7575757575757576
"reduced (condition-informed P, eta = 0, no graph)",72,0.25,0.5,0.26958284720151937,0.960891861761427,0.7575757575757576
"reduced (condition-informed P, eta = 0, no graph)",72,0.5,0.0,1.0568715945738063,0.8843701226309922,0.4146341463414634
"reduced (condition-informed P, eta = 0, no graph)",72,0.5,0.1,0.5901610886114099,0.8979264214046824,0.48717948717948717
"reduced (condition-informed P, eta = 0, no graph)",72,0.5,0.25,0.5116926764998198,0.9116164994425865,0.5263157894736842
"reduced (condition-informed P, eta = 0, no graph)",72,0.5,0.5,0.35345914638310205,0.9283835005574137,0.6571428571428571
"reported (count proxy, graph, eta = 0.20)",73,0.0,0.0,2.2176950605584693,1.0,1.0
"reported (count proxy, graph, eta = 0.20)",73,0.0,0.1,2.2176950605584693,0.9816276477146043,1.0
"reported (count proxy, graph, eta = 0.20)",73,0.0,0.25,2.303665441059536,0.9610702341137125,0.9333333333333333
"reported (count proxy, graph, eta = 0.20)",73,0.0,0.5,2.303665441059536,0.9403790412486065,0.9333333333333333
"reported (count proxy, graph, eta = 0.20)",73,0.1,0.0,2.2459028815948443,0.9789966555183948,0.9333333333333333
"reported (count proxy, graph, eta = 0.20)",73,0.1,0.1,2.2176950605584693,0.9954960981047939,1.0
"reported (count proxy, graph, eta = 0.20)",73,0.1,0.25,2.303665441059536,0.9798885172798217,0.9333333333333333
"reported (count proxy, graph, eta = 0.20)",73,0.1,0.5,2.303665441059536,0.9550947603121517,0.9333333333333333
"reported (count proxy, graph, eta = 0.20)",73,0.25,0.0,2.337903848535234,0.9471571906354516,0.8125
"reported (count proxy, graph, eta = 0.20)",73,0.25,0.1,2.2693309512622477,0.9688740245261985,0.8709677419354839
"reported (count proxy, graph, eta = 0.20)",73,0.25,0.25,2.2176950605584693,0.9905462653288741,1.0
"reported (count proxy, graph, eta = 0.20)",73,0.25,0.5,2.303665441059536,0.9750278706800446,0.9333333333333333
"reported (count proxy, graph, eta = 0.20)",73,0.5,0.0,2.88813611499387,0.9049275362318842,0.7575757575757576
"reported (count proxy, graph, eta = 0.20)",73,0.5,0.1,2.88813611499387,0.9283835005574137,0.7575757575757576
"reported (count proxy, graph, eta = 0.20)",73,0.5,0.25,2.2693309512622477,0.9564325529542922,0.8709677419354839
"reported (count proxy, graph, eta = 0.20)",73,0.5,0.5,2.2176950605584693,0.9866220735785954,1.0
"reduced (condition-informed P, eta = 0, no graph)",73,0.0,0.0,0.33417370072717745,1.0,1.0
"reduced (condition-informed P, eta = 0, no graph)",73,0.0,0.1,0.33417370072717745,0.9962095875139354,1.0
"reduced (condition-informed P, eta = 0, no graph)",73,0.0,0.25,0.33417370072717745,0.991170568561873,1.0
"reduced (condition-informed P, eta = 0, no graph)",73,0.0,0.5,0.33417370072717745,0.985418060200669,1.0
"reduced (condition-informed P, eta = 0, no graph)",73,0.1,0.0,0.3436864589496622,0.9806465997770346,0.8709677419354839
"reduced (condition-informed P, eta = 0, no graph)",73,0.1,0.1,0.3436864589496622,0.9819397993311036,0.8709677419354839
"reduced (condition-informed P, eta = 0, no graph)",73,0.1,0.25,0.3391856212234927,0.9826532887402454,0.9333333333333333
"reduced (condition-informed P, eta = 0, no graph)",73,0.1,0.5,0.33417370072717745,0.981583054626533,1.0
"reduced (condition-informed P, eta = 0, no graph)",73,0.25,0.0,0.42156094010323386,0.9525529542920849,0.7575757575757576
"reduced (condition-informed P, eta = 0, no graph)",73,0.25,0.1,0.37160068403176183,0.9574581939799331,0.8125
"reduced (condition-informed P, eta = 0, no graph)",73,0.25,0.25,0.37160068403176183,0.9615607580824973,0.8125
"reduced (condition-informed P, eta = 0, no graph)",73,0.25,0.5,0.3716709122900568,0.9659754738015609,0.8709677419354839
"reduced (condition-informed P, eta = 0, no graph)",73,0.5,0.0,0.6795770624241015,0.9131326644370124,0.5263157894736842
"reduced (condition-informed P, eta = 0, no graph)",73,0.5,0.1,0.5625126131447189,0.9214715719063545,0.6111111111111112
"reduced (condition-informed P, eta = 0, no graph)",73,0.5,0.25,0.5625126131447189,0.9306131549609811,0.6111111111111112
"reduced (condition-informed P, eta = 0, no graph)",73,0.5,0.5,0.42156094010323386,0.9414938684503902,0.7575757575757576
"reported (count proxy, graph, eta = 0.20)",74,0.0,0.0,1.7464094969847395,1.0,1.0
"reported (count proxy, graph, eta = 0.20)",74,0.0,0.1,1.7464094969847395,0.9857302118171685,1.0
"reported (count proxy, graph, eta = 0.20)",74,0.0,0.25,1.7117305558328155,0.9674470457079153,0.9333333333333333
"reported (count proxy, graph, eta = 0.20)",74,0.0,0.5,1.7117305558328155,0.9494314381270904,0.9333333333333333
"reported (count proxy, graph, eta = 0.20)",74,0.1,0.0,1.7464094969847395,0.977748049052397,1.0
"reported (count proxy, graph, eta = 0.20)",74,0.1,0.1,1.7464094969847395,0.9954515050167224,1.0
"reported (count proxy, graph, eta = 0.20)",74,0.1,0.25,1.7464094969847395,0.985685618729097,1.0
"reported (count proxy, graph, eta = 0.20)",74,0.1,0.5,1.7117305558328155,0.961783723522854,0.9333333333333333
"reported (count proxy, graph, eta = 0.20)",74,0.25,0.0,1.4505186555882972,0.9520624303233,0.9333333333333333
"reported (count proxy, graph, eta = 0.20)",74,0.25,0.1,1.7464094969847395,0.96958751393534,1.0
"reported (count proxy, graph, eta = 0.20)",74,0.25,0.25,1.7464094969847395,0.9910813823857303,1.0
"reported (count proxy, graph, eta = 0.20)",74,0.25,0.5,1.7464094969847395,0.9827424749163881,1.0
"reported (count proxy, graph, eta = 0.20)",74,0.5,0.0,1.4976035266332417,0.9166109253065775,0.8709677419354839
"reported (count proxy, graph, eta = 0.20)",74,0.5,0.1,1.4505186555882972,0.9360089186176144,0.9333333333333333
"reported (count proxy, graph, eta = 0.20)",74,0.5,0.25,1.4505186555882972,0.9580824972129321,0.9333333333333333
"reported (count proxy, graph, eta = 0.20)",74,0.5,0.5,1.7464094969847395,0.9857748049052397,1.0
"reduced (condition-informed P, eta = 0, no graph)",74,0.0,0.0,0.21368043012665794,1.0,1.0
"reduced (condition-informed P, eta = 0, no graph)",74,0.0,0.1,0.21368043012665794,0.9959866220735787,1.0
"reduced (condition-informed P, eta = 0, no graph)",74,0.0,0.25,0.21368043012665794,0.9912151616499443,1.0
"reduced (condition-informed P, eta = 0, no graph)",74,0.0,0.5,0.21368043012665794,0.9857748049052397,1.0
"reduced (condition-informed P, eta = 0, no graph)",74,0.1,0.0,0.2563627164628599,0.9804236343366779,0.8709677419354839
"reduced (condition-informed P, eta = 0, no graph)",74,0.1,0.1,0.2563627164628599,0.9816276477146043,0.8709677419354839
"reduced (condition-informed P, eta = 0, no graph)",74,0.1,0.25,0.2304097243660692,0.9821627647714606,0.9333333333333333
"reduced (condition-informed P, eta = 0, no graph)",74,0.1,0.5,0.2304097243660692,0.9813600891861762,0.9333333333333333
"reduced (condition-informed P, eta = 0, no graph)",74,0.25,0.0,0.34445493474098043,0.9516610925306578,0.7058823529411765
"reduced (condition-informed P, eta = 0, no graph)",74,0.25,0.1,0.318307795010611,0.956923076923077,0.7575757575757576
"reduced (condition-informed P, eta = 0, no graph)",74,0.25,0.25,0.27685776290829267,0.9624972129319955,0.8125
"reduced (condition-informed P, eta = 0, no graph)",74,0.25,0.5,0.27685776290829267,0.9678483835005576,0.8125
"reduced (condition-informed P, eta = 0, no graph)",74,0.5,0.0,0.5679770787991743,0.9097435897435898,0.5263157894736842
"reduced (condition-informed P, eta = 0, no graph)",74,0.5,0.1,0.4851472922889286,0.9193311036789299,0.5675675675675675
"reduced (condition-informed P, eta = 0, no graph)",74,0.5,0.25,0.44250470806983344,0.9301226309921963,0.6111111111111112
"reduced (condition-informed P, eta = 0, no graph)",74,0.5,0.5,0.3704205609709845,0.941850613154961,0.7058823529411765
"reported (count proxy, graph, eta = 0.20)",75,0.0,0.0,2.2141869674824193,1.0,1.0
"reported (count proxy, graph, eta = 0.20)",75,0.0,0.1,2.2141869674824193,0.9830992196209588,1.0
"reported (count proxy, graph, eta = 0.20)",75,0.0,0.25,2.2315528346406666,0.9648160535117057,0.9333333333333333
"reported (count proxy, graph, eta = 0.20)",75,0.0,0.5,2.143645485409934,0.9446599777034561,0.8709677419354839
"reported (count proxy, graph, eta = 0.20)",75,0.1,0.0,2.143642424051791,0.9767670011148273,0.9333333333333333
"reported (count proxy, graph, eta = 0.20)",75,0.1,0.1,2.2141869674824193,0.995139353400223,1.0
"reported (count proxy, graph, eta = 0.20)",75,0.1,0.25,2.2141869674824193,0.9826532887402454,1.0
"reported (count proxy, graph, eta = 0.20)",75,0.1,0.5,2.143645485409934,0.9589297658862876,0.8709677419354839
"reported (count proxy, graph, eta = 0.20)",75,0.25,0.0,2.312693496777513,0.9475585284280937,0.8709677419354839
"reported (count proxy, graph, eta = 0.20)",75,0.25,0.1,2.174129010824373,0.9677591973244148,0.8709677419354839
"reported (count proxy, graph, eta = 0.20)",75,0.25,0.25,2.2141869674824193,0.9908584169453736,1.0
"reported (count proxy, graph, eta = 0.20)",75,0.25,0.5,2.2315528346406666,0.9788628762541807,0.9333333333333333
"reported (count proxy, graph, eta = 0.20)",75,0.5,0.0,2.404913427856826,0.9096989966555185,0.7575757575757576
"reported (count proxy, graph, eta = 0.20)",75,0.5,0.1,2.2319928762824475,0.9305685618729098,0.8125
"reported (count proxy, graph, eta = 0.20)",75,0.5,0.25,2.312693496777513,0.9564771460423634,0.8709677419354839
"reported (count proxy, graph, eta = 0.20)",75,0.5,0.5,2.2141869674824193,0.98644370122631,1.0
"reduced (condition-informed P, eta = 0, no graph)",75,0.0,0.0,0.5529386960095337,1.0,1.0
"reduced (condition-informed P, eta = 0, no graph)",75,0.0,0.1,0.5529386960095337,0.9952285395763657,1.0
"reduced (condition-informed P, eta = 0, no graph)",75,0.0,0.25,0.5529386960095337,0.9897435897435898,1.0
"reduced (condition-informed P, eta = 0, no graph)",75,0.0,0.5,0.5529386960095337,0.9840802675585285,1.0
"reduced (condition-informed P, eta = 0, no graph)",75,0.1,0.0,0.5830534349436505,0.9766778149386846,0.8125
"reduced (condition-informed P, eta = 0, no graph)",75,0.1,0.1,0.5812466965232659,0.97917502787068,0.8125
"reduced (condition-informed P, eta = 0, no graph)",75,0.1,0.25,0.5812466965232659,0.9797101449275363,0.8125
"reduced (condition-informed P, eta = 0, no graph)",75,0.1,0.5,0.5812466965232659,0.9792196209587515,0.8125
"reduced (condition-informed P, eta = 0, no graph)",75,0.25,0.0,0.4001227013524442,0.9438573021181716,0.5263157894736842
"reduced (condition-informed P, eta = 0, no graph)",75,0.25,0.1,0.7463595203337263,0.9517056856187291,0.6111111111111112
"reduced (condition-informed P, eta = 0, no graph)",75,0.25,0.25,0.6312177582327081,0.9591081382385731,0.7058823529411765
"reduced (condition-informed P, eta = 0, no graph)",75,0.25,0.5,0.6106198670877347,0.9634782608695652,0.7575757575757576
"reduced (condition-informed P, eta = 0, no graph)",75,0.5,0.0,0.711425980761561,0.8995763656633223,0.3488372093023256
"reduced (condition-informed P, eta = 0, no graph)",75,0.5,0.1,0.679560878163926,0.910278706800446,0.3488372093023256
"reduced (condition-informed P, eta = 0, no graph)",75,0.5,0.25,0.5658493887446241,0.9232552954292086,0.4146341463414634
"reduced (condition-informed P, eta = 0, no graph)",75,0.5,0.5,0.48117054845519647,0.9359197324414716,0.48717948717948717
"reported (count proxy, graph, eta = 0.20)",76,0.0,0.0,2.7291958349532024,1.0,1.0
"reported (count proxy, graph, eta = 0.20)",76,0.0,0.1,2.7083889767018263,0.976989966555184,0.9333333333333333
"reported (count proxy, graph, eta = 0.20)",76,0.0,0.25,2.7083889767018263,0.954515050167224,0.9333333333333333
"reported (count proxy, graph, eta = 0.20)",76,0.0,0.5,2.6997562291359998,0.9292307692307693,0.8709677419354839
"reported (count proxy, graph, eta = 0.20)",76,0.1,0.0,2.7409650388596276,0.9734671125975475,0.9333333333333333
"reported (count proxy, graph, eta = 0.20)",76,0.1,0.1,2.7291958349532024,0.9948717948717949,1.0
"reported (count proxy, graph, eta = 0.20)",76,0.1,0.25,2.7083889767018263,0.9758751393534003,0.9333333333333333
"reported (count proxy, graph, eta = 0.20)",76,0.1,0.5,2.7083889767018263,0.9468896321070235,0.9333333333333333
"reported (count proxy, graph, eta = 0.20)",76,0.25,0.0,2.7409650388596276,0.9357413600891862,0.9333333333333333
"reported (count proxy, graph, eta = 0.20)",76,0.25,0.1,2.7409650388596276,0.9618283166109254,0.9333333333333333
"reported (count proxy, graph, eta = 0.20)",76,0.25,0.25,2.7291958349532024,0.9903678929765887,1.0
"reported (count proxy, graph, eta = 0.20)",76,0.25,0.5,2.7083889767018263,0.9716833890746934,0.9333333333333333
"reported (count proxy, graph, eta = 0.20)",76,0.5,0.0,2.894330656432089,0.8880267558528429,0.8709677419354839
"reported (count proxy, graph, eta = 0.20)",76,0.5,0.1,2.7741389410517456,0.9129096989966556,0.8709677419354839
"reported (count proxy, graph, eta = 0.20)",76,0.5,0.25,2.7409650388596276,0.946309921962096,0.9333333333333333
"reported (count proxy, graph, eta = 0.20)",76,0.5,0.5,2.723618967428081,0.984659977703456,0.9333333333333333
"reduced (condition-informed P, eta = 0, no graph)",76,0.0,0.0,0.39168461975657465,1.0,1.0
"reduced (condition-informed P, eta = 0, no graph)",76,0.0,0.1,0.36891232246443906,0.9940245261984393,0.9333333333333333
"reduced (condition-informed P, eta = 0, no graph)",76,0.0,0.25,0.36891232246443906,0.987335562987737,0.9333333333333333
"reduced (condition-informed P, eta = 0, no graph)",76,0.0,0.5,0.36891232246443906,0.979799331103679,0.9333333333333333
"reduced (condition-informed P, eta = 0, no graph)",76,0.1,0.0,0.4498504102467109,0.9724860646599778,0.8709677419354839
"reduced (condition-informed P, eta = 0, no graph)",76,0.1,0.1,0.4498504102467109,0.9752954292084728,0.8709677419354839
"reduced (condition-informed P, eta = 0, no graph)",76,0.1,0.25,0.4498504102467109,0.9768115942028985,0.8709677419354839
"reduced (condition-informed P, eta = 0, no graph)",76,0.1,0.5,0.4498504102467109,0.9740914158305464,0.8709677419354839
"reduced (condition-informed P, eta = 0, no graph)",76,0.25,0.0,0.595010193235396,0.9346711259754739,0.5675675675675675
"reduced (condition-informed P, eta = 0, no graph)",76,0.25,0.1,0.5731188510411585,0.9423411371237459,0.6111111111111112
"reduced (condition-informed P, eta = 0, no graph)",76,0.25,0.25,0.5376413816538843,0.9501449275362319,0.7058823529411765
"reduced (condition-informed P, eta = 0, no graph)",76,0.25,0.5,0.5376413816538843,0.9575473801560759,0.7058823529411765
"reduced (condition-informed P, eta = 0, no graph)",76,0.5,0.0,0.8498854985396065,0.8844593088071349,0.4146341463414634
"reduced (condition-informed P, eta = 0, no graph)",76,0.5,0.1,0.7142507650376899,0.8969899665551839,0.48717948717948717
"reduced (condition-informed P, eta = 0, no graph)",76,0.5,0.25,0.6914398040105709,0.9118840579710145,0.5263157894736842
"reduced (condition-informed P, eta = 0, no graph)",76,0.5,0.5,0.6260474429411715,0.9268227424749165,0.6111111111111112
"reported (count proxy, graph, eta = 0.20)",77,0.0,0.0,2.6130277925078076,1.0,1.0
"reported (count proxy, graph, eta = 0.20)",77,0.0,0.1,2.5146375585512715,0.9875139353400224,0.9333333333333333
"reported (count proxy, graph, eta = 0.20)",77,0.0,0.25,2.459604917554742,0.9740468227424749,0.8709677419354839
"reported (count proxy, graph, eta = 0.20)",77,0.0,0.5,2.4244742208149432,0.9583946488294315,0.8709677419354839
"reported (count proxy, graph, eta = 0.20)",77,0.1,0.0,2.025305679355739,0.9825195094760313,0.9333333333333333
"reported (count proxy, graph, eta = 0.20)",77,0.1,0.1,2.025305679355739,0.9955852842809365,0.9333333333333333
"reported (count proxy, graph, eta = 0.20)",77,0.1,0.25,2.5146375585512715,0.9870234113712375,0.9333333333333333
"reported (count proxy, graph, eta = 0.20)",77,0.1,0.5,2.459604917554742,0.9695429208472688,0.8709677419354839
"reported (count proxy, graph, eta = 0.20)",77,0.25,0.0,1.824718538574075,0.9591527313266444,0.8709677419354839
"reported (count proxy, graph, eta = 0.20)",77,0.25,0.1,2.025305679355739,0.9744481605351171,0.9333333333333333
"reported (count proxy, graph, eta = 0.20)",77,0.25,0.25,2.025305679355739,0.9915719063545151,0.9333333333333333
"reported (count proxy, graph, eta = 0.20)",77,0.25,0.5,2.5146375585512715,0.984526198439242,0.9333333333333333
"reported (count proxy, graph, eta = 0.20)",77,0.5,0.0,1.824718538574075,0.9288294314381271,0.8709677419354839
"reported (count proxy, graph, eta = 0.20)",77,0.5,0.1,1.824718538574075,0.9456856187290971,0.8709677419354839
"reported (count proxy, graph, eta = 0.20)",77,0.5,0.25,2.0664092376207748,0.9641917502787068,0.9333333333333333
"reported (count proxy, graph, eta = 0.20)",77,0.5,0.5,2.025305679355739,0.9871125975473802,0.9333333333333333
"reduced (condition-informed P, eta = 0, no graph)",77,0.0,0.0,0.18220407701539898,1.0,1.0
"reduced (condition-informed P, eta = 0, no graph)",77,0.0,0.1,0.18220407701539898,0.9953177257525084,1.0
"reduced (condition-informed P, eta = 0, no graph)",77,0.0,0.25,0.1998931019139718,0.9900111482720179,0.9333333333333333
"reduced (condition-informed P, eta = 0, no graph)",77,0.0,0.5,0.1998931019139718,0.9835897435897436,0.9333333333333333
"reduced (condition-informed P, eta = 0, no graph)",77,0.1,0.0,0.2358783935985116,0.977881828316611,0.7575757575757576
"reduced (condition-informed P, eta = 0, no graph)",77,0.1,0.1,0.2358783935985116,0.9793088071348942,0.7575757575757576
"reduced (condition-informed P, eta = 0, no graph)",77,0.1,0.25,0.2358783935985116,0.9788628762541807,0.7575757575757576
"reduced (condition-informed P, eta = 0, no graph)",77,0.1,0.5,0.24695710064739274,0.9775250836120403,0.7575757575757576
"reduced (condition-informed P, eta = 0, no graph)",77,0.25,0.0,0.3269413045449028,0.9480490523968785,0.6571428571428571
"reduced (condition-informed P, eta = 0, no graph)",77,0.25,0.1,0.3269413045449028,0.9539353400222966,0.6571428571428571
"reduced (condition-informed P, eta = 0, no graph)",77,0.25,0.25,0.27325514037687526,0.9591973244147158,0.7058823529411765
"reduced (condition-informed P, eta = 0, no graph)",77,0.25,0.5,0.27325514037687526,0.9629877369007804,0.7058823529411765
"reduced (condition-informed P, eta = 0, no graph)",77,0.5,0.0,0.5176525239670013,0.9062653288740246,0.5263157894736842
"reduced (condition-informed P, eta = 0, no graph)",77,0.5,0.1,0.7128586333351734,0.9144258639910814,0.5263157894736842
"reduced (condition-informed P, eta = 0, no graph)",77,0.5,0.25,0.4895496729727995,0.9246822742474917,0.5675675675675675
"reduced (condition-informed P, eta = 0, no graph)",77,0.5,0.5,0.5801252888573174,0.937257525083612,0.6111111111111112
"reported (count proxy, graph, eta = 0.20)",78,0.0,0.0,1.5067217900635796,1.0,1.0
"reported (count proxy, graph, eta = 0.20)",78,0.0,0.1,1.3711396809542862,0.9830992196209588,0.9333333333333333
"reported (count proxy, graph, eta = 0.20)",78,0.0,0.25,1.3711396809542862,0.9654403567447046,0.9333333333333333
"reported (count proxy, graph, eta = 0.20)",78,0.0,0.5,1.3117226385352012,0.9448383500557413,0.8125
"reported (count proxy, graph, eta = 0.20)",78,0.1,0.0,1.5865016245608956,0.9804236343366779,0.9333333333333333
"reported (count proxy, graph, eta = 0.20)",78,0.1,0.1,1.5067217900635796,0.9954960981047939,1.0
"reported (count proxy, graph, eta = 0.20)",78,0.1,0.25,1.3711396809542862,0.9821627647714606,0.9333333333333333
"reported (count proxy, graph, eta = 0.20)",78,0.1,0.5,1.3393098572107363,0.9595986622073579,0.8709677419354839
"reported (count proxy, graph, eta = 0.20)",78,0.25,0.0,1.0605384761369123,0.9517948717948719,0.8709677419354839
"reported (count proxy, graph, eta = 0.20)",78,0.25,0.1,1.5865016245608956,0.9721739130434782,0.9333333333333333
"reported (count proxy, graph, eta = 0.20)",78,0.25,0.25,1.5292120441696966,0.9905016722408028,0.9333333333333333
"reported (count proxy, graph, eta = 0.20)",78,0.25,0.5,1.3711396809542862,0.9783277591973245,0.9333333333333333
"reported (count proxy, graph, eta = 0.20)",78,0.5,0.0,1.144016418419426,0.9145596432552955,0.8125
"reported (count proxy, graph, eta = 0.20)",78,0.5,0.1,1.0605384761369123,0.9342251950947604,0.8709677419354839
"reported (count proxy, graph, eta = 0.20)",78,0.5,0.25,1.5865016245608956,0.9592419175027871,0.9333333333333333
"reported (count proxy, graph, eta = 0.20)",78,0.5,0.5,1.5865016245608956,0.9853288740245263,0.9333333333333333
"reduced (condition-informed P, eta = 0, no graph)",78,0.0,0.0,0.18942662442748315,1.0,1.0
"reduced (condition-informed P, eta = 0, no graph)",78,0.0,0.1,0.2225753246285933,0.995763656633222,0.9333333333333333
"reduced (condition-informed P, eta = 0, no graph)",78,0.0,0.25,0.2225753246285933,0.9906354515050169,0.9333333333333333
"reduced (condition-informed P, eta = 0, no graph)",78,0.0,0.5,0.2225753246285933,0.9855072463768118,0.9333333333333333
"reduced (condition-informed P, eta = 0, no graph)",78,0.1,0.0,0.25690438608961585,0.9807803790412487,0.8709677419354839
"reduced (condition-informed P, eta = 0, no graph)",78,0.1,0.1,0.25690438608961585,0.9823411371237458,0.8709677419354839
"reduced (condition-informed P, eta = 0, no graph)",78,0.1,0.25,0.25773541739368966,0.9827424749163881,0.8709677419354839
"reduced (condition-informed P, eta = 0, no graph)",78,0.1,0.5,0.22660836042064147,0.9816722408026757,0.9333333333333333
"reduced (condition-informed P, eta = 0, no graph)",78,0.25,0.0,0.3170021901250948,0.954515050167224,0.7575757575757576
"reduced (condition-informed P, eta = 0, no graph)",78,0.25,0.1,0.2903682405653569,0.9596432552954293,0.8125
"reduced (condition-informed P, eta = 0, no graph)",78,0.25,0.25,0.25690438608961585,0.963701226309922,0.8709677419354839
"reduced (condition-informed P, eta = 0, no graph)",78,0.25,0.5,0.25690438608961585,0.9690969899665552,0.8709677419354839
"reduced (condition-informed P, eta = 0, no graph)",78,0.5,0.0,0.43719871362245044,0.9192865105908584,0.6111111111111112
"reduced (condition-informed P, eta = 0, no graph)",78,0.5,0.1,0.4370255111348058,0.9264659977703457,0.6571428571428571
"reduced (condition-informed P, eta = 0, no graph)",78,0.5,0.25,0.4370255111348058,0.9351616499442587,0.6571428571428571
"reduced (condition-informed P, eta = 0, no graph)",78,0.5,0.5,0.36494340689299065,0.9437235228539577,0.7058823529411765
"reported (count proxy, graph, eta = 0.20)",79,0.0,0.0,1.3882708387099,1.0,1.0
"reported (count proxy, graph, eta = 0.20)",79,0.0,0.1,1.4231446349946566,0.9840356744704571,0.9333333333333333
"reported (count proxy, graph, eta = 0.20)",79,0.0,0.25,0.6951723087718165,0.9645484949832777,0.8125
"reported (count proxy, graph, eta = 0.20)",79,0.0,0.5,0.6951463855660904,0.9446153846153846,0.7575757575757576
"reported (count proxy, graph, eta = 0.20)",79,0.1,0.0,1.4077974577299983,0.9792642140468227,0.9333333333333333
"reported (count proxy, graph, eta = 0.20)",79,0.1,0.1,1.3882708387099,0.9956298773690079,1.0
"reported (count proxy, graph, eta = 0.20)",79,0.1,0.25,1.3063100301459372,0.9832329988851729,0.9333333333333333
"reported (count proxy, graph, eta = 0.20)",79,0.1,0.5,0.6951723087718165,0.9588405797101449,0.8125
"reported (count proxy, graph, eta = 0.20)",79,0.25,0.0,2.0679146924225904,0.9504124860646601,0.8125
"reported (count proxy, graph, eta = 0.20)",79,0.25,0.1,1.9469104605646521,0.9705239687848385,0.8709677419354839
"reported (count proxy, graph, eta = 0.20)",79,0.25,0.25,1.3882708387099,0.9922408026755853,1.0
"reported (count proxy, graph, eta = 0.20)",79,0.25,0.5,1.3063100301459372,0.9802898550724639,0.9333333333333333
"reported (count proxy, graph, eta = 0.20)",79,0.5,0.0,2.117188940732035,0.9096989966555185,0.7575757575757576
"reported (count proxy, graph, eta = 0.20)",79,0.5,0.1,2.0679146924225904,0.933288740245262,0.8125
"reported (count proxy, graph, eta = 0.20)",79,0.5,0.25,1.9469104605646521,0.9580824972129321,0.8709677419354839
"reported (count proxy, graph, eta = 0.20)",79,0.5,0.5,1.3882708387099,0.9878706800445932,1.0
"reduced (condition-informed P, eta = 0, no graph)",79,0.0,0.0,0.14394076311793924,1.0,1.0
"reduced (condition-informed P, eta = 0, no graph)",79,0.0,0.1,0.16782962288561976,0.9950947603121517,0.9333333333333333
"reduced (condition-informed P, eta = 0, no graph)",79,0.0,0.25,0.16782962288561976,0.9909030100334448,0.9333333333333333
"reduced (condition-informed P, eta = 0, no graph)",79,0.0,0.5,0.16782962288561976,0.9851950947603122,0.9333333333333333
"reduced (condition-informed P, eta = 0, no graph)",79,0.1,0.0,0.19279574994754967,0.9773467112597548,0.9333333333333333
"reduced (condition-informed P, eta = 0, no graph)",79,0.1,0.1,0.19279574994754967,0.9800222965440357,0.9333333333333333
"reduced (condition-informed P, eta = 0, no graph)",79,0.1,0.25,0.19279574994754967,0.9824749163879599,0.9333333333333333
"reduced (condition-informed P, eta = 0, no graph)",79,0.1,0.5,0.19279574994754967,0.9822519509476032,0.9333333333333333
"reduced (condition-informed P, eta = 0, no graph)",79,0.25,0.0,0.3148193362605127,0.9472463768115943,0.7058823529411765
"reduced (condition-informed P, eta = 0, no graph)",79,0.25,0.1,0.30047532025591295,0.9533556298773691,0.7575757575757576
"reduced (condition-informed P, eta = 0, no graph)",79,0.25,0.25,0.2549374447265791,0.9606243032329989,0.8125
"reduced (condition-informed P, eta = 0, no graph)",79,0.25,0.5,0.19279574994754967,0.9669119286510591,0.9333333333333333
"reduced (condition-informed P, eta = 0, no graph)",79,0.5,0.0,0.4303621389826162,0.9044816053511706,0.6111111111111112
"reduced (condition-informed P, eta = 0, no graph)",79,0.5,0.1,0.38860835550616457,0.9147826086956523,0.6571428571428571
"reduced (condition-informed P, eta = 0, no graph)",79,0.5,0.25,0.3148193362605127,0.9258416945373468,0.7058823529411765
"reduced (condition-informed P, eta = 0, no graph)",79,0.5,0.5,0.3148193362605127,0.9395763656633223,0.7058823529411765
"reported (count proxy, graph, eta = 0.20)",80,0.0,0.0,2.0427037385695144,1.0,1.0
"reported (count proxy, graph, eta = 0.20)",80,0.0,0.1,1.9989497281359263,0.9843478260869566,0.9333333333333333
"reported (count proxy, graph, eta = 0.20)",80,0.0,0.25,1.9863081267825464,0.9652619843924192,0.8709677419354839
"reported (count proxy, graph, eta = 0.20)",80,0.0,0.5,1.9272998527731033,0.942742474916388,0.8125
"reported (count proxy, graph, eta = 0.20)",80,0.1,0.0,2.3472611819420877,0.9765440356744706,0.8709677419354839
"reported (count proxy, graph, eta = 0.20)",80,0.1,0.1,2.3213607378858683,0.9948272017837236,0.9333333333333333
"reported (count proxy, graph, eta = 0.20)",80,0.1,0.25,1.9616729211376196,0.9828316610925306,0.8709677419354839
"reported (count proxy, graph, eta = 0.20)",80,0.1,0.5,1.9863081267825464,0.9591081382385731,0.8709677419354839
"reported (count proxy, graph, eta = 0.20)",80,0.25,0.0,2.3472611819420877,0.9501449275362319,0.8709677419354839
"reported (count proxy, graph, eta = 0.20)",80,0.25,0.1,2.3472611819420877,0.9682497212931996,0.8709677419354839
"reported (count proxy, graph, eta = 0.20)",80,0.25,0.25,2.3213607378858683,0.9893868450390191,0.9333333333333333
"reported (count proxy, graph, eta = 0.20)",80,0.25,0.5,1.9616729211376196,0.9798439241917504,0.8709677419354839
"reported (count proxy, graph, eta = 0.20)",80,0.5,0.0,2.9079632958195702,0.915005574136009,0.8709677419354839
"reported (count proxy, graph, eta = 0.20)",80,0.5,0.1,2.3472611819420877,0.934046822742475,0.8709677419354839
"reported (count proxy, graph, eta = 0.20)",80,0.5,0.25,2.3472611819420877,0.9555406911928652,0.8709677419354839
"reported (count proxy, graph, eta = 0.20)",80,0.5,0.5,2.3213607378858683,0.9838573021181718,0.9333333333333333
"reduced (condition-informed P, eta = 0, no graph)",80,0.0,0.0,0.13595621385957202,1.0,1.0
"reduced (condition-informed P, eta = 0, no graph)",80,0.0,0.1,0.13595621385957202,0.9953177257525084,1.0
"reduced (condition-informed P, eta = 0, no graph)",80,0.0,0.25,0.13595621385957202,0.9897435897435898,1.0
"reduced (condition-informed P, eta = 0, no graph)",80,0.0,0.5,0.13595621385957202,0.9833667781493869,1.0
"reduced (condition-informed P, eta = 0, no graph)",80,0.1,0.0,0.1664810761671447,0.9796655518394649,0.9333333333333333
"reduced (condition-informed P, eta = 0, no graph)",80,0.1,0.1,0.1664810761671447,0.9816276477146043,0.9333333333333333
"reduced (condition-informed P, eta = 0, no graph)",80,0.1,0.25,0.19457200671888586,0.9820289855072464,0.9333333333333333
"reduced (condition-informed P, eta = 0, no graph)",80,0.1,0.5,0.19457200671888586,0.9803344481605352,0.9333333333333333
"reduced (condition-informed P, eta = 0, no graph)",80,0.25,0.0,0.42436265438365695,0.952329988851728,0.5675675675675675
"reduced (condition-informed P, eta = 0, no graph)",80,0.25,0.1,0.36336277228755876,0.9576365663322186,0.6111111111111112
"reduced (condition-informed P, eta = 0, no graph)",80,0.25,0.25,0.3003710346417279,0.9631215161649945,0.7058823529411765
"reduced (condition-informed P, eta = 0, no graph)",80,0.25,0.5,0.27033473708755196,0.9670903010033446,0.8125
"reduced (condition-informed P, eta = 0, no graph)",80,0.5,0.0,0.5180267685175579,0.9154069119286511,0.48717948717948717
"reduced (condition-informed P, eta = 0, no graph)",80,0.5,0.1,0.47709055477812967,0.9242809364548495,0.5263157894736842
"reduced (condition-informed P, eta = 0, no graph)",80,0.5,0.25,0.4373612937333178,0.9317725752508362,0.5675675675675675
"reduced (condition-informed P, eta = 0, no graph)",80,0.5,0.5,0.42436265438365695,0.9429208472686734,0.5675675675675675
"reported (count proxy, graph, eta = 0.20)",81,0.0,0.0,1.9574347140932389,1.0,1.0
"reported (count proxy, graph, eta = 0.20)",81,0.0,0.1,1.9574347140932389,0.9818060200668897,1.0
"reported (count proxy, graph, eta = 0.20)",81,0.0,0.25,2.001799730774138,0.9612931995540691,0.9333333333333333
"reported (count proxy, graph, eta = 0.20)",81,0.0,0.5,1.8740771830647134,0.937257525083612,0.9333333333333333
"reported (count proxy, graph, eta = 0.20)",81,0.1,0.0,1.950537596743203,0.9764994425863991,0.9333333333333333
"reported (count proxy, graph, eta = 0.20)",81,0.1,0.1,1.9574347140932389,0.9945596432552954,1.0
"reported (count proxy, graph, eta = 0.20)",81,0.1,0.25,1.9574347140932389,0.9810479375696767,1.0
"reported (count proxy, graph, eta = 0.20)",81,0.1,0.5,1.8740771830647134,0.955139353400223,0.9333333333333333
"reported (count proxy, graph, eta = 0.20)",81,0.25,0.0,2.520648290237574,0.9467558528428095,0.8709677419354839
"reported (count proxy, graph, eta = 0.20)",81,0.25,0.1,1.950537596743203,0.9674916387959867,0.9333333333333333
"reported (count proxy, graph, eta = 0.20)",81,0.25,0.25,1.950537596743203,0.9900111482720179,0.9333333333333333
"reported (count proxy, graph, eta = 0.20)",81,0.25,0.5,1.9574347140932389,0.9783723522853958,1.0
"reported (count proxy, graph, eta = 0.20)",81,0.5,0.0,2.64105879633766,0.9105016722408027,0.8125
"reported (count proxy, graph, eta = 0.20)",81,0.5,0.1,2.520648290237574,0.9306131549609811,0.8709677419354839
"reported (count proxy, graph, eta = 0.20)",81,0.5,0.25,2.4848760335294457,0.9546934225195095,0.9333333333333333
"reported (count proxy, graph, eta = 0.20)",81,0.5,0.5,1.950537596743203,0.9851059085841695,0.9333333333333333
"reduced (condition-informed P, eta = 0, no graph)",81,0.0,0.0,0.23764167024276617,1.0,1.0
"reduced (condition-informed P, eta = 0, no graph)",81,0.0,0.1,0.23764167024276617,0.9954960981047939,1.0
"reduced (condition-informed P, eta = 0, no graph)",81,0.0,0.25,0.23764167024276617,0.9902341137123746,1.0
"reduced (condition-informed P, eta = 0, no graph)",81,0.0,0.5,0.23764167024276617,0.9843032329988852,1.0
"reduced (condition-informed P, eta = 0, no graph)",81,0.1,0.0,0.2937223735005716,0.977881828316611,0.8709677419354839
"reduced (condition-informed P, eta = 0, no graph)",81,0.1,0.1,0.24918986979804458,0.9804236343366779,0.8709677419354839
"reduced (condition-informed P, eta = 0, no graph)",81,0.1,0.25,0.24918986979804458,0.9821627647714606,0.8709677419354839
"reduced (condition-informed P, eta = 0, no graph)",81,0.1,0.5,0.24918986979804458,0.98082497212932,0.8709677419354839
"reduced (condition-informed P, eta = 0, no graph)",81,0.25,0.0,0.4163722923595685,0.9469342251950948,0.6571428571428571
"reduced (condition-informed P, eta = 0, no graph)",81,0.25,0.1,0.32674519602952046,0.9528651059085843,0.7575757575757576
"reduced (condition-informed P, eta = 0, no graph)",81,0.25,0.25,0.2918710054000542,0.9591527313266444,0.8125
"reduced (condition-informed P, eta = 0, no graph)",81,0.25,0.5,0.2937223735005716,0.9648606465997771,0.8709677419354839
"reduced (condition-informed P, eta = 0, no graph)",81,0.5,0.0,1.277794276349141,0.9039464882943145,0.4146341463414634
"reduced (condition-informed P, eta = 0, no graph)",81,0.5,0.1,1.2087178572477342,0.9138907469342253,0.45
"reduced (condition-informed P, eta = 0, no graph)",81,0.5,0.25,1.1498602535450004,0.9243701226309923,0.48717948717948717
"reduced (condition-informed P, eta = 0, no graph)",81,0.5,0.5,0.4163722923595685,0.9383723522853958,0.6571428571428571
"reported (count proxy, graph, eta = 0.20)",82,0.0,0.0,2.4045740049296,1.0,1.0
"reported (count proxy, graph, eta = 0.20)",82,0.0,0.1,2.4045740049296,0.9859085841694538,1.0
"reported (count proxy, graph, eta = 0.20)",82,0.0,0.25,2.4385119691746695,0.9688740245261985,0.9333333333333333
"reported (count proxy, graph, eta = 0.20)",82,0.0,0.5,2.338688022998184,0.9484057971014492,0.8125
"reported (count proxy, graph, eta = 0.20)",82,0.1,0.0,2.365355248445553,0.9813154960981049,0.8709677419354839
"reported (count proxy, graph, eta = 0.20)",82,0.1,0.1,2.446815341984802,0.9962987736900781,0.9333333333333333
"reported (count proxy, graph, eta = 0.20)",82,0.1,0.25,2.4045740049296,0.9852842809364549,1.0
"reported (count proxy, graph, eta = 0.20)",82,0.1,0.5,2.369582028217792,0.9630323299888518,0.8709677419354839
"reported (count proxy, graph, eta = 0.20)",82,0.25,0.0,2.365355248445553,0.9553623188405798,0.8709677419354839
"reported (count proxy, graph, eta = 0.20)",82,0.25,0.1,2.365355248445553,0.9722185061315497,0.8709677419354839
"reported (count proxy, graph, eta = 0.20)",82,0.25,0.25,2.446815341984802,0.9920178372352286,0.9333333333333333
"reported (count proxy, graph, eta = 0.20)",82,0.25,0.5,2.4045740049296,0.9825641025641026,1.0
"reported (count proxy, graph, eta = 0.20)",82,0.5,0.0,2.9399497940031836,0.9196878483835006,0.8125
"reported (count proxy, graph, eta = 0.20)",82,0.5,0.1,2.365355248445553,0.9382831661092531,0.8709677419354839
"reported (count proxy, graph, eta = 0.20)",82,0.5,0.25,2.365355248445553,0.9615607580824973,0.8709677419354839
"reported (count proxy, graph, eta = 0.20)",82,0.5,0.5,2.446815341984802,0.9871571906354515,0.9333333333333333
"reduced (condition-informed P, eta = 0, no graph)",82,0.0,0.0,0.1410291806186592,1.0,1.0
"reduced (condition-informed P, eta = 0, no graph)",82,0.0,0.1,0.1410291806186592,0.9960758082497214,1.0
"reduced (condition-informed P, eta = 0, no graph)",82,0.0,0.25,0.1410291806186592,0.9913935340022297,1.0
"reduced (condition-informed P, eta = 0, no graph)",82,0.0,0.5,0.1410291806186592,0.9862207357859533,1.0
"reduced (condition-informed P, eta = 0, no graph)",82,0.1,0.0,0.1870675987886159,0.9801114827201785,0.8709677419354839
"reduced (condition-informed P, eta = 0, no graph)",82,0.1,0.1,0.1543699643866887,0.9818060200668897,0.9333333333333333
"reduced (condition-informed P, eta = 0, no graph)",82,0.1,0.25,0.1543699643866887,0.9826532887402454,0.9333333333333333
"reduced (condition-informed P, eta = 0, no graph)",82,0.1,0.5,0.14355119460603305,0.9823411371237458,0.9333333333333333
"reduced (condition-informed P, eta = 0, no graph)",82,0.25,0.0,0.28741027484130655,0.9517948717948719,0.7058823529411765
"reduced (condition-informed P, eta = 0, no graph)",82,0.25,0.1,0.28741027484130655,0.9573690078037904,0.7058823529411765
"reduced (condition-informed P, eta = 0, no graph)",82,0.25,0.25,0.2249295402650091,0.9623634336677815,0.7575757575757576
"reduced (condition-informed P, eta = 0, no graph)",82,0.25,0.5,0.19822528897594793,0.9676700111482721,0.8125
"reduced (condition-informed P, eta = 0, no graph)",82,0.5,0.0,0.5790535524315032,0.9095652173913045,0.5263157894736842
"reduced (condition-informed P, eta = 0, no graph)",82,0.5,0.1,0.5790535524315032,0.9200000000000002,0.5263157894736842
"reduced (condition-informed P, eta = 0, no graph)",82,0.5,0.25,0.5426804686669584,0.9304793756967671,0.5675675675675675
"reduced (condition-informed P, eta = 0, no graph)",82,0.5,0.5,0.28741027484130655,0.9430100334448162,0.7058823529411765
"reported (count proxy, graph, eta = 0.20)",83,0.0,0.0,2.4226540373261685,1.0,1.0
"reported (count proxy, graph, eta = 0.20)",83,0.0,0.1,2.9428845655738485,0.9828762541806021,0.9333333333333333
"reported (count proxy, graph, eta = 0.20)",83,0.0,0.25,2.3606494384902987,0.9621404682274248,0.8709677419354839
"reported (count proxy, graph, eta = 0.20)",83,0.0,0.5,2.2878549894903415,0.9389966555183947,0.7575757575757576
"reported (count proxy, graph, eta = 0.20)",83,0.1,0.0,2.4610963528029117,0.9762764771460424,0.9333333333333333
"reported (count proxy, graph, eta = 0.20)",83,0.1,0.1,2.4610963528029117,0.9954515050167224,0.9333333333333333
"reported (count proxy, graph, eta = 0.20)",83,0.1,0.25,2.9428845655738485,0.981583054626533,0.9333333333333333
"reported (count proxy, graph, eta = 0.20)",83,0.1,0.5,2.3606494384902987,0.9555406911928652,0.8709677419354839
"reported (count proxy, graph, eta = 0.20)",83,0.25,0.0,2.592097970162513,0.946711259754738,0.8709677419354839
"reported (count proxy, graph, eta = 0.20)",83,0.25,0.1,2.592097970162513,0.9673578595317727,0.8709677419354839
"reported (count proxy, graph, eta = 0.20)",83,0.25,0.25,2.4610963528029117,0.991304347826087,0.9333333333333333
"reported (count proxy, graph, eta = 0.20)",83,0.25,0.5,2.9428845655738485,0.9779710144927537,0.9333333333333333
"reported (count proxy, graph, eta = 0.20)",83,0.5,0.0,2.51478239379,0.9045707915273133,0.7575757575757576
"reported (count proxy, graph, eta = 0.20)",83,0.5,0.1,2.7290280314489905,0.927536231884058,0.8125
"reported (count proxy, graph, eta = 0.20)",83,0.5,0.25,2.592097970162513,0.9554960981047937,0.8709677419354839
"reported (count proxy, graph, eta = 0.20)",83,0.5,0.5,2.4610963528029117,0.9874247491638797,0.9333333333333333
"reduced (condition-informed P, eta = 0, no graph)",83,0.0,0.0,0.21074308520181262,1.0,1.0
"reduced (condition-informed P, eta = 0, no graph)",83,0.0,0.1,0.21074308520181262,0.9959866220735787,1.0
"reduced (condition-informed P, eta = 0, no graph)",83,0.0,0.25,0.21074308520181262,0.9912597547380156,1.0
"reduced (condition-informed P, eta = 0, no graph)",83,0.0,0.5,0.2013096997164041,0.9858639910813825,0.9333333333333333
"reduced (condition-informed P, eta = 0, no graph)",83,0.1,0.0,0.24456900739710363,0.9772575250836121,0.8709677419354839
"reduced (condition-informed P, eta = 0, no graph)",83,0.1,0.1,0.24456900739710363,0.9801560758082497,0.8709677419354839
"reduced (condition-informed P, eta = 0, no graph)",83,0.1,0.25,0.2229266322153478,0.9820735785953179,0.9333333333333333
"reduced (condition-informed P, eta = 0, no graph)",83,0.1,0.5,0.2229266322153478,0.9807803790412487,0.9333333333333333
"reduced (condition-informed P, eta = 0, no graph)",83,0.25,0.0,0.479453012750497,0.9467558528428095,0.6571428571428571
"reduced (condition-informed P, eta = 0, no graph)",83,0.25,0.1,0.44510486384001524,0.9535785953177258,0.7058823529411765
"reduced (condition-informed P, eta = 0, no graph)",83,0.25,0.25,0.3126882760719525,0.9595540691192865,0.8125
"reduced (condition-informed P, eta = 0, no graph)",83,0.25,0.5,0.3126882760719525,0.9661538461538461,0.8125
"reduced (condition-informed P, eta = 0, no graph)",83,0.5,0.0,0.7333552644152235,0.900066889632107,0.45
"reduced (condition-informed P, eta = 0, no graph)",83,0.5,0.1,0.6781109526959028,0.9106800445930882,0.48717948717948717
"reduced (condition-informed P, eta = 0, no graph)",83,0.5,0.25,0.5797367182769904,0.9223188405797101,0.5675675675675675
"reduced (condition-informed P, eta = 0, no graph)",83,0.5,0.5,0.48265712707669195,0.937257525083612,0.6111111111111112
"reported (count proxy, graph, eta = 0.20)",84,0.0,0.0,2.1674998120093107,1.0,1.0
"reported (count proxy, graph, eta = 0.20)",84,0.0,0.1,2.0263663426287906,0.9839910813823858,0.8709677419354839
"reported (count proxy, graph, eta = 0.20)",84,0.0,0.25,1.8677630029911256,0.9660646599777034,0.8125
"reported (count proxy, graph, eta = 0.20)",84,0.0,0.5,1.6949715523055033,0.9436343366778149,0.7058823529411765
"reported (count proxy, graph, eta = 0.20)",84,0.1,0.0,2.716815063843086,0.9760089186176143,0.9333333333333333
"reported (count proxy, graph, eta = 0.20)",84,0.1,0.1,2.716815063843086,0.9950947603121517,0.9333333333333333
"reported (count proxy, graph, eta = 0.20)",84,0.1,0.25,2.0263663426287906,0.9826978818283166,0.8709677419354839
"reported (count proxy, graph, eta = 0.20)",84,0.1,0.5,1.7546720628446337,0.9595540691192865,0.7575757575757576
"reported (count proxy, graph, eta = 0.20)",84,0.25,0.0,2.2565857867731722,0.9446153846153846,0.8709677419354839
"reported (count proxy, graph, eta = 0.20)",84,0.25,0.1,2.169901146538365,0.9661984392419176,0.9333333333333333
"reported (count proxy, graph, eta = 0.20)",84,0.25,0.25,2.716815063843086,0.9909921962095876,0.9333333333333333
"reported (count proxy, graph, eta = 0.20)",84,0.25,0.5,2.0263663426287906,0.9797101449275363,0.8709677419354839
"reported (count proxy, graph, eta = 0.20)",84,0.5,0.0,2.6088000071994486,0.9035451505016723,0.8709677419354839
"reported (count proxy, graph, eta = 0.20)",84,0.5,0.1,2.2565857867731722,0.9250836120401338,0.8709677419354839
"reported (count proxy, graph, eta = 0.20)",84,0.5,0.25,2.169901146538365,0.953088071348941,0.9333333333333333
"reported (count proxy, graph, eta = 0.20)",84,0.5,0.5,2.716815063843086,0.9863991081382387,0.9333333333333333
"reduced (condition-informed P, eta = 0, no graph)",84,0.0,0.0,0.14145937430004096,1.0,1.0
"reduced (condition-informed P, eta = 0, no graph)",84,0.0,0.1,0.14145937430004096,0.9965663322185062,1.0
"reduced (condition-informed P, eta = 0, no graph)",84,0.0,0.25,0.14145937430004096,0.992196209587514,1.0
"reduced (condition-informed P, eta = 0, no graph)",84,0.0,0.5,0.17158950344531831,0.9874693422519509,0.9333333333333333
"reduced (condition-informed P, eta = 0, no graph)",84,0.1,0.0,0.18074606846084862,0.9780156075808251,0.7575757575757576
"reduced (condition-informed P, eta = 0, no graph)",84,0.1,0.1,0.15944292045230668,0.9810479375696767,0.8125
"reduced (condition-informed P, eta = 0, no graph)",84,0.1,0.25,0.1700087410274591,0.9827424749163881,0.8709677419354839
"reduced (condition-informed P, eta = 0, no graph)",84,0.1,0.5,0.1700087410274591,0.9823857302118172,0.8709677419354839
"reduced (condition-informed P, eta = 0, no graph)",84,0.25,0.0,0.24733322887615827,0.9458639910813825,0.6111111111111112
"reduced (condition-informed P, eta = 0, no graph)",84,0.25,0.1,0.21823994056751417,0.9519286510590859,0.6571428571428571
"reduced (condition-informed P, eta = 0, no graph)",84,0.25,0.25,0.21474769443082664,0.9590189520624304,0.7058823529411765
"reduced (condition-informed P, eta = 0, no graph)",84,0.25,0.5,0.21474769443082664,0.9662876254180603,0.7058823529411765
"reduced (condition-informed P, eta = 0, no graph)",84,0.5,0.0,0.631922979607225,0.9017614269788183,0.4146341463414634
"reduced (condition-informed P, eta = 0, no graph)",84,0.5,0.1,0.5322101380278639,0.9125975473801562,0.45
"reduced (condition-informed P, eta = 0, no graph)",84,0.5,0.25,0.44246035408235684,0.9240579710144928,0.48717948717948717
"reduced (condition-informed P, eta = 0, no graph)",84,0.5,0.5,0.3372777407231524,0.9377034559643256,0.5675675675675675
"reported (count proxy, graph, eta = 0.20)",85,0.0,0.0,1.5386214306648753,1.0,1.0
"reported (count proxy, graph, eta = 0.20)",85,0.0,0.1,2.0490134830155284,0.9827870680044594,0.8709677419354839
"reported (count proxy, graph, eta = 0.20)",85,0.0,0.25,1.9774730840615575,0.9638795986622074,0.8125
"reported (count proxy, graph, eta = 0.20)",85,0.0,0.5,1.3851122363691388,0.9404682274247492,0.7575757575757576
"reported (count proxy, graph, eta = 0.20)",85,0.1,0.0,1.6617677080589885,0.9772129319955407,0.9333333333333333
"reported (count proxy, graph, eta = 0.20)",85,0.1,0.1,1.5386214306648753,0.9956298773690079,1.0
"reported (count proxy, graph, eta = 0.20)",85,0.1,0.25,2.0490134830155284,0.9812709030100336,0.8709677419354839
"reported (count proxy, graph, eta = 0.20)",85,0.1,0.5,1.9774730840615575,0.957056856187291,0.8125
"reported (count proxy, graph, eta = 0.20)",85,0.25,0.0,1.6617677080589885,0.9461315496098105,0.9333333333333333
"reported (count proxy, graph, eta = 0.20)",85,0.25,0.1,1.6617677080589885,0.9672240802675586,0.9333333333333333
"reported (count proxy, graph, eta = 0.20)",85,0.25,0.25,1.6617677080589885,0.9910367892976589,0.9333333333333333
"reported (count proxy, graph, eta = 0.20)",85,0.25,0.5,2.0490134830155284,0.9789966555183948,0.8709677419354839
"reported (count proxy, graph, eta = 0.20)",85,0.5,0.0,1.6628116419418575,0.9068896321070236,0.7575757575757576
"reported (count proxy, graph, eta = 0.20)",85,0.5,0.1,1.6540030416191485,0.9283835005574137,0.8709677419354839
"reported (count proxy, graph, eta = 0.20)",85,0.5,0.25,1.6617677080589885,0.9553177257525085,0.9333333333333333
"reported (count proxy, graph, eta = 0.20)",85,0.5,0.5,1.6617677080589885,0.9871571906354515,0.9333333333333333
"reduced (condition-informed P, eta = 0, no graph)",85,0.0,0.0,0.19884387480888677,1.0,1.0
"reduced (condition-informed P, eta = 0, no graph)",85,0.0,0.1,0.19884387480888677,0.9954960981047939,1.0
"reduced (condition-informed P, eta = 0, no graph)",85,0.0,0.25,0.19884387480888677,0.9903678929765887,1.0
"reduced (condition-informed P, eta = 0, no graph)",85,0.0,0.5,0.19884387480888677,0.9843478260869566,1.0
"reduced (condition-informed P, eta = 0, no graph)",85,0.1,0.0,0.23737966815039613,0.977614269788183,0.8709677419354839
"reduced (condition-informed P, eta = 0, no graph)",85,0.1,0.1,0.2439253847467171,0.9809587513935341,0.9333333333333333
"reduced (condition-informed P, eta = 0, no graph)",85,0.1,0.25,0.2439253847467171,0.9820735785953179,0.9333333333333333
"reduced (condition-informed P, eta = 0, no graph)",85,0.1,0.5,0.2439253847467171,0.9824749163879599,0.9333333333333333
"reduced (condition-informed P, eta = 0, no graph)",85,0.25,0.0,0.31323270501877687,0.9472909698996655,0.7575757575757576
"reduced (condition-informed P, eta = 0, no graph)",85,0.25,0.1,0.30314494026205807,0.9534448160535118,0.8125
"reduced (condition-informed P, eta = 0, no graph)",85,0.25,0.25,0.266911790922137,0.9603121516164995,0.8125
"reduced (condition-informed P, eta = 0, no graph)",85,0.25,0.5,0.2398439809795434,0.9669119286510591,0.8709677419354839
"reduced (condition-informed P, eta = 0, no graph)",85,0.5,0.0,0.5216946057279017,0.9025195094760312,0.6111111111111112
"reduced (condition-informed P, eta = 0, no graph)",85,0.5,0.1,0.4849260527674346,0.9139353400222966,0.6571428571428571
"reduced (condition-informed P, eta = 0, no graph)",85,0.5,0.25,0.45040367031435835,0.9277146042363434,0.7058823529411765
"reduced (condition-informed P, eta = 0, no graph)",85,0.5,0.5,0.30314494026205807,0.9402898550724638,0.8125
"reported (count proxy, graph, eta = 0.20)",86,0.0,0.0,1.4963603332874982,1.0,1.0
"reported (count proxy, graph, eta = 0.20)",86,0.0,0.1,1.4979440334507217,0.9858193979933111,0.9333333333333333
"reported (count proxy, graph, eta = 0.20)",86,0.0,0.25,1.4979440334507217,0.971103678929766,0.9333333333333333
"reported (count proxy, graph, eta = 0.20)",86,0.0,0.5,1.4212562481699536,0.9531772575250836,0.8709677419354839
"reported (count proxy, graph, eta = 0.20)",86,0.1,0.0,1.4963603332874982,0.9843924191750278,1.0
"reported (count proxy, graph, eta = 0.20)",86,0.1,0.1,1.4963603332874982,0.9956298773690079,1.0
"reported (count proxy, graph, eta = 0.20)",86,0.1,0.25,1.4979440334507217,0.9839910813823858,0.9333333333333333
"reported (count proxy, graph, eta = 0.20)",86,0.1,0.5,1.4212562481699536,0.9648606465997771,0.8709677419354839
"reported (count proxy, graph, eta = 0.20)",86,0.25,0.0,1.5835098037771331,0.9628985507246377,0.9333333333333333
"reported (count proxy, graph, eta = 0.20)",86,0.25,0.1,1.4963603332874982,0.9767670011148273,1.0
"reported (count proxy, graph, eta = 0.20)",86,0.25,0.25,1.4963603332874982,0.9918840579710145,1.0
"reported (count proxy, graph, eta = 0.20)",86,0.25,0.5,1.4979440334507217,0.9805128205128206,0.9333333333333333
"reported (count proxy, graph, eta = 0.20)",86,0.5,0.0,1.5835098037771331,0.9298550724637681,0.9333333333333333
"reported (count proxy, graph, eta = 0.20)",86,0.5,0.1,1.5835098037771331,0.9475139353400223,0.9333333333333333
"reported (count proxy, graph, eta = 0.20)",86,0.5,0.25,1.5835098037771331,0.9674470457079153,0.9333333333333333
"reported (count proxy, graph, eta = 0.20)",86,0.5,0.5,1.4963603332874982,0.9874247491638797,1.0
"reduced (condition-informed P, eta = 0, no graph)",86,0.0,0.0,0.19502992970757305,1.0,1.0
"reduced (condition-informed P, eta = 0, no graph)",86,0.0,0.1,0.19502992970757305,0.9953177257525084,1.0
"reduced (condition-informed P, eta = 0, no graph)",86,0.0,0.25,0.19502992970757305,0.9902341137123746,1.0
"reduced (condition-informed P, eta = 0, no graph)",86,0.0,0.5,0.19502992970757305,0.9853734671125975,1.0
"reduced (condition-informed P, eta = 0, no graph)",86,0.1,0.0,0.21593277699193436,0.9800222965440357,0.8709677419354839
"reduced (condition-informed P, eta = 0, no graph)",86,0.1,0.1,0.21593277699193436,0.9819397993311036,0.8709677419354839
"reduced (condition-informed P, eta = 0, no graph)",86,0.1,0.25,0.20843807590290453,0.9815384615384616,0.9333333333333333
"reduced (condition-informed P, eta = 0, no graph)",86,0.1,0.5,0.20843807590290453,0.979799331103679,0.9333333333333333
"reduced (condition-informed P, eta = 0, no graph)",86,0.25,0.0,0.23475015229556107,0.9534002229654404,0.8125
"reduced (condition-informed P, eta = 0, no graph)",86,0.25,0.1,0.23475015229556107,0.9582162764771461,0.8125
"reduced (condition-informed P, eta = 0, no graph)",86,0.25,0.25,0.23475015229556107,0.9618283166109254,0.8125
"reduced (condition-informed P, eta = 0, no graph)",86,0.25,0.5,0.24011053804440508,0.9664659977703457,0.8125
"reduced (condition-informed P, eta = 0, no graph)",86,0.5,0.0,0.6716226519543227,0.9143812709030101,0.5675675675675675
"reduced (condition-informed P, eta = 0, no graph)",86,0.5,0.1,0.5082562364160879,0.9228985507246378,0.6571428571428571
"reduced (condition-informed P, eta = 0, no graph)",86,0.5,0.25,0.3505171486298764,0.932396878483835,0.7575757575757576
"reduced (condition-informed P, eta = 0, no graph)",86,0.5,0.5,0.23475015229556107,0.9419843924191751,0.8125
"reported (count proxy, graph, eta = 0.20)",87,0.0,0.0,1.9958820007405507,1.0,1.0
"reported (count proxy, graph, eta = 0.20)",87,0.0,0.1,2.092332770557391,0.9782385730211818,0.9333333333333333
"reported (count proxy, graph, eta = 0.20)",87,0.0,0.25,1.9876373246690093,0.9570122630992197,0.8709677419354839
"reported (count proxy, graph, eta = 0.20)",87,0.0,0.5,1.8641229644817372,0.93123745819398,0.7575757575757576
"reported (count proxy, graph, eta = 0.20)",87,0.1,0.0,1.9958820007405507,0.9725306577480491,1.0
"reported (count proxy, graph, eta = 0.20)",87,0.1,0.1,1.9958820007405507,0.9951839464882944,1.0
"reported (count proxy, graph, eta = 0.20)",87,0.1,0.25,2.092332770557391,0.97685618729097,0.9333333333333333
"reported (count proxy, graph, eta = 0.20)",87,0.1,0.5,1.9626499041326326,0.9503232998885174,0.8125
"reported (count proxy, graph, eta = 0.20)",87,0.25,0.0,1.9958820007405507,0.9399777034559644,1.0
"reported (count proxy, graph, eta = 0.20)",87,0.25,0.1,1.9958820007405507,0.962541806020067,1.0
"reported (count proxy, graph, eta = 0.20)",87,0.25,0.25,1.9958820007405507,0.9899665551839466,1.0
"reported (count proxy, graph, eta = 0.20)",87,0.25,0.5,2.092332770557391,0.9734225195094761,0.9333333333333333
"reported (count proxy, graph, eta = 0.20)",87,0.5,0.0,1.8551609006986496,0.8947603121516166,0.8709677419354839
"reported (count proxy, graph, eta = 0.20)",87,0.5,0.1,2.0538134870011504,0.9220066889632108,0.9333333333333333
"reported (count proxy, graph, eta = 0.20)",87,0.5,0.25,1.9958820007405507,0.9498327759197325,1.0
"reported (count proxy, graph, eta = 0.20)",87,0.5,0.5,1.9958820007405507,0.9860423634336678,1.0
"reduced (condition-informed P, eta = 0, no graph)",87,0.0,0.0,0.2884083916347038,1.0,1.0
"reduced (condition-informed P, eta = 0, no graph)",87,0.0,0.1,0.2884083916347038,0.9949609810479376,1.0
"reduced (condition-informed P, eta = 0, no graph)",87,0.0,0.25,0.2960596046991384,0.9888963210702342,0.9333333333333333
"reduced (condition-informed P, eta = 0, no graph)",87,0.0,0.5,0.2960596046991384,0.9821181716833891,0.9333333333333333
"reduced (condition-informed P, eta = 0, no graph)",87,0.1,0.0,0.3018999328325549,0.9743143812709031,0.9333333333333333
"reduced (condition-informed P, eta = 0, no graph)",87,0.1,0.1,0.3018999328325549,0.977748049052397,0.9333333333333333
"reduced (condition-informed P, eta = 0, no graph)",87,0.1,0.25,0.3018999328325549,0.9797101449275363,0.9333333333333333
"reduced (condition-informed P, eta = 0, no graph)",87,0.1,0.5,0.2854309678091056,0.9789520624303234,0.9333333333333333
"reduced (condition-informed P, eta = 0, no graph)",87,0.25,0.0,0.30101667846454916,0.9401114827201784,0.8125
"reduced (condition-informed P, eta = 0, no graph)",87,0.25,0.1,0.34347168745483714,0.9468450390189521,0.8125
"reduced (condition-informed P, eta = 0, no graph)",87,0.25,0.25,0.32060413247069164,0.9553177257525085,0.8709677419354839
"reduced (condition-informed P, eta = 0, no graph)",87,0.25,0.5,0.29942600241281525,0.9635228539576367,0.9333333333333333
"reduced (condition-informed P, eta = 0, no graph)",87,0.5,0.0,0.3395025074725879,0.8879821627647715,0.7575757575757576
"reduced (condition-informed P, eta = 0, no graph)",87,0.5,0.1,0.3395025074725879,0.9022965440356745,0.7575757575757576
"reduced (condition-informed P, eta = 0, no graph)",87,0.5,0.25,0.35118636680900295,0.915763656633222,0.8125
"reduced (condition-informed P, eta = 0, no graph)",87,0.5,0.5,0.30101667846454916,0.9300780379041249,0.8125
"reported (count proxy, graph, eta = 0.20)",88,0.0,0.0,1.4373746318502185,1.0,1.0
"reported (count proxy, graph, eta = 0.20)",88,0.0,0.1,1.4373746318502185,0.9835005574136009,1.0
"reported (count proxy, graph, eta = 0.20)",88,0.0,0.25,1.4373746318502185,0.9666889632107024,1.0
"reported (count proxy, graph, eta = 0.20)",88,0.0,0.5,1.357309388775576,0.9459977703455965,0.9333333333333333
"reported (count proxy, graph, eta = 0.20)",88,0.1,0.0,2.579225847599105,0.97850613154961,0.8125
"reported (count proxy, graph, eta = 0.20)",88,0.1,0.1,1.4373746318502185,0.9951839464882944,1.0
"reported (count proxy, graph, eta = 0.20)",88,0.1,0.25,1.4373746318502185,0.9828762541806021,1.0
"reported (count proxy, graph, eta = 0.20)",88,0.1,0.5,1.4373746318502185,0.96164994425864,1.0
"reported (count proxy, graph, eta = 0.20)",88,0.25,0.0,2.579225847599105,0.9497881828316611,0.8125
"reported (count proxy, graph, eta = 0.20)",88,0.25,0.1,2.579225847599105,0.9694091415830547,0.8125
"reported (count proxy, graph, eta = 0.20)",88,0.25,0.25,1.4373746318502185,0.9906354515050169,1.0
"reported (count proxy, graph, eta = 0.20)",88,0.25,0.5,1.4373746318502185,0.9796209587513937,1.0
"reported (count proxy, graph, eta = 0.20)",88,0.5,0.0,2.579225847599105,0.9097435897435898,0.8125
"reported (count proxy, graph, eta = 0.20)",88,0.5,0.1,2.579225847599105,0.9305685618729098,0.8125
"reported (count proxy, graph, eta = 0.20)",88,0.5,0.25,2.579225847599105,0.9568784838350056,0.8125
"reported (count proxy, graph, eta = 0.20)",88,0.5,0.5,1.4373746318502185,0.9852396878483836,1.0
"reduced (condition-informed P, eta = 0, no graph)",88,0.0,0.0,0.1921273177495948,1.0,1.0
"reduced (condition-informed P, eta = 0, no graph)",88,0.0,0.1,0.1921273177495948,0.9939799331103679,1.0
"reduced (condition-informed P, eta = 0, no graph)",88,0.0,0.25,0.1921273177495948,0.9883166109253066,1.0
"reduced (condition-informed P, eta = 0, no graph)",88,0.0,0.5,0.22068214165508948,0.9821181716833891,0.9333333333333333
"reduced (condition-informed P, eta = 0, no graph)",88,0.1,0.0,0.22601192856765806,0.9773467112597548,0.9333333333333333
"reduced (condition-informed P, eta = 0, no graph)",88,0.1,0.1,0.22601192856765806,0.9801560758082497,0.9333333333333333
"reduced (condition-informed P, eta = 0, no graph)",88,0.1,0.25,0.22601192856765806,0.9817168338907469,0.9333333333333333
"reduced (condition-informed P, eta = 0, no graph)",88,0.1,0.5,0.2186943535595276,0.980691192865106,0.9333333333333333
"reduced (condition-informed P, eta = 0, no graph)",88,0.25,0.0,0.25242039336387734,0.9469788182831662,0.8125
"reduced (condition-informed P, eta = 0, no graph)",88,0.25,0.1,0.25242039336387734,0.9528205128205128,0.8125
"reduced (condition-informed P, eta = 0, no graph)",88,0.25,0.25,0.27810466401481904,0.9607134894091416,0.8125
"reduced (condition-informed P, eta = 0, no graph)",88,0.25,0.5,0.27810466401481904,0.966510590858417,0.8125
"reduced (condition-informed P, eta = 0, no graph)",88,0.5,0.0,0.511696918829017,0.9050167224080269,0.6571428571428571
"reduced (condition-informed P, eta = 0, no graph)",88,0.5,0.1,0.3603578993033807,0.915005574136009,0.7058823529411765
"reduced (condition-informed P, eta = 0, no graph)",88,0.5,0.25,0.3603578993033807,0.9258862876254181,0.7058823529411765
"reduced (condition-informed P, eta = 0, no graph)",88,0.5,0.5,0.3145879520564563,0.9400222965440357,0.7575757575757576
"reported (count proxy, graph, eta = 0.20)",89,0.0,0.0,2.603750835227487,1.0,1.0
"reported (count proxy, graph, eta = 0.20)",89,0.0,0.1,2.603750835227487,0.9847491638795988,1.0
"reported (count proxy, graph, eta = 0.20)",89,0.0,0.25,3.153172800261558,0.9671348940914158,0.9333333333333333
"reported (count proxy, graph, eta = 0.20)",89,0.0,0.5,2.1464880495177283,0.9459085841694538,0.8125
"reported (count proxy, graph, eta = 0.20)",89,0.1,0.0,2.668931121893877,0.9773913043478261,0.9333333333333333
"reported (count proxy, graph, eta = 0.20)",89,0.1,0.1,2.603750835227487,0.995005574136009,1.0
"reported (count proxy, graph, eta = 0.20)",89,0.1,0.25,3.153172800261558,0.9826086956521739,0.9333333333333333
"reported (count proxy, graph, eta = 0.20)",89,0.1,0.5,2.7510583770041706,0.9607134894091416,0.8709677419354839
"reported (count proxy, graph, eta = 0.20)",89,0.25,0.0,2.668931121893877,0.9507246376811594,0.9333333333333333
"reported (count proxy, graph, eta = 0.20)",89,0.25,0.1,2.668931121893877,0.9689186176142698,0.9333333333333333
"reported (count proxy, graph, eta = 0.20)",89,0.25,0.25,2.603750835227487,0.990278706800446,1.0
"reported (count proxy, graph, eta = 0.20)",89,0.25,0.5,3.153172800261558,0.97917502787068,0.9333333333333333
"reported (count proxy, graph, eta = 0.20)",89,0.5,0.0,2.211138522181841,0.9112151616499442,0.8709677419354839
"reported (count proxy, graph, eta = 0.20)",89,0.5,0.1,2.211138522181841,0.9324414715719065,0.8709677419354839
"reported (count proxy, graph, eta = 0.20)",89,0.5,0.25,2.668931121893877,0.9574581939799331,0.9333333333333333
"reported (count proxy, graph, eta = 0.20)",89,0.5,0.5,2.603750835227487,0.9857748049052397,1.0
"reduced (condition-informed P, eta = 0, no graph)",89,0.0,0.0,0.15811449594195892,1.0,1.0
"reduced (condition-informed P, eta = 0, no graph)",89,0.0,0.1,0.15811449594195892,0.995897435897436,1.0
"reduced (condition-informed P, eta = 0, no graph)",89,0.0,0.25,0.17357780376696041,0.9912597547380156,0.9333333333333333
"reduced (condition-informed P, eta = 0, no graph)",89,0.0,0.5,0.17357780376696041,0.9853734671125975,0.9333333333333333
"reduced (condition-informed P, eta = 0, no graph)",89,0.1,0.0,0.16737584071495348,0.9793088071348942,0.8709677419354839
"reduced (condition-informed P, eta = 0, no graph)",89,0.1,0.1,0.16737584071495348,0.9810479375696767,0.8709677419354839
"reduced (condition-informed P, eta = 0, no graph)",89,0.1,0.25,0.17357780376696041,0.9820735785953179,0.9333333333333333
"reduced (condition-informed P, eta = 0, no graph)",89,0.1,0.5,0.17357780376696041,0.9798885172798217,0.9333333333333333
"reduced (condition-informed P, eta = 0, no graph)",89,0.25,0.0,0.34037021847700544,0.955005574136009,0.6571428571428571
"reduced (condition-informed P, eta = 0, no graph)",89,0.25,0.1,0.34037021847700544,0.9588405797101449,0.6571428571428571
"reduced (condition-informed P, eta = 0, no graph)",89,0.25,0.25,0.29006821301189234,0.9623188405797103,0.7058823529411765
"reduced (condition-informed P, eta = 0, no graph)",89,0.25,0.5,0.18928332268819759,0.9661538461538461,0.8709677419354839
"reduced (condition-informed P, eta = 0, no graph)",89,0.5,0.0,0.476612483831758,0.914871794871795,0.5263157894736842
"reduced (condition-informed P, eta = 0, no graph)",89,0.5,0.1,0.4368824566111016,0.922943143812709,0.5675675675675675
"reduced (condition-informed P, eta = 0, no graph)",89,0.5,0.25,0.4097025869837978,0.9318617614269789,0.6111111111111112
"reduced (condition-informed P, eta = 0, no graph)",89,0.5,0.5,0.3628933004535497,0.9423411371237459,0.6571428571428571
"reported (count proxy, graph, eta = 0.20)",90,0.0,0.0,1.5327032343784595,1.0,1.0
"reported (count proxy, graph, eta = 0.20)",90,0.0,0.1,1.5327032343784595,0.985685618729097,1.0
"reported (count proxy, graph, eta = 0.20)",90,0.0,0.25,1.5084448896822096,0.9676254180602006,0.9333333333333333
"reported (count proxy, graph, eta = 0.20)",90,0.0,0.5,1.5084448896822096,0.9501003344481607,0.9333333333333333
"reported (count proxy, graph, eta = 0.20)",90,0.1,0.0,1.5327032343784595,0.9816722408026757,1.0
"reported (count proxy, graph, eta = 0.20)",90,0.1,0.1,1.5327032343784595,0.995897435897436,1.0
"reported (count proxy, graph, eta = 0.20)",90,0.1,0.25,1.5327032343784595,0.9843924191750278,1.0
"reported (count proxy, graph, eta = 0.20)",90,0.1,0.5,1.5084448896822096,0.9618729096989967,0.9333333333333333
"reported (count proxy, graph, eta = 0.20)",90,0.25,0.0,1.9281868965707645,0.9588851727982164,0.9333333333333333
"reported (count proxy, graph, eta = 0.20)",90,0.25,0.1,1.5327032343784595,0.9743143812709031,1.0
"reported (count proxy, graph, eta = 0.20)",90,0.25,0.25,1.5327032343784595,0.9915273132664438,1.0
"reported (count proxy, graph, eta = 0.20)",90,0.25,0.5,1.5327032343784595,0.9802006688963212,1.0
"reported (count proxy, graph, eta = 0.20)",90,0.5,0.0,2.08209307509793,0.924726867335563,0.8125
"reported (count proxy, graph, eta = 0.20)",90,0.5,0.1,2.08209307509793,0.9429654403567447,0.8125
"reported (count proxy, graph, eta = 0.20)",90,0.5,0.25,1.9281868965707645,0.9646376811594204,0.9333333333333333
"reported (count proxy, graph, eta = 0.20)",90,0.5,0.5,1.5327032343784595,0.9873801560758084,1.0
"reduced (condition-informed P, eta = 0, no graph)",90,0.0,0.0,0.31780851739779337,1.0,1.0
"reduced (condition-informed P, eta = 0, no graph)",90,0.0,0.1,0.31780851739779337,0.9964325529542921,1.0
"reduced (condition-informed P, eta = 0, no graph)",90,0.0,0.25,0.31780851739779337,0.991304347826087,1.0
"reduced (condition-informed P, eta = 0, no graph)",90,0.0,0.5,0.31780851739779337,0.9858639910813825,1.0
"reduced (condition-informed P, eta = 0, no graph)",90,0.1,0.0,0.38749127413203155,0.9795763656633222,0.8709677419354839
"reduced (condition-informed P, eta = 0, no graph)",90,0.1,0.1,0.38749127413203155,0.9801560758082497,0.8709677419354839
"reduced (condition-informed P, eta = 0, no graph)",90,0.1,0.25,0.3800582112319262,0.9802452619843924,0.8709677419354839
"reduced (condition-informed P, eta = 0, no graph)",90,0.1,0.5,0.3551524266347883,0.979041248606466,0.9333333333333333
"reduced (condition-informed P, eta = 0, no graph)",90,0.25,0.0,0.4752092266460295,0.9517948717948719,0.7058823529411765
"reduced (condition-informed P, eta = 0, no graph)",90,0.25,0.1,0.40548259222671845,0.9562541806020067,0.7575757575757576
"reduced (condition-informed P, eta = 0, no graph)",90,0.25,0.25,0.40548259222671845,0.9603121516164995,0.7575757575757576
"reduced (condition-informed P, eta = 0, no graph)",90,0.25,0.5,0.4049140382252574,0.963835005574136,0.8125
"reduced (condition-informed P, eta = 0, no graph)",90,0.5,0.0,0.5729573942458899,0.9135340022296544,0.6111111111111112
"reduced (condition-informed P, eta = 0, no graph)",90,0.5,0.1,0.5729573942458899,0.9208026755852844,0.6111111111111112
"reduced (condition-informed P, eta = 0, no graph)",90,0.5,0.25,0.5258613898780027,0.9291415830546266,0.6571428571428571
"reduced (condition-informed P, eta = 0, no graph)",90,0.5,0.5,0.4752092266460295,0.9397101449275362,0.7058823529411765
"reported (count proxy, graph, eta = 0.20)",91,0.0,0.0,1.1090319470081056,1.0,1.0
"reported (count proxy, graph, eta = 0.20)",91,0.0,0.1,1.6431261286527672,0.9795317725752509,0.9333333333333333
"reported (count proxy, graph, eta = 0.20)",91,0.0,0.25,1.5597208827924476,0.9583946488294315,0.8709677419354839
"reported (count proxy, graph, eta = 0.20)",91,0.0,0.5,1.5597208827924476,0.9359197324414716,0.8709677419354839
"reported (count proxy, graph, eta = 0.20)",91,0.1,0.0,1.2407318279094,0.9736008918617615,0.9333333333333333
"reported (count proxy, graph, eta = 0.20)",91,0.1,0.1,1.1090319470081056,0.9950501672240802,1.0
"reported (count proxy, graph, eta = 0.20)",91,0.1,0.25,1.6431261286527672,0.9785507246376812,0.9333333333333333
"reported (count proxy, graph, eta = 0.20)",91,0.1,0.5,1.5597208827924476,0.9524637681159421,0.8709677419354839
"reported (count proxy, graph, eta = 0.20)",91,0.25,0.0,1.214755376563886,0.9423857302118172,0.8709677419354839
"reported (count proxy, graph, eta = 0.20)",91,0.25,0.1,1.2407318279094,0.963433667781494,0.9333333333333333
"reported (count proxy, graph, eta = 0.20)",91,0.25,0.25,1.1090319470081056,0.9899219620958751,1.0
"reported (count proxy, graph, eta = 0.20)",91,0.25,0.5,1.6431261286527672,0.9749386845039019,0.9333333333333333
"reported (count proxy, graph, eta = 0.20)",91,0.5,0.0,1.8158031495317744,0.9004682274247493,0.8125
"reported (count proxy, graph, eta = 0.20)",91,0.5,0.1,1.8158031495317744,0.9237458193979934,0.8125
"reported (count proxy, graph, eta = 0.20)",91,0.5,0.25,1.2407318279094,0.9499665551839465,0.9333333333333333
"reported (count proxy, graph, eta = 0.20)",91,0.5,0.5,1.1090319470081056,0.9848829431438128,1.0
"reduced (condition-informed P, eta = 0, no graph)",91,0.0,0.0,0.19594106214694307,1.0,1.0
"reduced (condition-informed P, eta = 0, no graph)",91,0.0,0.1,0.19594106214694307,0.9950501672240802,1.0
"reduced (condition-informed P, eta = 0, no graph)",91,0.0,0.25,0.21159414190177017,0.9887179487179487,0.9333333333333333
"reduced (condition-informed P, eta = 0, no graph)",91,0.0,0.5,0.21159414190177017,0.9828762541806021,0.9333333333333333
"reduced (condition-informed P, eta = 0, no graph)",91,0.1,0.0,0.2530961050137819,0.9787736900780379,0.8709677419354839
"reduced (condition-informed P, eta = 0, no graph)",91,0.1,0.1,0.2530961050137819,0.9804236343366779,0.8709677419354839
"reduced (condition-informed P, eta = 0, no graph)",91,0.1,0.25,0.24191593585689475,0.9820289855072464,0.8709677419354839
"reduced (condition-informed P, eta = 0, no graph)",91,0.1,0.5,0.20314481353349834,0.9803790412486065,0.9333333333333333
"reduced (condition-informed P, eta = 0, no graph)",91,0.25,0.0,0.3681211501206292,0.9466220735785953,0.6571428571428571
"reduced (condition-informed P, eta = 0, no graph)",91,0.25,0.1,0.348653915730182,0.9536231884057971,0.7058823529411765
"reduced (condition-informed P, eta = 0, no graph)",91,0.25,0.25,0.324232198019871,0.9591527313266444,0.7575757575757576
"reduced (condition-informed P, eta = 0, no graph)",91,0.25,0.5,0.28400765776561343,0.96561872909699,0.8125
"reduced (condition-informed P, eta = 0, no graph)",91,0.5,0.0,0.5707179023815172,0.9052396878483836,0.48717948717948717
"reduced (condition-informed P, eta = 0, no graph)",91,0.5,0.1,0.42743180441266304,0.9145596432552955,0.5675675675675675
"reduced (condition-informed P, eta = 0, no graph)",91,0.5,0.25,0.42743180441266304,0.924459308807135,0.5675675675675675
"reduced (condition-informed P, eta = 0, no graph)",91,0.5,0.5,0.3774954375137156,0.9365440356744705,0.6571428571428571
