regime,seed,variant,spearman_rto_used_p_true,spearman_rto_used_x,probability,regret_sys,regret_exp,regret_no_recovery
R76 (reported),42,reported generator,0.5479470912806169,0.48329563064107317,platt,1.5724092716207565,1.877198726942538,2.608064471546072
R76 (reported),42,reported generator,0.5479470912806169,0.48329563064107317,covariate,0.29316165416065587,0.40902520084401317,0.34659046472256705
R76 (reported),42,RTO decoupled from degradation,0.1791773595863328,0.05618933957410981,platt,1.631886501097938,2.6056085229566577,2.681270865479064
R76 (reported),42,RTO decoupled from degradation,0.1791773595863328,0.05618933957410981,covariate,0.38941564992143185,0.4415132822623491,0.47473123180822085
R76 (reported),42,"RTO observed, lognormal error 0.25",0.4350708300710575,0.39094894676600167,platt,2.1956093430644614,2.507047511613621,2.608064471546072
R76 (reported),42,"RTO observed, lognormal error 0.25",0.4350708300710575,0.39094894676600167,covariate,0.5874214860914719,0.6378702254393716,0.34659046472256705
R76 (reported),42,"RTO observed, lognormal error 0.50",0.3237404361611645,0.2829389226992439,platt,1.8243743592310864,2.3963156483489456,2.608064471546072
R76 (reported),42,"RTO observed, lognormal error 0.50",0.3237404361611645,0.2829389226992439,covariate,0.6042840475211051,0.6042840475211051,0.34659046472256705
R76 (reported),43,reported generator,0.46471669413996497,0.45094904578382167,platt,1.0552012588175046,0.8315737828403371,2.324590384505626
R76 (reported),43,reported generator,0.46471669413996497,0.45094904578382167,covariate,0.15445114824933626,0.22600095048682078,0.17960997421968727
R76 (reported),43,RTO decoupled from degradation,0.12366658859902649,0.016393820201783895,platt,2.6260369257112757,2.757878605366841,2.383262080772198
R76 (reported),43,RTO decoupled from degradation,0.12366658859902649,0.016393820201783895,covariate,0.2862860740966653,0.2967180256501365,0.40641817584136675
R76 (reported),43,"RTO observed, lognormal error 0.25",0.48484992862651854,0.43861761993365694,platt,1.1759127838017207,1.3084626579718588,2.324590384505626
R76 (reported),43,"RTO observed, lognormal error 0.25",0.48484992862651854,0.43861761993365694,covariate,0.19971107925567821,0.2448887672516662,0.17960997421968727
R76 (reported),43,"RTO observed, lognormal error 0.50",0.291733220340626,0.2808387090557859,platt,1.7695485161630131,1.2503211908247636,2.324590384505626
R76 (reported),43,"RTO observed, lognormal error 0.50",0.291733220340626,0.2808387090557859,covariate,0.4224910205787751,0.5152354536300265,0.17960997421968727
R76 (reported),44,reported generator,0.48410091637241326,0.46547647504317796,platt,1.1987614923725118,1.55612504904866,1.9209618004780111
R76 (reported),44,reported generator,0.48410091637241326,0.46547647504317796,covariate,0.22097333978905453,0.2935949048130624,0.28765372394707356
R76 (reported),44,RTO decoupled from degradation,0.0913067144286736,-0.0011466098967566822,platt,2.5910635975086507,3.0625901691959427,1.9695718977338288
R76 (reported),44,RTO decoupled from degradation,0.0913067144286736,-0.0011466098967566822,covariate,0.30579169143965146,0.2846254121061804,0.4124348755943288
R76 (reported),44,"RTO observed, lognormal error 0.25",0.4192017051591741,0.4021682397037663,platt,0.9723011224383526,1.246079442135965,1.9209618004780111
R76 (reported),44,"RTO observed, lognormal error 0.25",0.4192017051591741,0.4021682397037663,covariate,0.3411337262964196,0.36391152050182995,0.28765372394707356
R76 (reported),44,"RTO observed, lognormal error 0.50",0.35768116845787645,0.30944822913235764,platt,2.1373406813922884,2.1834161729940433,1.9209618004780111
R76 (reported),44,"RTO observed, lognormal error 0.50",0.35768116845787645,0.30944822913235764,covariate,0.5086091851079289,0.5086091851079289,0.28765372394707356
R76 (reported),45,reported generator,0.5133967288589377,0.4370108682971462,platt,1.7879988089071048,1.9155894406307539,2.8968131921137115
R76 (reported),45,reported generator,0.5133967288589377,0.4370108682971462,covariate,0.2127072796417906,0.32252860806363515,0.31782067811997194
R76 (reported),45,RTO decoupled from degradation,0.08735574216066616,-0.0225235812791028,platt,2.4513341485618128,2.5744847824926467,3.057677890353034
R76 (reported),45,RTO decoupled from degradation,0.08735574216066616,-0.0225235812791028,covariate,0.26725611211224987,0.33822181343785473,0.43113917678351754
R76 (reported),45,"RTO observed, lognormal error 0.25",0.3943105245914873,0.3191700277745925,platt,3.1381034107004098,3.616737683757634,2.8968131921137115
R76 (reported),45,"RTO observed, lognormal error 0.25",0.3943105245914873,0.3191700277745925,covariate,0.45056705815167675,0.4986295318434202,0.31782067811997194
R76 (reported),45,"RTO observed, lognormal error 0.50",0.2257129008712336,0.21129521582735275,platt,2.994614004305106,2.6991049974467956,2.8968131921137115
R76 (reported),45,"RTO observed, lognormal error 0.50",0.2257129008712336,0.21129521582735275,covariate,0.3648680650527467,0.43339720908016943,0.31782067811997194
R76 (reported),46,reported generator,0.5850157491442198,0.5786338356035151,platt,0.36238154234845865,0.4512225339541942,1.5145861855539806
R76 (reported),46,reported generator,0.5850157491442198,0.5786338356035151,covariate,0.1687243287003355,0.18717914813851166,0.18483665107655156
R76 (reported),46,RTO decoupled from degradation,0.25709984679335246,0.2011562568660108,platt,1.9362971520068584,1.4551051920179816,1.4763074551580644
R76 (reported),46,RTO decoupled from degradation,0.25709984679335246,0.2011562568660108,covariate,0.248450096875672,0.248450096875672,0.2792025859342857
R76 (reported),46,"RTO observed, lognormal error 0.25",0.5023882908169635,0.5115302474882953,platt,0.44226350517132573,0.5420161606670888,1.5145861855539806
R76 (reported),46,"RTO observed, lognormal error 0.25",0.5023882908169635,0.5115302474882953,covariate,0.17537296773818412,0.19571348250184428,0.18483665107655156
R76 (reported),46,"RTO observed, lognormal error 0.50",0.35195544249792227,0.35555103991710857,platt,1.66892095303524,1.697532859983255,1.5145861855539806
R76 (reported),46,"RTO observed, lognormal error 0.50",0.35195544249792227,0.35555103991710857,covariate,0.46662848221109243,0.46662848221109243,0.18483665107655156
R76 (reported),47,reported generator,0.477529221951353,0.43652158080902126,platt,0.7322895530630831,1.0399417667989042,2.5855544088190925
R76 (reported),47,reported generator,0.477529221951353,0.43652158080902126,covariate,0.07140977907187107,0.15325849442191952,0.07627210154106479
R76 (reported),47,RTO decoupled from degradation,0.09066767222317842,0.013851584937015868,platt,3.552906301959439,3.1678943847518894,2.607854663282609
R76 (reported),47,RTO decoupled from degradation,0.09066767222317842,0.013851584937015868,covariate,0.1539553020658957,0.1732114099417288,0.21178723733609672
R76 (reported),47,"RTO observed, lognormal error 0.25",0.4118043864693136,0.3844799160547373,platt,1.0213722733698205,1.2061015876572867,2.5855544088190925
R76 (reported),47,"RTO observed, lognormal error 0.25",0.4118043864693136,0.3844799160547373,covariate,0.2384304269693871,0.28918126514145115,0.07627210154106479
R76 (reported),47,"RTO observed, lognormal error 0.50",0.3503390877347666,0.3586347508378015,platt,2.058426874762972,1.7724473022539655,2.5855544088190925
R76 (reported),47,"RTO observed, lognormal error 0.50",0.3503390877347666,0.3586347508378015,covariate,0.21111574756690743,0.25592764713405813,0.07627210154106479
R76 (reported),48,reported generator,0.5783603935355403,0.5279906248674342,platt,0.8720665774669385,0.932347931394446,2.11065508280538
R76 (reported),48,reported generator,0.5783603935355403,0.5279906248674342,covariate,0.148192005150662,0.16664254084713548,0.19516720704149293
R76 (reported),48,RTO decoupled from degradation,0.24586914923122138,0.1426611313623763,platt,1.8213915105361025,3.043855728489234,2.269204984230072
R76 (reported),48,RTO decoupled from degradation,0.24586914923122138,0.1426611313623763,covariate,0.20226995444556906,0.2135873546676521,0.3454925346974278
R76 (reported),48,"RTO observed, lognormal error 0.25",0.46619968888694735,0.4250391464365773,platt,1.489873770517221,1.4813989622522001,2.11065508280538
R76 (reported),48,"RTO observed, lognormal error 0.25",0.46619968888694735,0.4250391464365773,covariate,0.27345889344627494,0.29785762576543107,0.19516720704149293
R76 (reported),48,"RTO observed, lognormal error 0.50",0.35541857743291355,0.2892182807405693,platt,3.1138073766793184,2.823640040188451,2.11065508280538
R76 (reported),48,"RTO observed, lognormal error 0.50",0.35541857743291355,0.2892182807405693,covariate,0.43279779440553057,0.4443256866427703,0.19516720704149293
R76 (reported),49,reported generator,0.5716788570215757,0.492084278404098,platt,1.4220104695599503,2.141211153629456,2.3538698739687334
R76 (reported),49,reported generator,0.5716788570215757,0.492084278404098,covariate,0.14510302299518685,0.14510302299518685,0.14000129908345116
R76 (reported),49,RTO decoupled from degradation,0.26054269207080877,0.129344709896042,platt,1.9569514720652705,2.2877576345033503,2.391223645423281
R76 (reported),49,RTO decoupled from degradation,0.26054269207080877,0.129344709896042,covariate,0.2846639023447324,0.3237326465513206,0.2390842687927659
R76 (reported),49,"RTO observed, lognormal error 0.25",0.49132786711590887,0.41677636047457334,platt,1.6184689130866445,1.9044384057920922,2.3538698739687334
R76 (reported),49,"RTO observed, lognormal error 0.25",0.49132786711590887,0.41677636047457334,covariate,0.25038557499519243,0.29718291717281886,0.14000129908345116
R76 (reported),49,"RTO observed, lognormal error 0.50",0.38986720521529533,0.2796191496161962,platt,1.6375896302881472,2.4344692685466782,2.3538698739687334
R76 (reported),49,"RTO observed, lognormal error 0.50",0.38986720521529533,0.2796191496161962,covariate,0.3659435875436827,0.34385123366487846,0.14000129908345116
R76 (reported),50,reported generator,0.5019815888423173,0.4591117703635647,platt,2.595360034166333,2.812886416229219,3.3908362460860815
R76 (reported),50,reported generator,0.5019815888423173,0.4591117703635647,covariate,0.24585648591568088,0.24585648591568088,0.22368170846672797
R76 (reported),50,RTO decoupled from degradation,0.12072835309706867,0.009077096091139368,platt,3.831022818615736,2.9013963126784006,3.4824815087048364
R76 (reported),50,RTO decoupled from degradation,0.12072835309706867,0.009077096091139368,covariate,0.5458383331580308,0.39878134640534313,0.3968282233980176
R76 (reported),50,"RTO observed, lognormal error 0.25",0.45507112631167335,0.43010517839727275,platt,2.4074400405469873,2.939843985884238,3.3908362460860815
R76 (reported),50,"RTO observed, lognormal error 0.25",0.45507112631167335,0.43010517839727275,covariate,0.29734835769187384,0.29734835769187384,0.22368170846672797
R76 (reported),50,"RTO observed, lognormal error 0.50",0.3655257782933398,0.34215895743499547,platt,3.2881899488348267,3.1678786407154575,3.3908362460860815
R76 (reported),50,"RTO observed, lognormal error 0.50",0.3655257782933398,0.34215895743499547,covariate,0.3069673006066864,0.3069673006066864,0.22368170846672797
R76 (reported),51,reported generator,0.5191428031542676,0.4994147746590155,platt,1.0499121251317547,0.7207026402769827,1.6645426812608548
R76 (reported),51,reported generator,0.5191428031542676,0.4994147746590155,covariate,0.028077174708016628,0.051544632325715156,0.050663164253251125
R76 (reported),51,RTO decoupled from degradation,0.20549307180852464,0.12189191738816021,platt,1.7613475098540619,1.593650577194751,1.7185313404718556
R76 (reported),51,RTO decoupled from degradation,0.20549307180852464,0.12189191738816021,covariate,0.24213302337406617,0.07885200268307813,0.13434422000494806
R76 (reported),51,"RTO observed, lognormal error 0.25",0.4566747650150354,0.41595381047155755,platt,0.7216968837784066,0.7558963326463584,1.6645426812608548
R76 (reported),51,"RTO observed, lognormal error 0.25",0.4566747650150354,0.41595381047155755,covariate,0.08609611576650877,0.11584409273854135,0.050663164253251125
R76 (reported),51,"RTO observed, lognormal error 0.50",0.3088502365187469,0.27773935908786956,platt,2.5739495005323647,2.389341308200244,1.6645426812608548
R76 (reported),51,"RTO observed, lognormal error 0.50",0.3088502365187469,0.27773935908786956,covariate,0.32003396064089884,0.34426019058923885,0.050663164253251125
R76 (reported),52,reported generator,0.45361007554432026,0.408234090034785,platt,1.001378379187429,1.48758775925711,1.4200679894591417
R76 (reported),52,reported generator,0.45361007554432026,0.408234090034785,covariate,0.26961140841478937,0.3316652120930996,0.3691734758108396
R76 (reported),52,RTO decoupled from degradation,0.04390452897786958,-0.06707022996830649,platt,1.5702502330209427,1.9449107759276387,1.580926423023385
R76 (reported),52,RTO decoupled from degradation,0.04390452897786958,-0.06707022996830649,covariate,0.35899677439130073,0.4120382038985895,0.4832428607894883
R76 (reported),52,"RTO observed, lognormal error 0.25",0.4391564971475814,0.38674253729039665,platt,0.8251803370644666,1.629393413599388,1.4200679894591417
R76 (reported),52,"RTO observed, lognormal error 0.25",0.4391564971475814,0.38674253729039665,covariate,0.42583852652580845,0.3801580174996957,0.3691734758108396
R76 (reported),52,"RTO observed, lognormal error 0.50",0.21948108518142564,0.20758132220598124,platt,2.0783788758743356,1.7761775709745393,1.4200679894591417
R76 (reported),52,"RTO observed, lognormal error 0.50",0.21948108518142564,0.20758132220598124,covariate,0.6445916208646452,0.6445916208646452,0.3691734758108396
R76 (reported),53,reported generator,0.45162380428213184,0.40288999047801155,platt,1.2200726693428123,1.2753690033625844,1.8068772630570606
R76 (reported),53,reported generator,0.45162380428213184,0.40288999047801155,covariate,0.27277654567043896,0.27277654567043896,0.3016746099332295
R76 (reported),53,RTO decoupled from degradation,0.0665786552118345,-0.051779684249875155,platt,2.803003652127245,1.9151649615151882,1.8522095246702293
R76 (reported),53,RTO decoupled from degradation,0.0665786552118345,-0.051779684249875155,covariate,0.3352354240579132,0.3422537216799242,0.4552544259888691
R76 (reported),53,"RTO observed, lognormal error 0.25",0.39687488455210446,0.35738172828965425,platt,0.8307888124657268,1.0517254037218038,1.8068772630570606
R76 (reported),53,"RTO observed, lognormal error 0.25",0.39687488455210446,0.35738172828965425,covariate,0.4109409588220103,0.4269279485108939,0.3016746099332295
R76 (reported),53,"RTO observed, lognormal error 0.50",0.24170346151755137,0.23938516545212224,platt,1.7218444517440332,2.0843593772792133,1.8068772630570606
R76 (reported),53,"RTO observed, lognormal error 0.50",0.24170346151755137,0.23938516545212224,covariate,0.40941314783756866,0.40941314783756866,0.3016746099332295
R76 (reported),54,reported generator,0.5339086144422365,0.4838380473067845,platt,1.2237241322889076,0.9616784033129022,1.1224642443465882
R76 (reported),54,reported generator,0.5339086144422365,0.4838380473067845,covariate,0.18843328352829758,0.228106707989582,0.2728652538424683
R76 (reported),54,RTO decoupled from degradation,0.13682103621636285,0.014631269234907799,platt,1.8830934192578468,1.6309376964578348,1.0083374271405035
R76 (reported),54,RTO decoupled from degradation,0.13682103621636285,0.014631269234907799,covariate,0.2304243599396898,0.22297635963991524,0.36467078073030734
R76 (reported),54,"RTO observed, lognormal error 0.25",0.4478736831421152,0.42309527317588425,platt,0.8104422600516727,1.1664020430508515,1.1224642443465882
R76 (reported),54,"RTO observed, lognormal error 0.25",0.4478736831421152,0.42309527317588425,covariate,0.5226872429306013,0.5904539297370093,0.2728652538424683
R76 (reported),54,"RTO observed, lognormal error 0.50",0.4090603672260464,0.3339380372430691,platt,1.2254189546135308,1.2946708502807667,1.1224642443465882
R76 (reported),54,"RTO observed, lognormal error 0.50",0.4090603672260464,0.3339380372430691,covariate,0.5993090338031379,0.6879397620575673,0.2728652538424683
R76 (reported),55,reported generator,0.46606215204467544,0.4565074782359477,platt,1.291814618757428,1.2999179066104034,1.377228782514635
R76 (reported),55,reported generator,0.46606215204467544,0.4565074782359477,covariate,0.12142533494170493,0.14243701164292588,0.15142258360106098
R76 (reported),55,RTO decoupled from degradation,0.029708367032751013,-0.03537877885147411,platt,1.540925060901401,1.3616439991232028,1.3223399961508449
R76 (reported),55,RTO decoupled from degradation,0.029708367032751013,-0.03537877885147411,covariate,0.22422085718903872,0.20133815771038144,0.31855901848058465
R76 (reported),55,"RTO observed, lognormal error 0.25",0.39820074681904843,0.3627385493047526,platt,1.355585196542421,1.552259790898745,1.377228782514635
R76 (reported),55,"RTO observed, lognormal error 0.25",0.39820074681904843,0.3627385493047526,covariate,0.26010838104235745,0.2998160656613891,0.15142258360106098
R76 (reported),55,"RTO observed, lognormal error 0.50",0.3313076522337514,0.3180082771413001,platt,1.5162832325527233,1.522780186486159,1.377228782514635
R76 (reported),55,"RTO observed, lognormal error 0.50",0.3313076522337514,0.3180082771413001,covariate,0.3342901907073781,0.3637331921297857,0.15142258360106098
R76 (reported),56,reported generator,0.552885529808465,0.5198902944061483,platt,1.0425007842637797,0.6274253993853165,1.1968251538738173
R76 (reported),56,reported generator,0.552885529808465,0.5198902944061483,covariate,0.22499784084297403,0.2656873691032047,0.22325234864916865
R76 (reported),56,RTO decoupled from degradation,0.20507866176543424,0.10642144705460045,platt,3.4707858822409037,1.2315032978419822,1.3207304757794986
R76 (reported),56,RTO decoupled from degradation,0.20507866176543424,0.10642144705460045,covariate,0.32973486804232266,0.35971909374501365,0.44099769471799277
R76 (reported),56,"RTO observed, lognormal error 0.25",0.412903427009894,0.3584234736707584,platt,2.3347341052383968,1.0042132586425794,1.1968251538738173
R76 (reported),56,"RTO observed, lognormal error 0.25",0.412903427009894,0.3584234736707584,covariate,0.32699642930785444,0.31693052686890155,0.22325234864916865
R76 (reported),56,"RTO observed, lognormal error 0.50",0.3487634809761975,0.3116707129761668,platt,1.8674318617364918,1.5527374047364333,1.1968251538738173
R76 (reported),56,"RTO observed, lognormal error 0.50",0.3487634809761975,0.3116707129761668,covariate,0.435750226596042,0.4333859245986105,0.22325234864916865
R76 (reported),57,reported generator,0.5880745241328994,0.5466483328580101,platt,1.755680169873699,1.7202062627442558,2.0248722044859733
R76 (reported),57,reported generator,0.5880745241328994,0.5466483328580101,covariate,0.21746418736893247,0.24002345833088157,0.24493075636394224
R76 (reported),57,RTO decoupled from degradation,0.1626211206234541,0.07346384323248509,platt,3.2779392726234278,2.520639929294447,1.9964220080165092
R76 (reported),57,RTO decoupled from degradation,0.1626211206234541,0.07346384323248509,covariate,0.6300483306118849,0.2957010134058464,0.41221615307222237
R76 (reported),57,"RTO observed, lognormal error 0.25",0.5085579395941967,0.48447005373623053,platt,1.611776327295388,1.934508628063213,2.0248722044859733
R76 (reported),57,"RTO observed, lognormal error 0.25",0.5085579395941967,0.48447005373623053,covariate,0.332802406458768,0.33898744394778646,0.24493075636394224
R76 (reported),57,"RTO observed, lognormal error 0.50",0.38782052510966747,0.3629119813525811,platt,1.7481309174164892,1.8445020845246631,2.0248722044859733
R76 (reported),57,"RTO observed, lognormal error 0.50",0.38782052510966747,0.3629119813525811,covariate,0.5572627111505426,0.47627702015873297,0.24493075636394224
R76 (reported),58,reported generator,0.4720628499543241,0.42653377090019834,platt,1.8914026060754452,1.6346833481091778,2.075155314466656
R76 (reported),58,reported generator,0.4720628499543241,0.42653377090019834,covariate,0.33875855565298707,0.33875855565298707,0.28583921383363986
R76 (reported),58,RTO decoupled from degradation,0.109746335488779,0.00574179761503166,platt,2.863269079393973,2.5466013142637394,2.059233794419299
R76 (reported),58,RTO decoupled from degradation,0.109746335488779,0.00574179761503166,covariate,0.3324765817351647,0.3516885016672404,0.44613550793440027
R76 (reported),58,"RTO observed, lognormal error 0.25",0.38752543245198273,0.3300248067752077,platt,1.405447535728996,1.6830849313094802,2.075155314466656
R76 (reported),58,"RTO observed, lognormal error 0.25",0.38752543245198273,0.3300248067752077,covariate,0.379624452231468,0.4027462313810304,0.28583921383363986
R76 (reported),58,"RTO observed, lognormal error 0.50",0.34702243100789254,0.33706301556894835,platt,3.208297789333983,3.0063590159246587,2.075155314466656
R76 (reported),58,"RTO observed, lognormal error 0.50",0.34702243100789254,0.33706301556894835,covariate,0.6820447070140858,0.7645225078443332,0.28583921383363986
R76 (reported),59,reported generator,0.5270255647164966,0.49939369228609354,platt,1.2359589906718895,1.4254948677693164,3.632303154995924
R76 (reported),59,reported generator,0.5270255647164966,0.49939369228609354,covariate,0.1184761555238083,0.21843268435233654,0.11918706770816812
R76 (reported),59,RTO decoupled from degradation,0.12061581478097165,0.04269436577824928,platt,3.7966708607254986,3.733173587339138,3.6547929053804182
R76 (reported),59,RTO decoupled from degradation,0.12061581478097165,0.04269436577824928,covariate,0.16042239505324574,0.2838802764220816,0.31939538901954734
R76 (reported),59,"RTO observed, lognormal error 0.25",0.4660526039984897,0.4254725559305746,platt,2.1797415569648138,2.442933818899121,3.632303154995924
R76 (reported),59,"RTO observed, lognormal error 0.25",0.4660526039984897,0.4254725559305746,covariate,0.1310683884114212,0.25391917817376,0.11918706770816812
R76 (reported),59,"RTO observed, lognormal error 0.50",0.38440956494547524,0.39771735363732263,platt,1.530057022493196,1.8456152607817273,3.632303154995924
R76 (reported),59,"RTO observed, lognormal error 0.50",0.38440956494547524,0.39771735363732263,covariate,0.46252225615947395,0.5392744779814507,0.11918706770816812
R76 (reported),60,reported generator,0.5256355042411057,0.46882986892792805,platt,0.605837439300899,1.3582479284088436,2.555860172368341
R76 (reported),60,reported generator,0.5256355042411057,0.46882986892792805,covariate,0.19366768334137419,0.19366768334137419,0.20943257441371088
R76 (reported),60,RTO decoupled from degradation,0.22345670280856778,0.08750239802833894,platt,0.8706811373952235,1.6844176550897032,2.6327001172068947
R76 (reported),60,RTO decoupled from degradation,0.22345670280856778,0.08750239802833894,covariate,0.31322954571152195,0.2814404461459503,0.34880178325300903
R76 (reported),60,"RTO observed, lognormal error 0.25",0.40843561589927785,0.3447558963441466,platt,0.9908976426009986,1.538817795140801,2.555860172368341
R76 (reported),60,"RTO observed, lognormal error 0.25",0.40843561589927785,0.3447558963441466,covariate,0.2201205894667737,0.24308667972854892,0.20943257441371088
R76 (reported),60,"RTO observed, lognormal error 0.50",0.25608438675135303,0.2282292341942925,platt,3.203729311405766,3.436007012801099,2.555860172368341
R76 (reported),60,"RTO observed, lognormal error 0.50",0.25608438675135303,0.2282292341942925,covariate,0.3942628444588081,0.3942628444588081,0.20943257441371088
R76 (reported),61,reported generator,0.42944547428051816,0.38235687717911404,platt,0.6468481495878962,0.889179321509971,1.1399060482825973
R76 (reported),61,reported generator,0.42944547428051816,0.38235687717911404,covariate,0.29382566228343876,0.3111662215501667,0.3092439643677096
R76 (reported),61,RTO decoupled from degradation,0.0724671857894392,-0.03466517388102431,platt,1.7486816678269577,0.8580801499059874,1.2928534917201944
R76 (reported),61,RTO decoupled from degradation,0.0724671857894392,-0.03466517388102431,covariate,0.26419014291806775,0.3363087501172686,0.38096421724873153
R76 (reported),61,"RTO observed, lognormal error 0.25",0.4176090292161371,0.3815255930393,platt,0.885760241116003,0.9214213253166861,1.1399060482825973
R76 (reported),61,"RTO observed, lognormal error 0.25",0.4176090292161371,0.3815255930393,covariate,0.40663376942634955,0.41834252351097234,0.3092439643677096
R76 (reported),61,"RTO observed, lognormal error 0.50",0.3597044612290907,0.29849116835424977,platt,0.8294882241860648,0.9399136444966985,1.1399060482825973
R76 (reported),61,"RTO observed, lognormal error 0.50",0.3597044612290907,0.29849116835424977,covariate,0.45095813660307726,0.47671272063846004,0.3092439643677096
R76 (reported),62,reported generator,0.465000642717325,0.43986231278122145,platt,0.9475399043277264,0.9705413961265776,2.9266305523142933
R76 (reported),62,reported generator,0.465000642717325,0.43986231278122145,covariate,0.33371061141173186,0.3603697323047754,0.3249536006154585
R76 (reported),62,RTO decoupled from degradation,0.09130407114636174,0.028630431677250406,platt,2.809478396492864,2.367201690693747,2.9206416688204797
R76 (reported),62,RTO decoupled from degradation,0.09130407114636174,0.028630431677250406,covariate,0.3098553193090936,0.32741964818163183,0.3497928884110024
R76 (reported),62,"RTO observed, lognormal error 0.25",0.40237786364540046,0.3741382501211504,platt,0.9874781135396802,1.6831355990724433,2.9266305523142933
R76 (reported),62,"RTO observed, lognormal error 0.25",0.40237786364540046,0.3741382501211504,covariate,0.3937147019385634,0.39358704256488863,0.3249536006154585
R76 (reported),62,"RTO observed, lognormal error 0.50",0.34370424195547034,0.33652745607381934,platt,1.623573123218364,1.984698273726849,2.9266305523142933
R76 (reported),62,"RTO observed, lognormal error 0.50",0.34370424195547034,0.33652745607381934,covariate,0.44813300598559636,0.44813300598559636,0.3249536006154585
R76 (reported),63,reported generator,0.560571369373426,0.5051627243908737,platt,1.432759293524839,1.5037077929706015,2.881931510513823
R76 (reported),63,reported generator,0.560571369373426,0.5051627243908737,covariate,0.18826935367053466,0.21937861237273637,0.22864461679154147
R76 (reported),63,RTO decoupled from degradation,0.2560951474445717,0.14585217575199358,platt,2.397441211905317,2.4474796029961112,2.8465389856806667
R76 (reported),63,RTO decoupled from degradation,0.2560951474445717,0.14585217575199358,covariate,0.19883827382972186,0.2334936501928837,0.3011588515495305
R76 (reported),63,"RTO observed, lognormal error 0.25",0.4769605414260798,0.4212806316551763,platt,1.8753646136117652,2.5724573568465985,2.881931510513823
R76 (reported),63,"RTO observed, lognormal error 0.25",0.4769605414260798,0.4212806316551763,covariate,0.2623590225820749,0.29701439894523674,0.22864461679154147
R76 (reported),63,"RTO observed, lognormal error 0.50",0.35786414513923914,0.35427069113875465,platt,1.5377399553969724,2.3429249807101087,2.881931510513823
R76 (reported),63,"RTO observed, lognormal error 0.50",0.35786414513923914,0.35427069113875465,covariate,0.38798247949847564,0.4442673441404281,0.22864461679154147
R76 (reported),64,reported generator,0.5575595604214499,0.523949380942943,platt,0.6793845932085674,0.8622153980226983,2.661296901764132
R76 (reported),64,reported generator,0.5575595604214499,0.523949380942943,covariate,0.19082898642591317,0.23006271331223616,0.1966214601178251
R76 (reported),64,RTO decoupled from degradation,0.2011888597179664,0.10134941125619219,platt,2.318525896652602,1.496373618157918,2.730482188663501
R76 (reported),64,RTO decoupled from degradation,0.2011888597179664,0.10134941125619219,covariate,0.23847208711771373,0.2774290609046375,0.35889639060530953
R76 (reported),64,"RTO observed, lognormal error 0.25",0.4713629526890053,0.4452936471995302,platt,2.511453377489943,2.069751201889801,2.661296901764132
R76 (reported),64,"RTO observed, lognormal error 0.25",0.4713629526890053,0.4452936471995302,covariate,0.26716380344504387,0.28351068257217094,0.1966214601178251
R76 (reported),64,"RTO observed, lognormal error 0.50",0.42068870711041906,0.4027990349232082,platt,1.820246792965463,2.072903460400255,2.661296901764132
R76 (reported),64,"RTO observed, lognormal error 0.50",0.42068870711041906,0.4027990349232082,covariate,0.6121776380206825,0.6188380888195866,0.1966214601178251
R76 (reported),65,reported generator,0.4807852583453194,0.5133349524285071,platt,0.29686829378240986,0.6002950726049789,1.0099364177052337
R76 (reported),65,reported generator,0.4807852583453194,0.5133349524285071,covariate,0.05833525633994441,0.07638556265720808,0.07858529517096713
R76 (reported),65,RTO decoupled from degradation,0.11830569144551537,0.10560262340547144,platt,0.3939737035850328,0.946986852743521,1.0674622853459255
R76 (reported),65,RTO decoupled from degradation,0.11830569144551537,0.10560262340547144,covariate,0.12474930237209492,0.12474930237209492,0.12956305926610412
R76 (reported),65,"RTO observed, lognormal error 0.25",0.4169429952027468,0.4229791434811694,platt,0.5261392425666713,0.7576322045802613,1.0099364177052337
R76 (reported),65,"RTO observed, lognormal error 0.25",0.4169429952027468,0.4229791434811694,covariate,0.18179512619022375,0.2532850926101844,0.07858529517096713
R76 (reported),65,"RTO observed, lognormal error 0.50",0.31416888374182467,0.2993539500666424,platt,1.446660884350365,1.2386068555827592,1.0099364177052337
R76 (reported),65,"RTO observed, lognormal error 0.50",0.31416888374182467,0.2993539500666424,covariate,0.3075231267320646,0.29786634365007103,0.07858529517096713
R76 (reported),66,reported generator,0.38745334182363,0.3625946404431596,platt,1.4231015965672498,1.1293192798422353,3.129584295934535
R76 (reported),66,reported generator,0.38745334182363,0.3625946404431596,covariate,0.04130187048690459,0.06470904656535481,0.09373291322802402
R76 (reported),66,RTO decoupled from degradation,-0.04086019663060228,-0.1344291243076567,platt,2.6465660968214877,2.9147734648513506,3.193697671722475
R76 (reported),66,RTO decoupled from degradation,-0.04086019663060228,-0.1344291243076567,covariate,0.05839062311559928,0.11145783135287957,0.22754828290243267
R76 (reported),66,"RTO observed, lognormal error 0.25",0.32276455965884443,0.29598762449958,platt,1.405199708440989,1.9804555535961015,3.129584295934535
R76 (reported),66,"RTO observed, lognormal error 0.25",0.32276455965884443,0.29598762449958,covariate,0.22709174677839883,0.22642163428929507,0.09373291322802402
R76 (reported),66,"RTO observed, lognormal error 0.50",0.22821584660337882,0.21303309710564247,platt,2.1172011743677785,2.2514761788756914,3.129584295934535
R76 (reported),66,"RTO observed, lognormal error 0.50",0.22821584660337882,0.21303309710564247,covariate,0.38902818145999163,0.41065785433193014,0.09373291322802402
R76 (reported),67,reported generator,0.47376636510568026,0.4246090751157894,platt,0.5612689290043988,0.7405825656050808,1.4105888973003573
R76 (reported),67,reported generator,0.47376636510568026,0.4246090751157894,covariate,0.06312537130992268,0.17895630024494835,0.08643353447794766
R76 (reported),67,RTO decoupled from degradation,0.15867302265169714,0.04734171478831104,platt,1.7609283464362022,1.4793789944334037,1.4291541126480354
R76 (reported),67,RTO decoupled from degradation,0.15867302265169714,0.04734171478831104,covariate,0.15051036069900192,0.15051036069900192,0.22680396584618734
R76 (reported),67,"RTO observed, lognormal error 0.25",0.3520381604873879,0.3066087770587518,platt,1.3452053357537181,1.206391324466665,1.4105888973003573
R76 (reported),67,"RTO observed, lognormal error 0.25",0.3520381604873879,0.3066087770587518,covariate,0.2554796234694834,0.2554796234694834,0.08643353447794766
R76 (reported),67,"RTO observed, lognormal error 0.50",0.2541131796510157,0.2139411239859527,platt,0.6926029749756992,1.355484701231319,1.4105888973003573
R76 (reported),67,"RTO observed, lognormal error 0.50",0.2541131796510157,0.2139411239859527,covariate,0.23184843540346378,0.21992679338359267,0.08643353447794766
R76 (reported),68,reported generator,0.560717863418535,0.4514203785586363,platt,1.692021742791951,2.4544582053938484,3.897334173237084
R76 (reported),68,reported generator,0.560717863418535,0.4514203785586363,covariate,0.1623982565623976,0.3545270979116708,0.23747108626852764
R76 (reported),68,RTO decoupled from degradation,0.2341473994737254,0.08479747870740774,platt,4.101406071516038,3.967147407803566,3.8741917281308815
R76 (reported),68,RTO decoupled from degradation,0.2341473994737254,0.08479747870740774,covariate,0.1685003371820244,0.30235191987966914,0.2739830364214981
R76 (reported),68,"RTO observed, lognormal error 0.25",0.5113108072876889,0.4095158033279192,platt,1.7707607117185944,2.2919127752443273,3.897334173237084
R76 (reported),68,"RTO observed, lognormal error 0.25",0.5113108072876889,0.4095158033279192,covariate,0.41447169361413216,0.5686051828073175,0.23747108626852764
R76 (reported),68,"RTO observed, lognormal error 0.50",0.28841769336250966,0.21897079350253304,platt,3.580355119036369,3.7600348768475556,3.897334173237084
R76 (reported),68,"RTO observed, lognormal error 0.50",0.28841769336250966,0.21897079350253304,covariate,0.49250814760671346,0.6905782257956616,0.23747108626852764
R76 (reported),69,reported generator,0.42715015058915734,0.3832967767501021,platt,0.8015999539975667,1.493408026850176,2.0706758837683594
R76 (reported),69,reported generator,0.42715015058915734,0.3832967767501021,covariate,0.1817591214714298,0.2634931010873913,0.21597428011290276
R76 (reported),69,RTO decoupled from degradation,0.02481938417659063,-0.05058411368247179,platt,2.9508246709472132,1.9992204885159026,2.1114477060414174
R76 (reported),69,RTO decoupled from degradation,0.02481938417659063,-0.05058411368247179,covariate,0.30772825550647553,0.31704246791247215,0.39240620139474913
R76 (reported),69,"RTO observed, lognormal error 0.25",0.3712392146159068,0.33192359041707453,platt,2.143638933046276,2.1131963021481113,2.0706758837683594
R76 (reported),69,"RTO observed, lognormal error 0.25",0.3712392146159068,0.33192359041707453,covariate,0.33385943231868964,0.36451258901593064,0.21597428011290276
R76 (reported),69,"RTO observed, lognormal error 0.50",0.25638511946583126,0.20074426062606976,platt,2.3059041350435336,1.3613322571535207,2.0706758837683594
R76 (reported),69,"RTO observed, lognormal error 0.50",0.25638511946583126,0.20074426062606976,covariate,0.50336847420661,0.5687264783344119,0.21597428011290276
R76 (reported),70,reported generator,0.46939545803444427,0.433764930382996,platt,1.4224389891199962,1.3901143383872636,1.4825184033490473
R76 (reported),70,reported generator,0.46939545803444427,0.433764930382996,covariate,0.2820134185494396,0.3773283670295484,0.3294727356008025
R76 (reported),70,RTO decoupled from degradation,0.0871120744746002,-0.007573294959345793,platt,3.1880932259998076,3.0198084530414917,1.503259265212364
R76 (reported),70,RTO decoupled from degradation,0.0871120744746002,-0.007573294959345793,covariate,0.4518517594295872,0.43853403499383603,0.5227994963228753
R76 (reported),70,"RTO observed, lognormal error 0.25",0.35080325023380565,0.34106141545965957,platt,1.22124498789276,1.5020980690941315,1.4825184033490473
R76 (reported),70,"RTO observed, lognormal error 0.25",0.35080325023380565,0.34106141545965957,covariate,0.4340812036571151,0.4776918031315063,0.3294727356008025
R76 (reported),70,"RTO observed, lognormal error 0.50",0.3623609954584408,0.32129276048490396,platt,1.9693991505197914,1.725501595821953,1.4825184033490473
R76 (reported),70,"RTO observed, lognormal error 0.50",0.3623609954584408,0.32129276048490396,covariate,0.6007901562063012,0.6484857486013027,0.3294727356008025
R76 (reported),71,reported generator,0.4843290660589833,0.4307105963543802,platt,0.9284421511229368,2.330023542763257,3.182257490397717
R76 (reported),71,reported generator,0.4843290660589833,0.4307105963543802,covariate,0.2878264321188624,0.3037424132920421,0.2921251757495611
R76 (reported),71,RTO decoupled from degradation,0.14663028714289159,0.020263069905057076,platt,3.365516932721164,3.4446459336560906,3.2811157540247393
R76 (reported),71,RTO decoupled from degradation,0.14663028714289159,0.020263069905057076,covariate,0.20151787699450097,0.2807143402990846,0.3590564764992621
R76 (reported),71,"RTO observed, lognormal error 0.25",0.4390278351978296,0.3994527138706223,platt,2.3865569767868635,2.6760785657617987,3.182257490397717
R76 (reported),71,"RTO observed, lognormal error 0.25",0.4390278351978296,0.3994527138706223,covariate,0.4141707237589287,0.40594636715977117,0.2921251757495611
R76 (reported),71,"RTO observed, lognormal error 0.50",0.24462108749880918,0.22395504855874607,platt,3.827881511085735,3.9313444349041333,3.182257490397717
R76 (reported),71,"RTO observed, lognormal error 0.50",0.24462108749880918,0.22395504855874607,covariate,0.6643378447963926,0.6643378447963926,0.2921251757495611
R76 (reported),72,reported generator,0.5340006039087384,0.5027760309524185,platt,1.4763517284974341,1.2529053966996742,1.6470052032120748
R76 (reported),72,reported generator,0.5340006039087384,0.5027760309524185,covariate,0.20957461219489915,0.2546065831655824,0.27317877990338957
R76 (reported),72,RTO decoupled from degradation,0.23293708526734497,0.1212646460432825,platt,1.4763192174815742,1.8187792922808228,1.8461686707512115
R76 (reported),72,RTO decoupled from degradation,0.23293708526734497,0.1212646460432825,covariate,0.29942688880026935,0.3071294782350833,0.41218356956150615
R76 (reported),72,"RTO observed, lognormal error 0.25",0.45187632674763056,0.43714267855051425,platt,1.1243000771943628,1.4382443975584636,1.6470052032120748
R76 (reported),72,"RTO observed, lognormal error 0.25",0.45187632674763056,0.43714267855051425,covariate,0.27264428104712124,0.3150053034511302,0.27317877990338957
R76 (reported),72,"RTO observed, lognormal error 0.50",0.41376606055475884,0.3955169554846108,platt,0.9223161817423318,1.2912238774087825,1.6470052032120748
R76 (reported),72,"RTO observed, lognormal error 0.50",0.41376606055475884,0.3955169554846108,covariate,0.564801104717219,0.5863087126584787,0.27317877990338957
R76 (reported),73,reported generator,0.490047187957496,0.4291008021292123,platt,1.250081507005632,1.4862393459186478,3.3522780193500523
R76 (reported),73,reported generator,0.490047187957496,0.4291008021292123,covariate,0.33417370072717745,0.33417370072717745,0.3483127947489777
R76 (reported),73,RTO decoupled from degradation,0.14989002896940018,0.06248605609367397,platt,2.263856272709603,2.5542959851204046,3.3061896712580676
R76 (reported),73,RTO decoupled from degradation,0.14989002896940018,0.06248605609367397,covariate,0.338035447288604,0.356269566130635,0.3651625601347348
R76 (reported),73,"RTO observed, lognormal error 0.25",0.395233486820602,0.3572392498276942,platt,1.7550266478815217,2.0961271419201353,3.3522780193500523
R76 (reported),73,"RTO observed, lognormal error 0.25",0.395233486820602,0.3572392498276942,covariate,0.37483826853804203,0.3865452785554453,0.3483127947489777
R76 (reported),73,"RTO observed, lognormal error 0.50",0.2805912954709474,0.25130675406543806,platt,2.928690735846601,3.0957214936267405,3.3522780193500523
R76 (reported),73,"RTO observed, lognormal error 0.50",0.2805912954709474,0.25130675406543806,covariate,0.4324998455536502,0.4324998455536502,0.3483127947489777
R76 (reported),74,reported generator,0.4590304393183497,0.4570041540742592,platt,0.9947076787669005,1.2912740982667685,2.5201071719858703
R76 (reported),74,reported generator,0.4590304393183497,0.4570041540742592,covariate,0.21368043012665794,0.21368043012665794,0.20525282532307187
R76 (reported),74,RTO decoupled from degradation,0.019768929867059606,-0.03189812089830887,platt,2.504307669899532,2.0289193632501963,2.5983234712427645
R76 (reported),74,RTO decoupled from degradation,0.019768929867059606,-0.03189812089830887,covariate,0.28633861396207294,0.2628979348121163,0.24312704439316235
R76 (reported),74,"RTO observed, lognormal error 0.25",0.3884131789410273,0.40478120397583905,platt,1.8445205794429,1.9639249332997508,2.5201071719858703
R76 (reported),74,"RTO observed, lognormal error 0.25",0.3884131789410273,0.40478120397583905,covariate,0.345035106445863,0.3778210671704585,0.20525282532307187
R76 (reported),74,"RTO observed, lognormal error 0.50",0.29281003882791307,0.30385026402088927,platt,2.452488577290268,1.4920010425325643,2.5201071719858703
R76 (reported),74,"RTO observed, lognormal error 0.50",0.29281003882791307,0.30385026402088927,covariate,0.4288805546426602,0.4288805546426602,0.20525282532307187
R76 (reported),75,reported generator,0.421975980605041,0.4009560578353672,platt,1.3226609586889424,1.4639900267651171,1.466140571913371
R76 (reported),75,reported generator,0.421975980605041,0.4009560578353672,covariate,0.5529386960095337,0.6149966138978584,0.5741501051993225
R76 (reported),75,RTO decoupled from degradation,0.10417514622785465,0.025682316759868307,platt,2.3194221721444706,1.9368531055473852,1.5123251792826693
R76 (reported),75,RTO decoupled from degradation,0.10417514622785465,0.025682316759868307,covariate,0.540643493628977,0.601733349636504,0.6087152489365621
R76 (reported),75,"RTO observed, lognormal error 0.25",0.3469017192715903,0.32391597517936865,platt,0.8535504014489845,1.4441886185172166,1.466140571913371
R76 (reported),75,"RTO observed, lognormal error 0.25",0.3469017192715903,0.32391597517936865,covariate,0.6545367463408809,0.722227413413151,0.5741501051993225
R76 (reported),75,"RTO observed, lognormal error 0.50",0.22469212871811658,0.19859768062187605,platt,2.2299018808466826,2.1125335141271933,1.466140571913371
R76 (reported),75,"RTO observed, lognormal error 0.50",0.22469212871811658,0.19859768062187605,covariate,0.46535120209708225,0.4656239410784053,0.5741501051993225
R76 (reported),76,reported generator,0.498196015394003,0.4553413136776952,platt,1.7971959649516975,1.15054735523168,3.725104137104438
R76 (reported),76,reported generator,0.498196015394003,0.4553413136776952,covariate,0.39168461975657465,0.4460342621761413,0.3972565566942876
R76 (reported),76,RTO decoupled from degradation,0.19690744097364707,0.08257177739605545,platt,2.9469956425720056,3.2389453638201076,3.814575289345072
R76 (reported),76,RTO decoupled from degradation,0.19690744097364707,0.08257177739605545,covariate,0.5699976607374992,0.4952009171245777,0.5771294977480466
R76 (reported),76,"RTO observed, lognormal error 0.25",0.4349731948987368,0.3645506312454965,platt,1.8749732513836648,2.0982629881575576,3.725104137104438
R76 (reported),76,"RTO observed, lognormal error 0.25",0.4349731948987368,0.3645506312454965,covariate,0.5605118125530453,0.5987683174836036,0.3972565566942876
R76 (reported),76,"RTO observed, lognormal error 0.50",0.338314566465625,0.31598121959222497,platt,2.6751606591663517,2.637277922636713,3.725104137104438
R76 (reported),76,"RTO observed, lognormal error 0.50",0.338314566465625,0.31598121959222497,covariate,0.5608209694268282,0.5991944959265538,0.3972565566942876
R76 (reported),77,reported generator,0.5148467562792935,0.4613657471250971,platt,0.7991870092606064,1.167001777330654,1.8929265604714942
R76 (reported),77,reported generator,0.5148467562792935,0.4613657471250971,covariate,0.18220407701539898,0.22619429595079055,0.15737227918413055
R76 (reported),77,RTO decoupled from degradation,0.2102294363530783,0.0917386251228662,platt,1.3144263347259653,1.060230937444203,1.81137385345977
R76 (reported),77,RTO decoupled from degradation,0.2102294363530783,0.0917386251228662,covariate,0.20654819301620364,0.24104423128005692,0.2806882836515001
R76 (reported),77,"RTO observed, lognormal error 0.25",0.4389349272460114,0.3744053975096664,platt,1.1651736778675854,1.4755850154149925,1.8929265604714942
R76 (reported),77,"RTO observed, lognormal error 0.25",0.4389349272460114,0.3744053975096664,covariate,0.24959648649013388,0.28428993267522173,0.15737227918413055
R76 (reported),77,"RTO observed, lognormal error 0.50",0.31129478516198344,0.2864697094826589,platt,2.2402842043957207,2.0547439727644985,1.8929265604714942
R76 (reported),77,"RTO observed, lognormal error 0.50",0.31129478516198344,0.2864697094826589,covariate,0.3020235786856915,0.3020235786856915,0.15737227918413055
R76 (reported),78,reported generator,0.5351898327917596,0.48532616112185967,platt,0.45106831860090324,0.6529419822489615,1.5580789339423688
R76 (reported),78,reported generator,0.5351898327917596,0.48532616112185967,covariate,0.18942662442748315,0.2518105566075519,0.21026756181731798
R76 (reported),78,RTO decoupled from degradation,0.1777847117070774,0.04998287347232775,platt,1.5175918730114688,1.2334742933653047,1.5934160174419105
R76 (reported),78,RTO decoupled from degradation,0.1777847117070774,0.04998287347232775,covariate,0.2234608383557486,0.28818879902544836,0.3468854736107403
R76 (reported),78,"RTO observed, lognormal error 0.25",0.5176109463582536,0.466876250292496,platt,0.8133027471830871,0.9503576012746748,1.5580789339423688
R76 (reported),78,"RTO observed, lognormal error 0.25",0.5176109463582536,0.466876250292496,covariate,0.27532755306910417,0.357900115797662,0.21026756181731798
R76 (reported),78,"RTO observed, lognormal error 0.50",0.3574752734203735,0.3070796074191606,platt,2.9360529988470603,2.0461645581985124,1.5580789339423688
R76 (reported),78,"RTO observed, lognormal error 0.50",0.3574752734203735,0.3070796074191606,covariate,0.6472399603152326,0.6472399603152326,0.21026756181731798
R76 (reported),79,reported generator,0.45465368461942096,0.4344482545963943,platt,0.4082228099798044,1.163776259669163,1.5976539108294787
R76 (reported),79,reported generator,0.45465368461942096,0.4344482545963943,covariate,0.14394076311793924,0.21648858684133643,0.1861755751337455
R76 (reported),79,RTO decoupled from degradation,0.10890212974177757,0.01794999232075549,platt,0.7688806358641784,1.873879033148171,1.6544171023284377
R76 (reported),79,RTO decoupled from degradation,0.10890212974177757,0.01794999232075549,covariate,0.21119370509592272,0.23308569579032223,0.2503810669641098
R76 (reported),79,"RTO observed, lognormal error 0.25",0.4067797768321859,0.3990228964716072,platt,1.1279459304865895,1.302686241357236,1.5976539108294787
R76 (reported),79,"RTO observed, lognormal error 0.25",0.4067797768321859,0.3990228964716072,covariate,0.3288631155104156,0.3292483503994106,0.1861755751337455
R76 (reported),79,"RTO observed, lognormal error 0.50",0.31113713334390336,0.29545026118355755,platt,1.6891450630391773,1.3769294110391002,1.5976539108294787
R76 (reported),79,"RTO observed, lognormal error 0.50",0.31113713334390336,0.29545026118355755,covariate,0.3806198198429911,0.45936906299061775,0.1861755751337455
R76 (reported),80,reported generator,0.5049236228274007,0.4714446132801849,platt,1.0081841393253228,1.242114566402904,3.8222029360618137
R76 (reported),80,reported generator,0.5049236228274007,0.4714446132801849,covariate,0.13595621385957202,0.1878437661871999,0.22445142606659374
R76 (reported),80,RTO decoupled from degradation,0.10411275453348073,0.02732279968022004,platt,3.8110183748311215,3.162743893876211,3.7680784155657534
R76 (reported),80,RTO decoupled from degradation,0.10411275453348073,0.02732279968022004,covariate,0.12038964550373521,0.2285249101299769,0.33732058128691733
R76 (reported),80,"RTO observed, lognormal error 0.25",0.38720251816465967,0.3506235979885308,platt,2.532385183818434,2.780840886237172,3.8222029360618137
R76 (reported),80,"RTO observed, lognormal error 0.25",0.38720251816465967,0.3506235979885308,covariate,0.21838939912501587,0.2994601536153709,0.22445142606659374
R76 (reported),80,"RTO observed, lognormal error 0.50",0.28165832298353793,0.25511133958442733,platt,3.4813130138762745,3.4182724397488755,3.8222029360618137
R76 (reported),80,"RTO observed, lognormal error 0.50",0.28165832298353793,0.25511133958442733,covariate,0.245714142572524,0.3260953663784676,0.22445142606659374
R76 (reported),81,reported generator,0.5263655882935949,0.49282478314159633,platt,1.4346585359489552,1.6353132057544428,2.6832524971703435
R76 (reported),81,reported generator,0.5263655882935949,0.49282478314159633,covariate,0.23764167024276617,0.2825041126947383,0.817849964784898
R76 (reported),81,RTO decoupled from degradation,0.126112291371507,0.026018745824943842,platt,2.7167903417611967,2.4835464033178027,2.604418241256411
R76 (reported),81,RTO decoupled from degradation,0.126112291371507,0.026018745824943842,covariate,0.8045721229972855,0.8320903095204528,0.8620954073179519
R76 (reported),81,"RTO observed, lognormal error 0.25",0.44271353804160124,0.4507420776511273,platt,1.975556588283979,1.6693505878647272,2.6832524971703435
R76 (reported),81,"RTO observed, lognormal error 0.25",0.44271353804160124,0.4507420776511273,covariate,0.39936250360963754,0.47280845404526417,0.817849964784898
R76 (reported),81,"RTO observed, lognormal error 0.50",0.3194812644024086,0.3136789803090006,platt,1.7530699021633893,1.8353979741080195,2.6832524971703435
R76 (reported),81,"RTO observed, lognormal error 0.50",0.3194812644024086,0.3136789803090006,covariate,0.38270297827571653,0.395805110426636,0.817849964784898
R76 (reported),82,reported generator,0.5858317592119143,0.5362784875215572,platt,1.8105813868922382,2.3061174871220658,3.078467552587142
R76 (reported),82,reported generator,0.5858317592119143,0.5362784875215572,covariate,0.1410291806186592,0.1410291806186592,0.24848624191602653
R76 (reported),82,RTO decoupled from degradation,0.24671144706023046,0.13566701856243096,platt,3.048551509273267,3.0504251658449277,3.1082046879273264
R76 (reported),82,RTO decoupled from degradation,0.24671144706023046,0.13566701856243096,covariate,0.2199216488398008,0.2199216488398008,0.2967580541536847
R76 (reported),82,"RTO observed, lognormal error 0.25",0.4970214660129268,0.44432278821961296,platt,2.569520891598387,2.4425003561858603,3.078467552587142
R76 (reported),82,"RTO observed, lognormal error 0.25",0.4970214660129268,0.44432278821961296,covariate,0.22470106200262308,0.29972813303396606,0.24848624191602653
R76 (reported),82,"RTO observed, lognormal error 0.50",0.4242009328373733,0.3901547080463147,platt,1.8972521804893177,2.096241756259019,3.078467552587142
R76 (reported),82,"RTO observed, lognormal error 0.50",0.4242009328373733,0.3901547080463147,covariate,0.24450256372688273,0.2541006857616708,0.24848624191602653
R76 (reported),83,reported generator,0.4900796965202944,0.4499762372141023,platt,0.7321966154748623,0.8642465592497786,3.1079485392945116
R76 (reported),83,reported generator,0.4900796965202944,0.4499762372141023,covariate,0.21074308520181262,0.23238546038354002,0.23479163222199873
R76 (reported),83,RTO decoupled from degradation,0.13029225859635868,0.027396878584309284,platt,2.250758800115989,3.0279608512859397,3.0689682782263503
R76 (reported),83,RTO decoupled from degradation,0.13029225859635868,0.027396878584309284,covariate,0.20997051806614309,0.23414514295268418,0.2227184523268022
R76 (reported),83,"RTO observed, lognormal error 0.25",0.4035815209064767,0.3693758209424847,platt,1.2617938143729077,1.5125850570381374,3.1079485392945116
R76 (reported),83,"RTO observed, lognormal error 0.25",0.4035815209064767,0.3693758209424847,covariate,0.32763175483844975,0.465317920237311,0.23479163222199873
R76 (reported),83,"RTO observed, lognormal error 0.50",0.36493702094981006,0.3344092037983898,platt,0.9603844470821912,2.2654728884270696,3.1079485392945116
R76 (reported),83,"RTO observed, lognormal error 0.50",0.36493702094981006,0.3344092037983898,covariate,0.44953815867827984,0.4756564465572808,0.23479163222199873
R76 (reported),84,reported generator,0.5163877936417126,0.46976562993515936,platt,1.3547146078988703,1.5408195639246003,3.0407084955662356
R76 (reported),84,reported generator,0.5163877936417126,0.46976562993515936,covariate,0.14145937430004096,0.20089519729066296,0.09740737129919808
R76 (reported),84,RTO decoupled from degradation,0.1713260209316377,0.06267289261289702,platt,1.9254487243413223,2.599660814096808,3.102362289014053
R76 (reported),84,RTO decoupled from degradation,0.1713260209316377,0.06267289261289702,covariate,0.17482013333301438,0.2301147551108329,0.12080092733168613
R76 (reported),84,"RTO observed, lognormal error 0.25",0.3855920004412427,0.3370592195666353,platt,2.0796376939088077,2.3300570953240936,3.0407084955662356
R76 (reported),84,"RTO observed, lognormal error 0.25",0.3855920004412427,0.3370592195666353,covariate,0.2973877845861068,0.3356626463887551,0.09740737129919808
R76 (reported),84,"RTO observed, lognormal error 0.50",0.3284868714185784,0.31797323134093125,platt,2.5024229671317357,1.9535898818423902,3.0407084955662356
R76 (reported),84,"RTO observed, lognormal error 0.50",0.3284868714185784,0.31797323134093125,covariate,0.4236705125784397,0.47484989706214265,0.09740737129919808
R76 (reported),85,reported generator,0.4641802571418618,0.39707888743725445,platt,0.46990986394575884,0.7006541352550926,2.4590797695851734
R76 (reported),85,reported generator,0.4641802571418618,0.39707888743725445,covariate,0.19884387480888677,0.19884387480888677,0.19384183537417243
R76 (reported),85,RTO decoupled from degradation,0.13966361277473374,0.011911752427223985,platt,2.911547585741232,3.1557054351765714,2.5613280887789642
R76 (reported),85,RTO decoupled from degradation,0.13966361277473374,0.011911752427223985,covariate,0.24131644925267892,0.28029123048958127,0.3406757932428661
R76 (reported),85,"RTO observed, lognormal error 0.25",0.40085899778941125,0.34314366562310916,platt,1.7753947744795653,1.5996002392834328,2.4590797695851734
R76 (reported),85,"RTO observed, lognormal error 0.25",0.40085899778941125,0.34314366562310916,covariate,0.33236504326526983,0.33236504326526983,0.19384183537417243
R76 (reported),85,"RTO observed, lognormal error 0.50",0.2905470941045456,0.2595273262750461,platt,2.7519053231994235,2.989980093656243,2.4590797695851734
R76 (reported),85,"RTO observed, lognormal error 0.50",0.2905470941045456,0.2595273262750461,covariate,0.3850115764925306,0.3735902764504715,0.19384183537417243
R76 (reported),86,reported generator,0.587167353950525,0.5536374169533264,platt,0.6617350207108075,1.2103449867744018,2.2934063357089087
R76 (reported),86,reported generator,0.587167353950525,0.5536374169533264,covariate,0.19502992970757305,0.21392906153025137,0.23883998768585002
R76 (reported),86,RTO decoupled from degradation,0.2822016985393832,0.18011930383104546,platt,1.91205630017447,2.4281557478495586,2.376268876310462
R76 (reported),86,RTO decoupled from degradation,0.2822016985393832,0.18011930383104546,covariate,0.3210623328057238,0.34582234704438974,0.35327271967310026
R76 (reported),86,"RTO observed, lognormal error 0.25",0.5184748790371281,0.47185443437810043,platt,0.7377482894557659,1.1625554273292096,2.2934063357089087
R76 (reported),86,"RTO observed, lognormal error 0.25",0.5184748790371281,0.47185443437810043,covariate,0.21785485816855044,0.32162354335176246,0.23883998768585002
R76 (reported),86,"RTO observed, lognormal error 0.50",0.42312317905509483,0.363131007817313,platt,1.3873832392509655,2.0869156948341754,2.2934063357089087
R76 (reported),86,"RTO observed, lognormal error 0.50",0.42312317905509483,0.363131007817313,covariate,0.49899436019157406,0.5081649700649393,0.23883998768585002
R76 (reported),87,reported generator,0.4944767363280287,0.3842473578141498,platt,0.7338906733403121,1.0344388382289935,3.660780928711773
R76 (reported),87,reported generator,0.4944767363280287,0.3842473578141498,covariate,0.2884083916347038,0.33532400451210265,0.5734045257091225
R76 (reported),87,RTO decoupled from degradation,0.15734151950366426,-0.03394142349463143,platt,3.352200087339156,3.4233841390326347,3.7292801606322428
R76 (reported),87,RTO decoupled from degradation,0.15734151950366426,-0.03394142349463143,covariate,0.6188053170458829,0.6098661957672675,0.8108197645872792
R76 (reported),87,"RTO observed, lognormal error 0.25",0.4085499765524743,0.3200946083047643,platt,0.888651406180486,1.223742387675884,3.660780928711773
R76 (reported),87,"RTO observed, lognormal error 0.25",0.4085499765524743,0.3200946083047643,covariate,0.3408494020478656,0.39017832129661656,0.5734045257091225
R76 (reported),87,"RTO observed, lognormal error 0.50",0.37236092542133664,0.2816675253693979,platt,2.36648203162531,1.9247794721241007,3.660780928711773
R76 (reported),87,"RTO observed, lognormal error 0.50",0.37236092542133664,0.2816675253693979,covariate,0.8102512738289533,0.7428434497044236,0.5734045257091225
R76 (reported),88,reported generator,0.5477809443542985,0.507739314080981,platt,1.1092447559090317,1.891629973242459,4.738105763977472
R76 (reported),88,reported generator,0.5477809443542985,0.507739314080981,covariate,0.1921273177495948,0.25456675247318117,0.23149826594672618
R76 (reported),88,RTO decoupled from degradation,0.15132471276665702,0.036701398212248076,platt,4.217025678423511,3.8102126383431596,4.635440236902667
R76 (reported),88,RTO decoupled from degradation,0.15132471276665702,0.036701398212248076,covariate,0.19576117221288314,0.1989205373247387,0.2962486746079094
R76 (reported),88,"RTO observed, lognormal error 0.25",0.4492659496827495,0.396346709051357,platt,3.9442884605223014,3.067225146257698,4.738105763977472
R76 (reported),88,"RTO observed, lognormal error 0.25",0.4492659496827495,0.396346709051357,covariate,0.2997679750129407,0.2992744720309588,0.23149826594672618
R76 (reported),88,"RTO observed, lognormal error 0.50",0.29355416484895336,0.27398966472819564,platt,2.61995220908031,3.375349708811143,4.738105763977472
R76 (reported),88,"RTO observed, lognormal error 0.50",0.29355416484895336,0.27398966472819564,covariate,0.47594177528631576,0.5485987905950651,0.23149826594672618
R76 (reported),89,reported generator,0.5552930663507836,0.48591438602282094,platt,1.4633769007163266,2.116730588872855,3.534097418130159
R76 (reported),89,reported generator,0.5552930663507836,0.48591438602282094,covariate,0.15811449594195892,0.18206847499064338,0.15397339851304537
R76 (reported),89,RTO decoupled from degradation,0.19249798471156288,0.046587616726393576,platt,4.713883407478562,4.066890987624475,3.562874826010983
R76 (reported),89,RTO decoupled from degradation,0.19249798471156288,0.046587616726393576,covariate,0.2083889484199517,0.24829511667849147,0.2521837204186568
R76 (reported),89,"RTO observed, lognormal error 0.25",0.46950931998224005,0.3919123746057743,platt,1.6921614418078548,2.1732947015230195,3.534097418130159
R76 (reported),89,"RTO observed, lognormal error 0.25",0.46950931998224005,0.3919123746057743,covariate,0.28764245002690814,0.30904657888646625,0.15397339851304537
R76 (reported),89,"RTO observed, lognormal error 0.50",0.405184264812285,0.3472573013209135,platt,2.2873050023497115,2.764806494807999,3.534097418130159
R76 (reported),89,"RTO observed, lognormal error 0.50",0.405184264812285,0.3472573013209135,covariate,0.2915328889628199,0.2988812889718133,0.15397339851304537
R76 (reported),90,reported generator,0.5021211533496212,0.42396571455957033,platt,1.0085679248882684,1.967567255691506,2.1794809082672373
R76 (reported),90,reported generator,0.5021211533496212,0.42396571455957033,covariate,0.31780851739779337,0.44683967319826934,0.3437642735629822
R76 (reported),90,RTO decoupled from degradation,0.13367990954388648,0.005305821735171386,platt,2.1100765447297363,1.6885268082212974,2.300969613406437
R76 (reported),90,RTO decoupled from degradation,0.13367990954388648,0.005305821735171386,covariate,0.3228064957127117,0.395579404143632,0.4474549261191214
R76 (reported),90,"RTO observed, lognormal error 0.25",0.4380811502049971,0.3809926867308976,platt,1.7057866573733236,2.561146090653409,2.1794809082672373
R76 (reported),90,"RTO observed, lognormal error 0.25",0.4380811502049971,0.3809926867308976,covariate,0.3782287978755221,0.4813181782334368,0.3437642735629822
R76 (reported),90,"RTO observed, lognormal error 0.50",0.313651496750052,0.24376462492446513,platt,0.8035129685413835,0.9077472236739084,2.1794809082672373
R76 (reported),90,"RTO observed, lognormal error 0.50",0.313651496750052,0.24376462492446513,covariate,0.6283021157692019,0.6283021157692019,0.3437642735629822
R76 (reported),91,reported generator,0.4895472823084177,0.4430421362891017,platt,0.8196836446402926,0.922828258175258,1.9082106949297497
R76 (reported),91,reported generator,0.4895472823084177,0.4430421362891017,covariate,0.19594106214694307,0.19594106214694307,0.22892201335011464
R76 (reported),91,RTO decoupled from degradation,0.08323578682119075,-0.019285942200868017,platt,2.4503968378180616,2.586937288415726,1.9507127641702482
R76 (reported),91,RTO decoupled from degradation,0.08323578682119075,-0.019285942200868017,covariate,0.23010905994144082,0.24323743479567383,0.3476791271540094
R76 (reported),91,"RTO observed, lognormal error 0.25",0.3450321486110786,0.3207956906191765,platt,1.1465735278460727,1.411659225485181,1.9082106949297497
R76 (reported),91,"RTO observed, lognormal error 0.25",0.3450321486110786,0.3207956906191765,covariate,0.3109945029575272,0.368565148940462,0.22892201335011464
R76 (reported),91,"RTO observed, lognormal error 0.50",0.23866287862433958,0.1537074425845215,platt,2.1512051115855684,2.2445166654791535,1.9082106949297497
R76 (reported),91,"RTO observed, lognormal error 0.50",0.23866287862433958,0.1537074425845215,covariate,0.5121222566470749,0.5610580292777456,0.22892201335011464
R50,42,reported generator,0.4987716990954271,0.4840705224369271,platt,2.682000526198678,2.9794863645997367,3.30737844930006
R50,42,reported generator,0.4987716990954271,0.4840705224369271,covariate,0.2855488159325006,0.3032812918570045,0.28255703753191597
R50,42,RTO decoupled from degradation,0.08795164164094979,0.05082121084049819,platt,5.194910367655979,4.905058360618398,3.3180994966335646
R50,42,RTO decoupled from degradation,0.08795164164094979,0.05082121084049819,covariate,0.34662566351100565,0.34662566351100565,0.3742731806593582
R50,42,"RTO observed, lognormal error 0.25",0.38112341330247096,0.3915500501222934,platt,4.588706108893135,4.149759550241512,3.30737844930006
R50,42,"RTO observed, lognormal error 0.25",0.38112341330247096,0.3915500501222934,covariate,0.450413549980496,0.4429316559960057,0.28255703753191597
R50,42,"RTO observed, lognormal error 0.50",0.2893485665542899,0.28390163503573373,platt,5.054405632836989,3.610223951842883,3.30737844930006
R50,42,"RTO observed, lognormal error 0.50",0.2893485665542899,0.28390163503573373,covariate,0.5019099477522531,0.47794904584637266,0.28255703753191597
R50,43,reported generator,0.4964375265304448,0.45835582143651865,platt,2.1205298239666632,2.513752435338887,3.5857864027648674
R50,43,reported generator,0.4964375265304448,0.45835582143651865,covariate,0.31152230178142304,0.5005896873868636,0.3134699537706638
R50,43,RTO decoupled from degradation,0.08569041822309967,0.021535786008484954,platt,3.1504140977492625,3.129676444549901,3.7204749655207223
R50,43,RTO decoupled from degradation,0.08569041822309967,0.021535786008484954,covariate,0.3591467197573479,0.33528613886838343,0.37159239916965703
R50,43,"RTO observed, lognormal error 0.25",0.47724576058757784,0.43786121900342473,platt,3.3308497729863262,2.5424546049183476,3.5857864027648674
R50,43,"RTO observed, lognormal error 0.25",0.47724576058757784,0.43786121900342473,covariate,0.24528585841873962,0.4286292246180068,0.3134699537706638
R50,43,"RTO observed, lognormal error 0.50",0.30278316215288575,0.27079053667480957,platt,4.349955184257766,3.5489619485842496,3.5857864027648674
R50,43,"RTO observed, lognormal error 0.50",0.30278316215288575,0.27079053667480957,covariate,0.5570393625837795,0.5299938294536446,0.3134699537706638
R50,44,reported generator,0.47758104661879797,0.4660464680821994,platt,2.7017577008823537,3.5198310519087244,4.053581265680535
R50,44,reported generator,0.47758104661879797,0.4660464680821994,covariate,0.28587764573141783,0.3128736054810446,0.27272114354602195
R50,44,RTO decoupled from degradation,0.06358909443560536,0.0039050985711804936,platt,3.0902390201221692,3.8384038840689527,4.144348564686723
R50,44,RTO decoupled from degradation,0.06358909443560536,0.0039050985711804936,covariate,0.35572661613447565,0.420209432861526,0.4205316960472203
R50,44,"RTO observed, lognormal error 0.25",0.41412859719004486,0.4037571201047167,platt,2.970297922428287,3.058390498882943,4.053581265680535
R50,44,"RTO observed, lognormal error 0.25",0.41412859719004486,0.4037571201047167,covariate,0.39981162970615003,0.39981162970615003,0.27272114354602195
R50,44,"RTO observed, lognormal error 0.50",0.33253095072358435,0.31575208328213294,platt,3.242623047718851,3.946728922114815,4.053581265680535
R50,44,"RTO observed, lognormal error 0.50",0.33253095072358435,0.31575208328213294,covariate,0.4164467171205075,0.4389286160388224,0.27272114354602195
R50,45,reported generator,0.4766127203300993,0.4258389643664961,platt,4.6125468098810245,4.912859585247986,5.546018338489489
R50,45,reported generator,0.4766127203300993,0.4258389643664961,covariate,0.3472886797192132,0.4102069945780329,0.34841301482919107
R50,45,RTO decoupled from degradation,0.06535704575817977,-0.02517749328927764,platt,5.95912334072402,5.290714375251071,5.598878087968259
R50,45,RTO decoupled from degradation,0.06535704575817977,-0.02517749328927764,covariate,0.53031960286242,0.6330468413093655,0.5052662989653385
R50,45,"RTO observed, lognormal error 0.25",0.36234403059664166,0.31389717260082217,platt,6.3664723070499605,5.616429375687474,5.546018338489489
R50,45,"RTO observed, lognormal error 0.25",0.36234403059664166,0.31389717260082217,covariate,0.3180771139005145,0.4712165055322117,0.34841301482919107
R50,45,"RTO observed, lognormal error 0.50",0.22682619186877015,0.20973741186598432,platt,5.441862829379275,5.653326439927824,5.546018338489489
R50,45,"RTO observed, lognormal error 0.50",0.22682619186877015,0.20973741186598432,covariate,0.8662272389565828,0.9086615231333326,0.34841301482919107
R50,46,reported generator,0.5906550278407882,0.5699271555796896,platt,1.6766356821995032,1.5203870608698224,2.9672263067627824
R50,46,reported generator,0.5906550278407882,0.5699271555796896,covariate,0.12787652840161456,0.15753872765709787,0.8223035631751117
R50,46,RTO decoupled from degradation,0.23702465565168543,0.19987033886985484,platt,3.174636033342921,2.6029102498965386,2.8875638089276663
R50,46,RTO decoupled from degradation,0.23702465565168543,0.19987033886985484,covariate,0.5928429556011707,0.5928429556011707,0.848389318586527
R50,46,"RTO observed, lognormal error 0.25",0.517155942339368,0.5066811654846202,platt,1.8071371596746388,2.212595034015081,2.9672263067627824
R50,46,"RTO observed, lognormal error 0.25",0.517155942339368,0.5066811654846202,covariate,0.23277967993426785,0.23277967993426785,0.8223035631751117
R50,46,"RTO observed, lognormal error 0.50",0.3898024565139841,0.3541739894935011,platt,2.511892604449642,2.8100962354411223,2.9672263067627824
R50,46,"RTO observed, lognormal error 0.50",0.3898024565139841,0.3541739894935011,covariate,0.873759757185951,0.8176683760577248,0.8223035631751117
R50,47,reported generator,0.4480396442342911,0.42717332372028954,platt,3.4211533554495617,3.8026400819265262,4.824262070698012
R50,47,reported generator,0.4480396442342911,0.42717332372028954,covariate,0.4408687795837949,0.48812467340653143,0.4256652985459368
R50,47,RTO decoupled from degradation,0.05080906150231352,0.002162258893162519,platt,5.6220041698621515,5.306000587366668,4.839506108204063
R50,47,RTO decoupled from degradation,0.05080906150231352,0.002162258893162519,covariate,0.5424173510040475,0.6109528671416342,0.6350475991054054
R50,47,"RTO observed, lognormal error 0.25",0.3931044000562787,0.3794640388120024,platt,2.4920864541419405,3.3517441404967627,4.824262070698012
R50,47,"RTO observed, lognormal error 0.25",0.3931044000562787,0.3794640388120024,covariate,0.5469503832961493,0.5487387041653307,0.4256652985459368
R50,47,"RTO observed, lognormal error 0.50",0.34321064865821516,0.3523095763627204,platt,3.797791981671267,3.8328303078774013,4.824262070698012
R50,47,"RTO observed, lognormal error 0.50",0.34321064865821516,0.3523095763627204,covariate,0.9629852690720782,0.9729804014808678,0.4256652985459368
R50,48,reported generator,0.5744020098632329,0.5296963030398405,platt,2.5302481056885,2.580638107710101,3.147020916089147
R50,48,reported generator,0.5744020098632329,0.5296963030398405,covariate,0.2220254401070605,0.2981319686485193,0.37663553789366233
R50,48,RTO decoupled from degradation,0.2073788648429259,0.14081615062727088,platt,5.0308191179818635,4.601555529408387,3.3298117865536767
R50,48,RTO decoupled from degradation,0.2073788648429259,0.14081615062727088,covariate,0.3507791986063751,0.3677263277500771,0.5589627890173574
R50,48,"RTO observed, lognormal error 0.25",0.45297040421812357,0.42424904864885327,platt,3.6835875525086834,3.861028047196612,3.147020916089147
R50,48,"RTO observed, lognormal error 0.25",0.45297040421812357,0.42424904864885327,covariate,0.40289604450921956,0.48270020104207845,0.37663553789366233
R50,48,"RTO observed, lognormal error 0.50",0.31960974034691747,0.3002277451884488,platt,6.670207846256844,4.392184318107198,3.147020916089147
R50,48,"RTO observed, lognormal error 0.50",0.31960974034691747,0.3002277451884488,covariate,0.6479676580760128,0.6479676580760128,0.37663553789366233
R50,49,reported generator,0.5021843603966268,0.49567834956263285,platt,3.2201950728039463,3.7117095216737113,4.894139290769104
R50,49,reported generator,0.5021843603966268,0.49567834956263285,covariate,0.312495787400195,0.312495787400195,0.6548958638046685
R50,49,RTO decoupled from degradation,0.18078648831908004,0.14017603506589432,platt,7.608089302295895,6.242020220485358,5.027236581108951
R50,49,RTO decoupled from degradation,0.18078648831908004,0.14017603506589432,covariate,0.6781300489796109,0.7708616830725248,0.8480319915219923
R50,49,"RTO observed, lognormal error 0.25",0.4351711464035684,0.42869105604176105,platt,3.961490027105512,3.833514362089076,4.894139290769104
R50,49,"RTO observed, lognormal error 0.25",0.4351711464035684,0.42869105604176105,covariate,0.7267112351824068,0.7267112351824068,0.6548958638046685
R50,49,"RTO observed, lognormal error 0.50",0.2986525887070735,0.2835990822706377,platt,5.09356443314033,4.641368047791445,4.894139290769104
R50,49,"RTO observed, lognormal error 0.50",0.2986525887070735,0.2835990822706377,covariate,0.7112571110961312,0.800260280353541,0.6548958638046685
R50,50,reported generator,0.46686365630947896,0.45374483854399117,platt,6.78947754006262,7.094750477888155,8.789772257348744
R50,50,reported generator,0.46686365630947896,0.45374483854399117,covariate,0.6111032284681954,0.6334267541191423,0.6225159222732373
R50,50,RTO decoupled from degradation,0.07188594369570656,0.0011382606306660071,platt,9.168558998478616,8.735873754705906,8.73952911773577
R50,50,RTO decoupled from degradation,0.07188594369570656,0.0011382606306660071,covariate,0.79661447165509,0.7813472558100045,0.9054827009076405
R50,50,"RTO observed, lognormal error 0.25",0.4515403093971874,0.43303941487676834,platt,5.610172243483277,6.401841500418712,8.789772257348744
R50,50,"RTO observed, lognormal error 0.25",0.4515403093971874,0.43303941487676834,covariate,0.7350049920370907,0.7618883769965947,0.6225159222732373
R50,50,"RTO observed, lognormal error 0.50",0.32700296897454584,0.33116358916363214,platt,7.240271004174218,7.875360875617218,8.789772257348744
R50,50,"RTO observed, lognormal error 0.50",0.32700296897454584,0.33116358916363214,covariate,0.7710951729941087,0.7710951729941087,0.6225159222732373
R50,51,reported generator,0.5470315925056185,0.504223129353044,platt,4.003560339278053,3.607813003606239,3.6227614363229037
R50,51,reported generator,0.5470315925056185,0.504223129353044,covariate,0.3416349963888621,0.38718563838132525,0.3427013630005291
R50,51,RTO decoupled from degradation,0.20362096209174552,0.12834091637737474,platt,4.847733735290191,4.760118158983985,3.826463891252658
R50,51,RTO decoupled from degradation,0.20362096209174552,0.12834091637737474,covariate,0.3684412559297101,0.3861163640412002,0.47330601187442767
R50,51,"RTO observed, lognormal error 0.25",0.4502334800552754,0.42180961823788676,platt,3.090868075381323,3.163711697626127,3.6227614363229037
R50,51,"RTO observed, lognormal error 0.25",0.4502334800552754,0.42180961823788676,covariate,0.4933474000057174,0.4933474000057174,0.3427013630005291
R50,51,"RTO observed, lognormal error 0.50",0.3003556721975811,0.27810087743848655,platt,4.3654140983020255,3.7064476824664894,3.6227614363229037
R50,51,"RTO observed, lognormal error 0.50",0.3003556721975811,0.27810087743848655,covariate,0.7752045550387408,0.7752045550387408,0.3427013630005291
R50,52,reported generator,0.4553306383735372,0.4135038375242142,platt,4.269233485206172,4.3849058637390215,6.839875796294294
R50,52,reported generator,0.4553306383735372,0.4135038375242142,covariate,0.5259173604487302,0.5843068647604923,0.5209244728697797
R50,52,RTO decoupled from degradation,0.0236630961579975,-0.05773453228080303,platt,5.614323837656528,5.2146247462722926,6.814277982848367
R50,52,RTO decoupled from degradation,0.0236630961579975,-0.05773453228080303,covariate,0.5420748465510741,0.5420748465510741,0.5839349320653611
R50,52,"RTO observed, lognormal error 0.25",0.40928116726820946,0.39020960672641036,platt,4.475639857132677,4.470497133913867,6.839875796294294
R50,52,"RTO observed, lognormal error 0.25",0.40928116726820946,0.39020960672641036,covariate,0.5333394993233043,0.5396638717671891,0.5209244728697797
R50,52,"RTO observed, lognormal error 0.50",0.20975549094627535,0.21054360789794746,platt,5.758596253114888,5.22547740205745,6.839875796294294
R50,52,"RTO observed, lognormal error 0.50",0.20975549094627535,0.21054360789794746,covariate,0.9230175699962047,1.0007374163609342,0.5209244728697797
R50,53,reported generator,0.46464993003150074,0.40333411763755267,platt,2.4303065582114414,3.1644937679987066,4.784793379654857
R50,53,reported generator,0.46464993003150074,0.40333411763755267,covariate,0.2465075295328205,0.3199564046779244,0.27881029603635454
R50,53,RTO decoupled from degradation,0.029346910973241394,-0.05973484820918113,platt,6.043123650384246,5.120355141613288,4.759718995001762
R50,53,RTO decoupled from degradation,0.029346910973241394,-0.05973484820918113,covariate,0.2948997282775423,0.311348034126965,0.3542612666630873
R50,53,"RTO observed, lognormal error 0.25",0.4012522332441911,0.3515087788081406,platt,2.697504776282841,3.1042220355630405,4.784793379654857
R50,53,"RTO observed, lognormal error 0.25",0.4012522332441911,0.3515087788081406,covariate,0.2601749460471723,0.2791968188860636,0.27881029603635454
R50,53,"RTO observed, lognormal error 0.50",0.26538507377337933,0.2417876341220891,platt,2.9291961391139267,3.376191412962939,4.784793379654857
R50,53,"RTO observed, lognormal error 0.50",0.26538507377337933,0.2417876341220891,covariate,0.4545145786733542,0.5268965672586461,0.27881029603635454
R50,54,reported generator,0.5389878086017401,0.4859034998649852,platt,2.552451147860083,3.5789422619965165,3.8212904896692805
R50,54,reported generator,0.5389878086017401,0.4859034998649852,covariate,0.6722459651680452,0.7977937618319402,0.7722153899484567
R50,54,RTO decoupled from degradation,0.11422086654471392,0.013971316043861846,platt,3.3272826666884328,3.765088560822008,3.821760262143755
R50,54,RTO decoupled from degradation,0.11422086654471392,0.013971316043861846,covariate,1.5826400821142954,0.7299655902949951,0.8954346811239446
R50,54,"RTO observed, lognormal error 0.25",0.46985270451975325,0.43161151237034723,platt,3.0686293003000316,3.7429298233184767,3.8212904896692805
R50,54,"RTO observed, lognormal error 0.25",0.46985270451975325,0.43161151237034723,covariate,0.9791750729453668,1.0427793209329224,0.7722153899484567
R50,54,"RTO observed, lognormal error 0.50",0.3893881842377531,0.3351604252164182,platt,3.652915338959943,4.055811233236753,3.8212904896692805
R50,54,"RTO observed, lognormal error 0.50",0.3893881842377531,0.3351604252164182,covariate,0.716737227672283,0.8770288175766012,0.7722153899484567
R50,55,reported generator,0.45524995829839204,0.4415152689369272,platt,2.556311804508695,3.3970425175228485,5.902673751399703
R50,55,reported generator,0.45524995829839204,0.4415152689369272,covariate,0.4416510849630271,0.5323285922582954,0.4107080008675439
R50,55,RTO decoupled from degradation,0.005432967063525898,-0.05240103681894917,platt,4.903079260538902,5.331862425793872,5.90476330324131
R50,55,RTO decoupled from degradation,0.005432967063525898,-0.05240103681894917,covariate,0.4434772985559903,0.4434772985559903,0.5081999725153139
R50,55,"RTO observed, lognormal error 0.25",0.3601507719253787,0.3512753593605778,platt,5.845296083871048,4.875301607754324,5.902673751399703
R50,55,"RTO observed, lognormal error 0.25",0.3601507719253787,0.3512753593605778,covariate,0.4940296917077518,0.5960576898945931,0.4107080008675439
R50,55,"RTO observed, lognormal error 0.50",0.3039876949735907,0.3100770170426037,platt,4.233815115750829,4.028690631357492,5.902673751399703
R50,55,"RTO observed, lognormal error 0.50",0.3039876949735907,0.3100770170426037,covariate,0.6898616075150557,0.8752980328211635,0.4107080008675439
R50,56,reported generator,0.5435167217009618,0.5269482257918611,platt,3.7691422428743806,3.3193496672193987,4.216795629988638
R50,56,reported generator,0.5435167217009618,0.5269482257918611,covariate,0.4490561114195799,0.5799067138087253,0.4447859435840229
R50,56,RTO decoupled from degradation,0.17156414894095948,0.12243162555314403,platt,5.332318750591114,4.188317727724012,4.369466998653365
R50,56,RTO decoupled from degradation,0.17156414894095948,0.12243162555314403,covariate,0.559892263937769,0.6048885198161145,0.6690704161279797
R50,56,"RTO observed, lognormal error 0.25",0.385807626280763,0.3739135318565747,platt,4.521759880215484,4.442305061237278,4.216795629988638
R50,56,"RTO observed, lognormal error 0.25",0.385807626280763,0.3739135318565747,covariate,0.7111943096247444,0.8196397605559866,0.4447859435840229
R50,56,"RTO observed, lognormal error 0.50",0.3623514453039582,0.32146665113716355,platt,4.104912658239371,4.763534118106179,4.216795629988638
R50,56,"RTO observed, lognormal error 0.50",0.3623514453039582,0.32146665113716355,covariate,0.878544227785369,0.9182102003086499,0.4447859435840229
R50,57,reported generator,0.5870505904060989,0.5502568288288081,platt,4.248040098814812,6.447852047196307,7.181501237539749
R50,57,reported generator,0.5870505904060989,0.5502568288288081,covariate,0.24177518042277768,0.2881172364836857,0.24310519261969432
R50,57,RTO decoupled from degradation,0.1498383881126358,0.0767759277429884,platt,6.223756217823421,6.725321378954092,7.088949521448114
R50,57,RTO decoupled from degradation,0.1498383881126358,0.0767759277429884,covariate,0.2598839190464872,0.2958772249132835,0.33568259629939234
R50,57,"RTO observed, lognormal error 0.25",0.5130283339899571,0.48257219699591897,platt,5.4765552770059,6.787230277549668,7.181501237539749
R50,57,"RTO observed, lognormal error 0.25",0.5130283339899571,0.48257219699591897,covariate,0.33702346810513006,0.35897997966914375,0.24310519261969432
R50,57,"RTO observed, lognormal error 0.50",0.3839290689500957,0.3602275292797404,platt,5.337391998398914,5.296212074396635,7.181501237539749
R50,57,"RTO observed, lognormal error 0.50",0.3839290689500957,0.3602275292797404,covariate,0.5135258591099472,0.7219668575374669,0.24310519261969432
R50,58,reported generator,0.4660243341224956,0.42356125173044207,platt,4.272778829775646,4.670927891882002,6.316870623951985
R50,58,reported generator,0.4660243341224956,0.42356125173044207,covariate,0.4594614818243059,0.5056756956914938,0.4514208467263501
R50,58,RTO decoupled from degradation,0.05441912045734145,0.0021683912355112806,platt,6.6099903232763495,5.752754370553603,6.379026045362679
R50,58,RTO decoupled from degradation,0.05441912045734145,0.0021683912355112806,covariate,0.6129506211239999,0.6129506211239999,0.6425766576123806
R50,58,"RTO observed, lognormal error 0.25",0.3516028082903519,0.3325391971396549,platt,5.605630076712174,4.335990732981841,6.316870623951985
R50,58,"RTO observed, lognormal error 0.25",0.3516028082903519,0.3325391971396549,covariate,0.5520463282622785,0.562862852394872,0.4514208467263501
R50,58,"RTO observed, lognormal error 0.50",0.34304662866314567,0.3276509472687545,platt,4.753460004994238,4.6944791958379,6.316870623951985
R50,58,"RTO observed, lognormal error 0.50",0.34304662866314567,0.3276509472687545,covariate,0.930667162481214,0.930667162481214,0.4514208467263501
R50,59,reported generator,0.5312651903498091,0.5054319340381845,platt,2.4997252176543725,3.2139163823530197,6.09935881781513
R50,59,reported generator,0.5312651903498091,0.5054319340381845,covariate,0.19301048101125673,0.31912389154557275,0.23253137324373085
R50,59,RTO decoupled from degradation,0.09658804645819372,0.04892576245881048,platt,4.595270286601462,5.323510839866984,6.15519259254377
R50,59,RTO decoupled from degradation,0.09658804645819372,0.04892576245881048,covariate,0.30804915912834474,0.4043185665603488,0.3118358833051218
R50,59,"RTO observed, lognormal error 0.25",0.4338314896348344,0.4292331191484184,platt,3.5012042783944253,3.6087839399272212,6.09935881781513
R50,59,"RTO observed, lognormal error 0.25",0.4338314896348344,0.4292331191484184,covariate,0.37032986110419586,0.3946657372045621,0.23253137324373085
R50,59,"RTO observed, lognormal error 0.50",0.4234807064254025,0.4016138472441069,platt,2.274058094801589,2.2403916780665583,6.09935881781513
R50,59,"RTO observed, lognormal error 0.50",0.4234807064254025,0.4016138472441069,covariate,0.3446331451089435,0.36075143388674746,0.23253137324373085
R50,60,reported generator,0.4819518583513038,0.4581869003213659,platt,5.044791038624709,5.8062126107573135,5.876549156285563
R50,60,reported generator,0.4819518583513038,0.4581869003213659,covariate,0.32109424023265376,0.3522541686404992,0.2910020051994877
R50,60,RTO decoupled from degradation,0.11969981796622209,0.07297146432551678,platt,6.006482920157609,6.081254586168015,5.8155482416050575
R50,60,RTO decoupled from degradation,0.11969981796622209,0.07297146432551678,covariate,0.309745036241182,0.39421427139919274,0.4570483438648978
R50,60,"RTO observed, lognormal error 0.25",0.37360568035855196,0.33216391913831894,platt,5.05258436061942,5.510970552373962,5.876549156285563
R50,60,"RTO observed, lognormal error 0.25",0.37360568035855196,0.33216391913831894,covariate,0.35760884330278486,0.3776534907524649,0.2910020051994877
R50,60,"RTO observed, lognormal error 0.50",0.2474557739437269,0.2237342690665334,platt,5.521614855248757,6.094432561039952,5.876549156285563
R50,60,"RTO observed, lognormal error 0.50",0.2474557739437269,0.2237342690665334,covariate,0.4140147959669491,0.4154079352013724,0.2910020051994877
R50,61,reported generator,0.4108367487988713,0.3895673601386342,platt,2.128680696327436,2.1030767336515197,2.2954244766218324
R50,61,reported generator,0.4108367487988713,0.3895673601386342,covariate,0.7572514534081876,0.3407576097475413,1.0454068881752505
R50,61,RTO decoupled from degradation,0.017098744955906995,-0.030641385521649706,platt,3.0495997820803638,2.678772759791599,2.428463131495519
R50,61,RTO decoupled from degradation,0.017098744955906995,-0.030641385521649706,covariate,0.9590477693673733,1.0663861105426093,1.0883344034965035
R50,61,"RTO observed, lognormal error 0.25",0.41478647656094275,0.39108712389383965,platt,2.584491220094037,2.249256055813646,2.2954244766218324
R50,61,"RTO observed, lognormal error 0.25",0.41478647656094275,0.39108712389383965,covariate,0.8619119736281959,0.9608178457558694,1.0454068881752505
R50,61,"RTO observed, lognormal error 0.50",0.31188512213529757,0.2947515793495378,platt,2.9511062927043383,2.7614503446326637,2.2954244766218324
R50,61,"RTO observed, lognormal error 0.50",0.31188512213529757,0.2947515793495378,covariate,1.1763264820770587,1.2586305315470554,1.0454068881752505
R50,62,reported generator,0.47684356128562255,0.4365495247820446,platt,2.662004138221235,4.424168600325473,7.066561074390762
R50,62,reported generator,0.47684356128562255,0.4365495247820446,covariate,0.3510036673830541,0.4739534703823267,0.34458000241620823
R50,62,RTO decoupled from degradation,0.11180330896362155,0.03072516163261771,platt,6.214729079968393,5.84134490334614,7.02783671184234
R50,62,RTO decoupled from degradation,0.11180330896362155,0.03072516163261771,covariate,0.35845813282057293,0.35845813282057293,0.44778628791395647
R50,62,"RTO observed, lognormal error 0.25",0.416033771974042,0.37262244905085534,platt,3.641835766846526,5.488262240687391,7.066561074390762
R50,62,"RTO observed, lognormal error 0.25",0.416033771974042,0.37262244905085534,covariate,0.35957192491230217,0.4390897294407523,0.34458000241620823
R50,62,"RTO observed, lognormal error 0.50",0.3511039053873566,0.3324080095286676,platt,5.610165234343157,5.13126022124348,7.066561074390762
R50,62,"RTO observed, lognormal error 0.50",0.3511039053873566,0.3324080095286676,covariate,0.42783674689422924,0.6442450972002973,0.34458000241620823
R50,63,reported generator,0.5325637502496858,0.5001485964414636,platt,3.3532570453952673,3.5091082672270915,5.071529951071938
R50,63,reported generator,0.5325637502496858,0.5001485964414636,covariate,0.2685410760736744,0.39036857749960063,0.32317597111381247
R50,63,RTO decoupled from degradation,0.21212469837446915,0.1405472420681203,platt,4.931813192288686,4.718889072891386,5.159468907357024
R50,63,RTO decoupled from degradation,0.21212469837446915,0.1405472420681203,covariate,0.37551446889784756,0.5557229099934631,0.4788137905564156
R50,63,"RTO observed, lognormal error 0.25",0.44327145185754735,0.4234787936852077,platt,3.123121858851377,4.844265990051653,5.071529951071938
R50,63,"RTO observed, lognormal error 0.25",0.44327145185754735,0.4234787936852077,covariate,0.4792290268686088,0.5514821343480207,0.32317597111381247
R50,63,"RTO observed, lognormal error 0.50",0.33836356742234935,0.3474777149079261,platt,4.174092156895284,4.538925887717824,5.071529951071938
R50,63,"RTO observed, lognormal error 0.50",0.33836356742234935,0.3474777149079261,covariate,0.48501297836359925,0.5836636394392087,0.32317597111381247
R50,64,reported generator,0.5271528478765004,0.5148896256462369,platt,4.056299813002042,4.814769813337421,6.054189381245649
R50,64,reported generator,0.5271528478765004,0.5148896256462369,covariate,0.36196445390487497,0.4202323987051102,0.36759420340631266
R50,64,RTO decoupled from degradation,0.12593113908050887,0.09359343724730175,platt,6.090141596099727,6.947930610571262,6.1031098633124685
R50,64,RTO decoupled from degradation,0.12593113908050887,0.09359343724730175,covariate,0.29819908898491576,0.4286015650102257,0.492409180628286
R50,64,"RTO observed, lognormal error 0.25",0.4456625046199558,0.4397127084784338,platt,4.149219990103191,5.659839766272356,6.054189381245649
R50,64,"RTO observed, lognormal error 0.25",0.4456625046199558,0.4397127084784338,covariate,0.4040188138078662,0.47460390210972037,0.36759420340631266
R50,64,"RTO observed, lognormal error 0.50",0.39044721022694945,0.4046509110872259,platt,5.599961970488749,5.709115310114925,6.054189381245649
R50,64,"RTO observed, lognormal error 0.50",0.39044721022694945,0.4046509110872259,covariate,0.6601922767184476,0.713636431297644,0.36759420340631266
R50,65,reported generator,0.5274850755294663,0.5147733450675333,platt,1.4886887117035883,1.6571847703287403,2.848110407969415
R50,65,reported generator,0.5274850755294663,0.5147733450675333,covariate,0.1581064286382059,0.16185823403711197,0.15705076837497245
R50,65,RTO decoupled from degradation,0.14898324374510294,0.10246481337556596,platt,2.659975394333472,2.2761885590700075,2.8258087803659038
R50,65,RTO decoupled from degradation,0.14898324374510294,0.10246481337556596,covariate,0.1871945660919465,0.284136608055249,0.2938937081810309
R50,65,"RTO observed, lognormal error 0.25",0.45093116237789993,0.41722794035482796,platt,1.5212670211016075,1.7729255977253615,2.848110407969415
R50,65,"RTO observed, lognormal error 0.25",0.45093116237789993,0.41722794035482796,covariate,0.23781574714328713,0.23781574714328713,0.15705076837497245
R50,65,"RTO observed, lognormal error 0.50",0.3050890369846306,0.30451147379528876,platt,2.276780272078696,1.8042129385672183,2.848110407969415
R50,65,"RTO observed, lognormal error 0.50",0.3050890369846306,0.30451147379528876,covariate,0.35672961444953444,0.3600803324731743,0.15705076837497245
R50,66,reported generator,0.396150839419563,0.35849082681382843,platt,2.856574899988047,3.6536769932583013,4.848541080329213
R50,66,reported generator,0.396150839419563,0.35849082681382843,covariate,0.25298824646741025,0.3619444184218139,0.30150311908549554
R50,66,RTO decoupled from degradation,-0.0626544161371411,-0.145205874284528,platt,5.449717142371739,4.795584242921734,4.97713011347858
R50,66,RTO decoupled from degradation,-0.0626544161371411,-0.145205874284528,covariate,0.39403109584469576,0.39403109584469576,0.4608519984673052
R50,66,"RTO observed, lognormal error 0.25",0.3306083543530533,0.29200361337481884,platt,3.285349003425651,4.666691339275147,4.848541080329213
R50,66,"RTO observed, lognormal error 0.25",0.3306083543530533,0.29200361337481884,covariate,0.3098034415069293,0.3653886479908408,0.30150311908549554
R50,66,"RTO observed, lognormal error 0.50",0.2264880547924873,0.2026247283622533,platt,4.550976651581308,4.588603235210016,4.848541080329213
R50,66,"RTO observed, lognormal error 0.50",0.2264880547924873,0.2026247283622533,covariate,0.582477252327223,0.6581929622765728,0.30150311908549554
R50,67,reported generator,0.4598775533545827,0.43553315287584315,platt,2.3767472368166125,2.8401822635546523,3.920252837669281
R50,67,reported generator,0.4598775533545827,0.43553315287584315,covariate,0.24316411690097084,0.36215728734508446,0.35634427430306914
R50,67,RTO decoupled from degradation,0.11514027608229052,0.050816362866023077,platt,3.8090852059776807,3.6562699827191523,4.029142098457783
R50,67,RTO decoupled from degradation,0.11514027608229052,0.050816362866023077,covariate,0.44645799826092514,0.44399252156352986,0.5550048479368002
R50,67,"RTO observed, lognormal error 0.25",0.3280567710758898,0.31260859474541974,platt,2.68022255132621,2.6602512378581196,3.920252837669281
R50,67,"RTO observed, lognormal error 0.25",0.3280567710758898,0.31260859474541974,covariate,0.6022132063836239,0.4557091669035742,0.35634427430306914
R50,67,"RTO observed, lognormal error 0.50",0.21065587324864865,0.21287678937679452,platt,5.3762336408561,3.8669519503563237,3.920252837669281
R50,67,"RTO observed, lognormal error 0.50",0.21065587324864865,0.21287678937679452,covariate,0.7932621232484252,0.8616626545824744,0.35634427430306914
R50,68,reported generator,0.5173874087818404,0.4549093128147505,platt,4.36431369629058,5.872540435789233,6.8885296105884635
R50,68,reported generator,0.5173874087818404,0.4549093128147505,covariate,0.22145632821289496,0.2553301321053709,0.23314676037270488
R50,68,RTO decoupled from degradation,0.1834168832769061,0.08679033320240069,platt,7.182949616106811,6.715746424257645,6.7700649578099075
R50,68,RTO decoupled from degradation,0.1834168832769061,0.08679033320240069,covariate,0.16148823133968904,0.23862813974164965,0.23235785587392854
R50,68,"RTO observed, lognormal error 0.25",0.47330044671805327,0.4128553690473584,platt,5.70093375270784,6.60094942116487,6.8885296105884635
R50,68,"RTO observed, lognormal error 0.25",0.47330044671805327,0.4128553690473584,covariate,0.41387522941491284,0.4935721308435177,0.23314676037270488
R50,68,"RTO observed, lognormal error 0.50",0.23036004414066966,0.21057840697841226,platt,6.39918584524068,7.441635092448379,6.8885296105884635
R50,68,"RTO observed, lognormal error 0.50",0.23036004414066966,0.21057840697841226,covariate,0.5844938276190987,0.6110223850891714,0.23314676037270488
R50,69,reported generator,0.4400338211503958,0.3854604625126917,platt,1.421064806774865,2.4129516853185464,3.7842821188127402
R50,69,reported generator,0.4400338211503958,0.3854604625126917,covariate,0.36268020350125596,0.4531195393627456,0.40093360701341396
R50,69,RTO decoupled from degradation,0.009163552804344244,-0.046961245887712895,platt,3.205939872777691,2.8255590459341136,3.730649645181117
R50,69,RTO decoupled from degradation,0.009163552804344244,-0.046961245887712895,covariate,0.32038303083096764,0.41316868290293485,0.48420261435954615
R50,69,"RTO observed, lognormal error 0.25",0.38392234402088077,0.3379828816135934,platt,1.5097176922910336,2.1642966678027165,3.7842821188127402
R50,69,"RTO observed, lognormal error 0.25",0.38392234402088077,0.3379828816135934,covariate,0.4450164256058713,0.4883112116725954,0.40093360701341396
R50,69,"RTO observed, lognormal error 0.50",0.2516317570352896,0.20753147535703081,platt,2.2856821172255763,3.197561735144305,3.7842821188127402
R50,69,"RTO observed, lognormal error 0.50",0.2516317570352896,0.20753147535703081,covariate,0.5648560299876237,0.6558420634934237,0.40093360701341396
R50,70,reported generator,0.4484422979824572,0.43369783878972656,platt,3.482308423191455,4.2195654346189855,5.201170906828153
R50,70,reported generator,0.4484422979824572,0.43369783878972656,covariate,0.7934910678598328,0.7934910678598328,0.8093801955065061
R50,70,RTO decoupled from degradation,0.05346649342886588,-0.01771782987748785,platt,6.642220813985489,5.784747132756735,5.123980396274888
R50,70,RTO decoupled from degradation,0.05346649342886588,-0.01771782987748785,covariate,0.8976285957677987,0.9525659849450392,0.9565041857818812
R50,70,"RTO observed, lognormal error 0.25",0.3484843503685835,0.344131630434207,platt,4.645053479356818,3.987639895388398,5.201170906828153
R50,70,"RTO observed, lognormal error 0.25",0.3484843503685835,0.344131630434207,covariate,0.869330619031885,0.30669561560735303,0.8093801955065061
R50,70,"RTO observed, lognormal error 0.50",0.3389399371970569,0.3134931737460871,platt,3.0125198548843457,3.8468997926124615,5.201170906828153
R50,70,"RTO observed, lognormal error 0.50",0.3389399371970569,0.3134931737460871,covariate,0.8943897419361946,0.9533408914192165,0.8093801955065061
R50,71,reported generator,0.4219007620845905,0.4248490626308983,platt,4.645775703633902,4.90576511815425,7.871763726150377
R50,71,reported generator,0.4219007620845905,0.4248490626308983,covariate,0.303829246961854,0.303829246961854,0.3030118556483785
R50,71,RTO decoupled from degradation,0.055016773301286626,0.021360356259422588,platt,6.771364813296685,6.805917083762566,7.798815112858549
R50,71,RTO decoupled from degradation,0.055016773301286626,0.021360356259422588,covariate,0.947114277440221,0.4265681410257116,0.46445350607100977
R50,71,"RTO observed, lognormal error 0.25",0.38591672601708205,0.39545135314118907,platt,5.216134088719144,5.926097322742706,7.871763726150377
R50,71,"RTO observed, lognormal error 0.25",0.38591672601708205,0.39545135314118907,covariate,1.0216316386038216,0.5553462368349358,0.3030118556483785
R50,71,"RTO observed, lognormal error 0.50",0.1974776777849628,0.22443705449001783,platt,6.881323466191176,5.995851216039355,7.871763726150377
R50,71,"RTO observed, lognormal error 0.50",0.1974776777849628,0.22443705449001783,covariate,0.6818568466777322,0.6519208020882559,0.3030118556483785
R50,72,reported generator,0.4971152659032336,0.5026198044362408,platt,3.9120200551107303,4.53555012146829,6.40682073425765
R50,72,reported generator,0.4971152659032336,0.5026198044362408,covariate,0.30576859998370765,0.33513918008429755,0.26733349324501887
R50,72,RTO decoupled from degradation,0.14029965566236102,0.12235399807245673,platt,4.541532011719369,5.677683479503855,6.449231232624626
R50,72,RTO decoupled from degradation,0.14029965566236102,0.12235399807245673,covariate,0.31344719079581296,0.369331274532712,0.37566506142408684
R50,72,"RTO observed, lognormal error 0.25",0.42359849483146134,0.43019613315140703,platt,5.635889900802766,5.0494213563967065,6.40682073425765
R50,72,"RTO observed, lognormal error 0.25",0.42359849483146134,0.43019613315140703,covariate,0.4633856822220679,0.46727483178210605,0.26733349324501887
R50,72,"RTO observed, lognormal error 0.50",0.3530827492276238,0.38408027864045585,platt,4.491911594796733,4.347366330071637,6.40682073425765
R50,72,"RTO observed, lognormal error 0.50",0.3530827492276238,0.38408027864045585,covariate,0.40500966120188764,0.5563213142312122,0.26733349324501887
R50,73,reported generator,0.445544392098243,0.4355029348972141,platt,3.6736919498061127,3.4764036641811344,4.6631348863234905
R50,73,reported generator,0.445544392098243,0.4355029348972141,covariate,0.2197126670377827,0.23733097458426755,0.6187973760359853
R50,73,RTO decoupled from degradation,0.10856422719836477,0.06962508612057008,platt,3.917594996185855,4.185455730529256,4.576782310117736
R50,73,RTO decoupled from degradation,0.10856422719836477,0.06962508612057008,covariate,0.6749118303868755,0.34052187723573013,0.7342105967339023
R50,73,"RTO observed, lognormal error 0.25",0.36856460774093114,0.36799586627116093,platt,3.9275258263566286,3.5704816649916324,4.6631348863234905
R50,73,"RTO observed, lognormal error 0.25",0.36856460774093114,0.36799586627116093,covariate,0.25850931003701305,0.27956143203809347,0.6187973760359853
R50,73,"RTO observed, lognormal error 0.50",0.2420779380232782,0.2548723769542355,platt,4.474165163266889,4.315459306405458,4.6631348863234905
R50,73,"RTO observed, lognormal error 0.50",0.2420779380232782,0.2548723769542355,covariate,0.4045005766187302,0.4045005766187302,0.6187973760359853
R50,74,reported generator,0.5111696330950729,0.4585520812413956,platt,2.56745602835899,3.3924424716275183,3.722842206526593
R50,74,reported generator,0.5111696330950729,0.4585520812413956,covariate,0.29662517113597175,0.33721366694383903,0.2707059320246685
R50,74,RTO decoupled from degradation,0.07357595305649504,-0.028385903903430803,platt,3.8125675144595306,3.28720619066182,3.8190287099581326
R50,74,RTO decoupled from degradation,0.07357595305649504,-0.028385903903430803,covariate,0.4449424371307771,0.4546028345044988,0.4973801000009104
R50,74,"RTO observed, lognormal error 0.25",0.4552878135699345,0.41537451909622347,platt,3.2077090333836225,3.869287763311746,3.722842206526593
R50,74,"RTO observed, lognormal error 0.25",0.4552878135699345,0.41537451909622347,covariate,0.45600992907363036,0.4744551438093225,0.2707059320246685
R50,74,"RTO observed, lognormal error 0.50",0.3317390915692725,0.31355931475919613,platt,3.1933861465964384,2.3312382802637472,3.722842206526593
R50,74,"RTO observed, lognormal error 0.50",0.3317390915692725,0.31355931475919613,covariate,0.41592017713720963,0.41592017713720963,0.2707059320246685
R50,75,reported generator,0.4358327014075465,0.3983840530197333,platt,4.606204308658349,4.399312454353861,4.986389607019731
R50,75,reported generator,0.4358327014075465,0.3983840530197333,covariate,0.9211402398888566,0.43672240842060717,0.9339849315292099
R50,75,RTO decoupled from degradation,0.094573119388612,0.02192209376441233,platt,4.6791263314420775,4.703297803159643,5.003188971100386
R50,75,RTO decoupled from degradation,0.094573119388612,0.02192209376441233,covariate,0.8629417994924182,0.9730147559154858,1.0610607737132227
R50,75,"RTO observed, lognormal error 0.25",0.3796609729869898,0.31946098929326716,platt,4.721379119650422,4.1112092576039885,4.986389607019731
R50,75,"RTO observed, lognormal error 0.25",0.3796609729869898,0.31946098929326716,covariate,0.8245258263890634,0.9946866415335762,0.9339849315292099
R50,75,"RTO observed, lognormal error 0.50",0.23065726296251474,0.19448946526848143,platt,4.583405689731762,4.461854853060842,4.986389607019731
R50,75,"RTO observed, lognormal error 0.50",0.23065726296251474,0.19448946526848143,covariate,0.9208642203409738,1.0498941896367455,0.9339849315292099
R50,76,reported generator,0.4586822169198118,0.436362631748161,platt,1.3419360285424773,1.5284173130959857,3.4788668311393423
R50,76,reported generator,0.4586822169198118,0.436362631748161,covariate,0.7257924874793673,0.4879680582422168,0.5837040658064723
R50,76,RTO decoupled from degradation,0.11748155986647656,0.061558984671321405,platt,4.612136161846394,3.1789342814533796,3.6703884691789312
R50,76,RTO decoupled from degradation,0.11748155986647656,0.061558984671321405,covariate,0.7478973955533093,0.6779383090122337,0.9010383004649611
R50,76,"RTO observed, lognormal error 0.25",0.3924212309978685,0.3470219688024786,platt,3.156991164704749,2.291069835688461,3.4788668311393423
R50,76,"RTO observed, lognormal error 0.25",0.3924212309978685,0.3470219688024786,covariate,0.7807922198507242,0.5617137445130993,0.5837040658064723
R50,76,"RTO observed, lognormal error 0.50",0.3112977443558127,0.3017456288794017,platt,3.9671579347947556,3.793758873774081,3.4788668311393423
R50,76,"RTO observed, lognormal error 0.50",0.3112977443558127,0.3017456288794017,covariate,0.9029955530822917,0.7252678397917975,0.5837040658064723
R50,77,reported generator,0.49149712906168164,0.4588824835968039,platt,2.5038667462114432,3.385507352514395,4.715818950591498
R50,77,reported generator,0.49149712906168164,0.4588824835968039,covariate,0.1666802419528608,0.3197583095531513,0.24893342465695412
R50,77,RTO decoupled from degradation,0.16711072482870845,0.08850437076822554,platt,4.1780838910087255,5.196153483498136,4.697038913183803
R50,77,RTO decoupled from degradation,0.16711072482870845,0.08850437076822554,covariate,0.46945909943620734,0.23159819637947976,0.25939425600945754
R50,77,"RTO observed, lognormal error 0.25",0.39605534394088626,0.37377013359442157,platt,2.5928610836500354,4.087875087136908,4.715818950591498
R50,77,"RTO observed, lognormal error 0.25",0.39605534394088626,0.37377013359442157,covariate,0.29489763353885223,0.27524301521776806,0.24893342465695412
R50,77,"RTO observed, lognormal error 0.50",0.33026217186346357,0.2809988788409814,platt,2.8261574119110406,3.499655948157937,4.715818950591498
R50,77,"RTO observed, lognormal error 0.50",0.33026217186346357,0.2809988788409814,covariate,0.32208891716727805,0.3599505929042408,0.24893342465695412
R50,78,reported generator,0.5528450166408367,0.47823809901086006,platt,0.6740058671119584,1.7271682364235517,3.958358717337134
R50,78,reported generator,0.5528450166408367,0.47823809901086006,covariate,0.1648562101290878,0.24001290287976929,0.2254661447060613
R50,78,RTO decoupled from degradation,0.15037351994534456,0.043253703032588416,platt,2.2662660866783852,2.2022514980348404,3.9643889369339007
R50,78,RTO decoupled from degradation,0.15037351994534456,0.043253703032588416,covariate,0.22324998225620618,0.22324998225620618,0.38884721831828983
R50,78,"RTO observed, lognormal error 0.25",0.5307415074524106,0.4639484718439504,platt,1.9000175174358844,2.1985161765766463,3.958358717337134
R50,78,"RTO observed, lognormal error 0.25",0.5307415074524106,0.4639484718439504,covariate,0.35322585862572,0.367603224640078,0.2254661447060613
R50,78,"RTO observed, lognormal error 0.50",0.33312424314685146,0.3031788065616054,platt,2.5154509225043284,2.8791280716249616,3.958358717337134
R50,78,"RTO observed, lognormal error 0.50",0.33312424314685146,0.3031788065616054,covariate,0.6019892356152639,0.6019892356152639,0.2254661447060613
R50,79,reported generator,0.4431471920170191,0.43465774668279306,platt,2.584511093126551,3.3328696633093102,4.614864519376141
R50,79,reported generator,0.4431471920170191,0.43465774668279306,covariate,0.1496199293014513,0.1859927256984406,0.1599281533108723
R50,79,RTO decoupled from degradation,0.06285472524804434,0.0071683849859609915,platt,3.6175653097413942,4.778858673235447,4.732833244316964
R50,79,RTO decoupled from degradation,0.06285472524804434,0.0071683849859609915,covariate,0.22077300385268472,0.24474449822368172,0.30989702496336236
R50,79,"RTO observed, lognormal error 0.25",0.3983932804892922,0.3880832010653856,platt,3.579060390221713,3.314231791739246,4.614864519376141
R50,79,"RTO observed, lognormal error 0.25",0.3983932804892922,0.3880832010653856,covariate,0.16507165404854618,0.18218977152776006,0.1599281533108723
R50,79,"RTO observed, lognormal error 0.50",0.32056891271801197,0.3010987111721679,platt,2.371610314769171,2.483477167875847,4.614864519376141
R50,79,"RTO observed, lognormal error 0.50",0.32056891271801197,0.3010987111721679,covariate,0.32707867163237836,0.3903441122245255,0.1599281533108723
R50,80,reported generator,0.486458598514306,0.46886178672204604,platt,2.7414067526479045,3.212196364579512,5.335058621423471
R50,80,reported generator,0.486458598514306,0.46886178672204604,covariate,0.21814029591563155,0.23721830182743986,0.2643866964204733
R50,80,RTO decoupled from degradation,0.05553302297667689,0.03383348035977553,platt,5.917467079217133,4.66553227199033,5.252297719034857
R50,80,RTO decoupled from degradation,0.05553302297667689,0.03383348035977553,covariate,0.2698545741957332,0.2698545741957332,0.4042766765487471
R50,80,"RTO observed, lognormal error 0.25",0.3678937979073535,0.3539030736985708,platt,4.562882695188293,4.75232324861696,5.335058621423471
R50,80,"RTO observed, lognormal error 0.25",0.3678937979073535,0.3539030736985708,covariate,0.28840941238375706,0.2668030889714288,0.2643866964204733
R50,80,"RTO observed, lognormal error 0.50",0.248754346450181,0.25502278803011974,platt,6.130645261958421,5.907039743170714,5.335058621423471
R50,80,"RTO observed, lognormal error 0.50",0.248754346450181,0.25502278803011974,covariate,0.4284521376163468,0.5229395394376013,0.2643866964204733
R50,81,reported generator,0.5052507206826837,0.4978805759905633,platt,4.514517720732854,4.253724116129831,4.789641205504637
R50,81,reported generator,0.5052507206826837,0.4978805759905633,covariate,0.6084875350354935,0.6694608239709225,0.6750339529511109
R50,81,RTO decoupled from degradation,0.06480045499133237,0.03200012861186617,platt,4.423321863843427,5.122458175859407,4.792342774103375
R50,81,RTO decoupled from degradation,0.06480045499133237,0.03200012861186617,covariate,0.6640844610963939,0.6758293272156237,0.6871302201988954
R50,81,"RTO observed, lognormal error 0.25",0.4458338753926223,0.45135731335328816,platt,4.549275133553039,4.794708075223525,4.789641205504637
R50,81,"RTO observed, lognormal error 0.25",0.4458338753926223,0.45135731335328816,covariate,0.30059690740472433,0.31281069722484744,0.6750339529511109
R50,81,"RTO observed, lognormal error 0.50",0.3289086242474723,0.31436452634024553,platt,5.37097851610892,4.545459062476681,4.789641205504637
R50,81,"RTO observed, lognormal error 0.50",0.3289086242474723,0.31436452634024553,covariate,0.4704731358393133,0.5490485310886299,0.6750339529511109
R50,82,reported generator,0.576326030965775,0.5312673491632163,platt,3.1912920945955108,3.5079371345828463,6.068693976216835
R50,82,reported generator,0.576326030965775,0.5312673491632163,covariate,0.24902367962901906,0.31926637378852263,0.3055072411752491
R50,82,RTO decoupled from degradation,0.19831062194653098,0.13125577230943775,platt,5.558756345803573,5.625710484781308,6.080380176843192
R50,82,RTO decoupled from degradation,0.19831062194653098,0.13125577230943775,covariate,0.42300725550934715,0.43598345740201694,0.4398912410713791
R50,82,"RTO observed, lognormal error 0.25",0.4903445947581003,0.4476341326011619,platt,3.2845482893640536,3.9070432579931094,6.068693976216835
R50,82,"RTO observed, lognormal error 0.25",0.4903445947581003,0.4476341326011619,covariate,0.375183390035275,0.4127276889775686,0.3055072411752491
R50,82,"RTO observed, lognormal error 0.50",0.40380902360022347,0.3887879219536611,platt,3.977595263703577,3.9489437823266513,6.068693976216835
R50,82,"RTO observed, lognormal error 0.50",0.40380902360022347,0.3887879219536611,covariate,0.623150530502258,0.6855963797891604,0.3055072411752491
R50,83,reported generator,0.5020008737160152,0.4394870255817218,platt,3.1947413744245807,3.253444952104786,5.513324005583144
R50,83,reported generator,0.5020008737160152,0.4394870255817218,covariate,0.37817595997924514,0.46143144792344515,0.37406198696238846
R50,83,RTO decoupled from degradation,0.12577674911857736,0.02262331901062263,platt,3.6871012775320082,3.633667233028831,5.366018401153113
R50,83,RTO decoupled from degradation,0.12577674911857736,0.02262331901062263,covariate,0.43757328577333965,0.43757328577333965,0.48815574263440453
R50,83,"RTO observed, lognormal error 0.25",0.4127144703955475,0.362997762642047,platt,2.770568738958616,2.754136564837495,5.513324005583144
R50,83,"RTO observed, lognormal error 0.25",0.4127144703955475,0.362997762642047,covariate,0.44867941469480854,0.5423253595538853,0.37406198696238846
R50,83,"RTO observed, lognormal error 0.50",0.336634731242035,0.3326193968239587,platt,4.6907860255083165,4.800705087321802,5.513324005583144
R50,83,"RTO observed, lognormal error 0.50",0.336634731242035,0.3326193968239587,covariate,0.7462886121383292,0.7633937954965262,0.37406198696238846
R50,84,reported generator,0.5170642451251349,0.46468408232197483,platt,2.4592952943666404,2.50095538536479,4.190768449760952
R50,84,reported generator,0.5170642451251349,0.46468408232197483,covariate,0.34044906997407054,0.2720514124682012,0.2831534479445139
R50,84,RTO decoupled from degradation,0.14294702623280225,0.056332943375233646,platt,4.189817676708927,3.9100270708542553,4.169517943924959
R50,84,RTO decoupled from degradation,0.14294702623280225,0.056332943375233646,covariate,0.27295516989096313,0.3968406159053046,0.4037368521175182
R50,84,"RTO observed, lognormal error 0.25",0.3665269269951993,0.33139737598346053,platt,2.507545831172351,2.953131503622515,4.190768449760952
R50,84,"RTO observed, lognormal error 0.25",0.3665269269951993,0.33139737598346053,covariate,0.37547898568413984,0.41161697887845605,0.2831534479445139
R50,84,"RTO observed, lognormal error 0.50",0.3441029653699376,0.317014773809044,platt,4.22279058845514,3.5320869131403043,4.190768449760952
R50,84,"RTO observed, lognormal error 0.50",0.3441029653699376,0.317014773809044,covariate,0.7683635603148247,0.8295916256281259,0.2831534479445139
R50,85,reported generator,0.48171445288693737,0.38614042574397994,platt,3.108116376592534,3.9547045700788033,5.555123234491944
R50,85,reported generator,0.48171445288693737,0.38614042574397994,covariate,0.2121870494443101,0.18947536732883918,0.22682499761620534
R50,85,RTO decoupled from degradation,0.14600230357445992,0.010910785625056017,platt,3.8772591609824048,4.349309972550699,5.549361298856738
R50,85,RTO decoupled from degradation,0.14600230357445992,0.010910785625056017,covariate,0.49891119164496445,0.27764752199544773,0.3219923813272061
R50,85,"RTO observed, lognormal error 0.25",0.42781229960726713,0.3446766639329396,platt,3.4571646090483057,4.7162088774045685,5.555123234491944
R50,85,"RTO observed, lognormal error 0.25",0.42781229960726713,0.3446766639329396,covariate,0.34717298262458485,0.4276463734284164,0.22682499761620534
R50,85,"RTO observed, lognormal error 0.50",0.3262133026425788,0.2634610754026635,platt,3.5463059149040816,4.2466338931874645,5.555123234491944
R50,85,"RTO observed, lognormal error 0.50",0.3262133026425788,0.2634610754026635,covariate,0.291282811305166,0.34718842898641356,0.22682499761620534
R50,86,reported generator,0.5724681737056685,0.5488646316184934,platt,3.6079310616960925,4.685082696790317,4.863736071229241
R50,86,reported generator,0.5724681737056685,0.5488646316184934,covariate,0.14165442497690606,0.17435185246425533,0.13583392638093983
R50,86,RTO decoupled from degradation,0.22774497751631104,0.1727037880704081,platt,5.5442516784132465,4.904978021995731,5.035007413097659
R50,86,RTO decoupled from degradation,0.22774497751631104,0.1727037880704081,covariate,0.24532042802613319,0.24532042802613319,0.3216237014610641
R50,86,"RTO observed, lognormal error 0.25",0.4818750992570224,0.4655945680017013,platt,2.8218913207570893,3.5723746404899543,4.863736071229241
R50,86,"RTO observed, lognormal error 0.25",0.4818750992570224,0.4655945680017013,covariate,0.15155963078564127,0.20659543906852207,0.13583392638093983
R50,86,"RTO observed, lognormal error 0.50",0.39782437324783976,0.3588970315947462,platt,3.7135698126952974,4.469038266885832,4.863736071229241
R50,86,"RTO observed, lognormal error 0.50",0.39782437324783976,0.3588970315947462,covariate,0.31124403673233303,0.34138354723204145,0.13583392638093983
R50,87,reported generator,0.44665622242932174,0.3815824846490505,platt,4.899916020619003,4.38732931562582,6.116026626642622
R50,87,reported generator,0.44665622242932174,0.3815824846490505,covariate,0.9275726614020527,1.0304784340681863,0.9725879984283097
R50,87,RTO decoupled from degradation,0.04396268269079643,-0.045721227915454,platt,7.991878986906286,6.177455215250106,6.009482108767045
R50,87,RTO decoupled from degradation,0.04396268269079643,-0.045721227915454,covariate,0.8939125279646447,0.935262775712232,1.0093454629836316
R50,87,"RTO observed, lognormal error 0.25",0.3516977691582809,0.31036864735112013,platt,5.1792812030928985,5.991121976747436,6.116026626642622
R50,87,"RTO observed, lognormal error 0.25",0.3516977691582809,0.31036864735112013,covariate,1.0567606610291733,1.164065058007509,0.9725879984283097
R50,87,"RTO observed, lognormal error 0.50",0.3141336637289745,0.2852987387222382,platt,6.187080426280346,7.134573329125558,6.116026626642622
R50,87,"RTO observed, lognormal error 0.50",0.3141336637289745,0.2852987387222382,covariate,1.111204456680582,1.16642724636786,0.9725879984283097
R50,88,reported generator,0.5588499053360888,0.5016853007406024,platt,2.228962829539782,4.359229573303679,4.596468291521816
R50,88,reported generator,0.5588499053360888,0.5016853007406024,covariate,0.2718894076061815,0.49063714736409736,0.32235971445571465
R50,88,RTO decoupled from degradation,0.11567181308382903,0.02040074942918673,platt,6.220291630454028,5.352737016265053,4.57353994373949
R50,88,RTO decoupled from degradation,0.11567181308382903,0.02040074942918673,covariate,0.49072340881225784,0.6618883481575608,0.45328428003921317
R50,88,"RTO observed, lognormal error 0.25",0.4223491804414535,0.37473073810351376,platt,3.7731358968942033,4.067260510657405,4.596468291521816
R50,88,"RTO observed, lognormal error 0.25",0.4223491804414535,0.37473073810351376,covariate,0.42332123265781263,0.4920158115035207,0.32235971445571465
R50,88,"RTO observed, lognormal error 0.50",0.2772722923082361,0.25876346782331094,platt,3.9451464904187077,4.414281036384679,4.596468291521816
R50,88,"RTO observed, lognormal error 0.50",0.2772722923082361,0.25876346782331094,covariate,0.8384995907163528,0.877740351860993,0.32235971445571465
R50,89,reported generator,0.5375410970908462,0.48635439217446136,platt,2.509856283046531,3.8850066287658933,4.929549581912795
R50,89,reported generator,0.5375410970908462,0.48635439217446136,covariate,0.21664149012353562,0.20138490896853511,0.18288921022086413
R50,89,RTO decoupled from degradation,0.13857664669161218,0.044471755602479755,platt,7.378012768803998,6.0932998638955524,4.996094562002995
R50,89,RTO decoupled from degradation,0.13857664669161218,0.044471755602479755,covariate,0.2354170934730888,0.24629278426874635,0.2725012789263985
R50,89,"RTO observed, lognormal error 0.25",0.43556396325730107,0.39147204772899413,platt,4.035139667928149,4.003253575684312,4.929549581912795
R50,89,"RTO observed, lognormal error 0.25",0.43556396325730107,0.39147204772899413,covariate,0.1929997494877398,0.1929997494877398,0.18288921022086413
R50,89,"RTO observed, lognormal error 0.50",0.37860539295434176,0.34770594360778456,platt,3.9234134010519597,4.381109002411222,4.929549581912795
R50,89,"RTO observed, lognormal error 0.50",0.37860539295434176,0.34770594360778456,covariate,0.35423094245965103,0.4085133110396413,0.18288921022086413
R50,90,reported generator,0.44112143179969643,0.43423707256477695,platt,3.688775923320506,3.29780181770343,4.881319869389898
R50,90,reported generator,0.44112143179969643,0.43423707256477695,covariate,0.846380100555038,0.8722317605509176,0.8658404819024952
R50,90,RTO decoupled from degradation,0.046864442211204754,0.007760543653077069,platt,4.3523523129605195,3.5687117456196518,4.889230160467676
R50,90,RTO decoupled from degradation,0.046864442211204754,0.007760543653077069,covariate,0.9036363610000677,0.9542478398385867,0.9259415582206714
R50,90,"RTO observed, lognormal error 0.25",0.3620864849070009,0.3824771195331974,platt,3.8628204908701775,4.102820534314446,4.881319869389898
R50,90,"RTO observed, lognormal error 0.25",0.3620864849070009,0.3824771195331974,covariate,0.9539761788297199,0.9539761788297199,0.8658404819024952
R50,90,"RTO observed, lognormal error 0.50",0.24339922511120227,0.24720924498570204,platt,3.1157025537636684,3.116025487088905,4.881319869389898
R50,90,"RTO observed, lognormal error 0.50",0.24339922511120227,0.24720924498570204,covariate,0.7725535462974875,0.671534045312967,0.8658404819024952
R50,91,reported generator,0.46939593361063736,0.44078226789319547,platt,3.1469927293361764,3.1421583353374842,4.0169680208316265
R50,91,reported generator,0.46939593361063736,0.44078226789319547,covariate,0.08029157916344332,0.11197546005294612,0.3091090505462972
R50,91,RTO decoupled from degradation,0.057647605335440506,-0.023803279491020832,platt,4.0091428361900086,4.3922822434437165,3.8805305686753684
R50,91,RTO decoupled from degradation,0.057647605335440506,-0.023803279491020832,covariate,0.3570778030994006,0.3519985137412931,0.38008923069416767
R50,91,"RTO observed, lognormal error 0.25",0.34617520015340975,0.3247953358606764,platt,3.4134616311465322,3.615943100766458,4.0169680208316265
R50,91,"RTO observed, lognormal error 0.25",0.34617520015340975,0.3247953358606764,covariate,0.30928191982678754,0.30928191982678754,0.3091090505462972
R50,91,"RTO observed, lognormal error 0.50",0.17306889998994657,0.15256392116585776,platt,5.51742441518428,5.848159888956644,4.0169680208316265
R50,91,"RTO observed, lognormal error 0.50",0.17306889998994657,0.15256392116585776,covariate,0.67019139995638,0.5823890486790333,0.3091090505462972
R33,42,reported generator,0.4560250445991692,0.4400952044421672,platt,8.56343372317577,8.471122024000074,9.025415798117415
R33,42,reported generator,0.4560250445991692,0.4400952044421672,covariate,2.5625084855510423,1.733959414543456,1.733959414543456
R33,42,RTO decoupled from degradation,0.12724044639290522,0.08233128124418505,platt,8.596550601172531,9.454024063278446,8.868931573008133
R33,42,RTO decoupled from degradation,0.12724044639290522,0.08233128124418505,covariate,2.9521946526046747,1.488203255881622,1.8118484030440172
R33,42,"RTO observed, lognormal error 0.25",0.4050016649206258,0.3613065577953694,platt,7.620642029608412,8.740872439230266,9.025415798117415
R33,42,"RTO observed, lognormal error 0.25",0.4050016649206258,0.3613065577953694,covariate,2.573271041270054,1.8070620997924536,1.733959414543456
R33,42,"RTO observed, lognormal error 0.50",0.2514214864257888,0.2195862156501706,platt,8.218776623366473,8.701766615357663,9.025415798117415
R33,42,"RTO observed, lognormal error 0.50",0.2514214864257888,0.2195862156501706,covariate,2.4216062441849218,1.9856054817012065,1.733959414543456
R33,43,reported generator,0.47487727821419906,0.38712302657188685,platt,3.5919466686991797,5.571452730970762,6.165419264298464
R33,43,reported generator,0.47487727821419906,0.38712302657188685,covariate,1.0905023506673075,0.8156740599673213,0.8332613050781532
R33,43,RTO decoupled from degradation,0.16392685620897618,0.01967694862142048,platt,5.226060549699341,5.9666549559167805,6.098864129325605
R33,43,RTO decoupled from degradation,0.16392685620897618,0.01967694862142048,covariate,1.830667810693214,0.8874236938203381,0.9280849783874459
R33,43,"RTO observed, lognormal error 0.25",0.4459382566590759,0.3756684973567188,platt,4.5093209427691505,5.566774627441376,6.165419264298464
R33,43,"RTO observed, lognormal error 0.25",0.4459382566590759,0.3756684973567188,covariate,1.0268589446908862,0.824378351552042,0.8332613050781532
R33,43,"RTO observed, lognormal error 0.50",0.2964438010708723,0.2333721391470621,platt,6.197464357973743,5.976441613011687,6.165419264298464
R33,43,"RTO observed, lognormal error 0.50",0.2964438010708723,0.2333721391470621,covariate,1.3144002824845558,1.4171943417028245,0.8332613050781532
R33,44,reported generator,0.46011798495577466,0.41111336146917876,platt,4.465016674476942,5.840301605597247,7.109209503921022
R33,44,reported generator,0.46011798495577466,0.41111336146917876,covariate,0.6238146001653888,0.6822453302538918,0.6456382361331094
R33,44,RTO decoupled from degradation,0.08977847908313982,-0.0013335585021302214,platt,6.049208942021011,6.6252870055555775,7.095305456358588
R33,44,RTO decoupled from degradation,0.08977847908313982,-0.0013335585021302214,covariate,0.80398357966736,0.8256245862105658,0.8525157686562324
R33,44,"RTO observed, lognormal error 0.25",0.3972116135542296,0.352336314117603,platt,4.618299586852359,6.0077448570635426,7.109209503921022
R33,44,"RTO observed, lognormal error 0.25",0.3972116135542296,0.352336314117603,covariate,0.8472018857761725,0.8026529763148318,0.6456382361331094
R33,44,"RTO observed, lognormal error 0.50",0.2629883557722973,0.2645166188445133,platt,4.72762277098542,5.343559981121132,7.109209503921022
R33,44,"RTO observed, lognormal error 0.50",0.2629883557722973,0.2645166188445133,covariate,1.0026131152746984,1.0030933717084878,0.6456382361331094
R33,45,reported generator,0.41677991233919753,0.35523885237031977,platt,6.169226915992638,7.605212211319241,10.057795018651092
R33,45,reported generator,0.41677991233919753,0.35523885237031977,covariate,1.7779860626225599,1.380125082526476,1.4170428126507773
R33,45,RTO decoupled from degradation,0.0938975708060145,-0.018923641569181113,platt,9.547709976811532,9.195868683396284,9.956171118009337
R33,45,RTO decoupled from degradation,0.0938975708060145,-0.018923641569181113,covariate,2.0897575343060026,1.9625924279920497,1.6072017465525619
R33,45,"RTO observed, lognormal error 0.25",0.30698631896788725,0.2526736070677735,platt,7.222116616357667,8.827845649344738,10.057795018651092
R33,45,"RTO observed, lognormal error 0.25",0.30698631896788725,0.2526736070677735,covariate,2.106397863604869,1.3661117375885965,1.4170428126507773
R33,45,"RTO observed, lognormal error 0.50",0.21738730733778552,0.16603660873687223,platt,8.215335033025326,9.306061589529989,10.057795018651092
R33,45,"RTO observed, lognormal error 0.50",0.21738730733778552,0.16603660873687223,covariate,2.7149798721732026,1.8338463457221224,1.4170428126507773
R33,46,reported generator,0.5370058601403759,0.5232226220158755,platt,5.315818664986935,5.304480360958237,6.8911993254717885
R33,46,reported generator,0.5370058601403759,0.5232226220158755,covariate,0.8048771356172324,0.3445316767649871,0.3622789262893491
R33,46,RTO decoupled from degradation,0.25010952215002047,0.19294411442025483,platt,7.754348325584701,6.2958059504449295,6.786785498076782
R33,46,RTO decoupled from degradation,0.25010952215002047,0.19294411442025483,covariate,0.8570182188607305,0.8774826380776233,0.41924612659008176
R33,46,"RTO observed, lognormal error 0.25",0.44281162812767194,0.45714986995438367,platt,6.252814515302305,5.7436545947625035,6.8911993254717885
R33,46,"RTO observed, lognormal error 0.25",0.44281162812767194,0.45714986995438367,covariate,1.0274100418283751,1.088045132146533,0.3622789262893491
R33,46,"RTO observed, lognormal error 0.50",0.3151063831620267,0.303418468641163,platt,6.286249750820616,6.194297950821593,6.8911993254717885
R33,46,"RTO observed, lognormal error 0.50",0.3151063831620267,0.303418468641163,covariate,0.6591268795913408,0.6591268795913408,0.3622789262893491
R33,47,reported generator,0.4157675873999857,0.36211830054985134,platt,6.521783556051531,6.666769970131753,6.789455126288686
R33,47,reported generator,0.4157675873999857,0.36211830054985134,covariate,1.1990689289885097,0.7516078948880249,1.0280964933437104
R33,47,RTO decoupled from degradation,0.08093450844426442,-0.003312676941374892,platt,6.26586954257543,7.023080182032359,6.660232082279478
R33,47,RTO decoupled from degradation,0.08093450844426442,-0.003312676941374892,covariate,1.4333164279388058,0.7009769243809245,1.046918303450397
R33,47,"RTO observed, lognormal error 0.25",0.34604359840347837,0.30431648373212783,platt,8.06264426009868,6.778706226718498,6.789455126288686
R33,47,"RTO observed, lognormal error 0.25",0.34604359840347837,0.30431648373212783,covariate,1.7343408721038145,0.9003229215292521,1.0280964933437104
R33,47,"RTO observed, lognormal error 0.50",0.34818713254249206,0.3151010122970424,platt,5.9773534913715025,6.239625764299404,6.789455126288686
R33,47,"RTO observed, lognormal error 0.50",0.34818713254249206,0.3151010122970424,covariate,1.429413229603881,0.9754416083140569,1.0280964933437104
R33,48,reported generator,0.5152863052247694,0.4848125831483098,platt,4.858990538213533,5.105869572549366,6.860475756267746
R33,48,reported generator,0.5152863052247694,0.4848125831483098,covariate,1.6156011509649488,1.014585060345027,1.0311248207408994
R33,48,RTO decoupled from degradation,0.21694428841871288,0.14537601585558302,platt,6.143513616632731,5.566841145230228,6.788948361113384
R33,48,RTO decoupled from degradation,0.21694428841871288,0.14537601585558302,covariate,1.3702502436716486,1.136299469698102,1.1814555101068862
R33,48,"RTO observed, lognormal error 0.25",0.3934571440709928,0.38310816157299676,platt,6.027084987463468,5.8407394670148705,6.860475756267746
R33,48,"RTO observed, lognormal error 0.25",0.3934571440709928,0.38310816157299676,covariate,1.6187831889325537,1.2620473788870754,1.0311248207408994
R33,48,"RTO observed, lognormal error 0.50",0.2790363494166037,0.2833403371117526,platt,8.000738344109749,6.149651439315733,6.860475756267746
R33,48,"RTO observed, lognormal error 0.50",0.2790363494166037,0.2833403371117526,covariate,1.6228562746442776,1.4135838021306597,1.0311248207408994
R33,49,reported generator,0.46928208846912745,0.444187366944402,platt,5.3884960368159085,5.557889195169821,5.692373455084237
R33,49,reported generator,0.46928208846912745,0.444187366944402,covariate,1.6016058701226896,1.6016058701226896,1.8159577431212952
R33,49,RTO decoupled from degradation,0.19588573411902804,0.12293058230636547,platt,9.130427820494695,5.5434825587001555,5.7043195278826815
R33,49,RTO decoupled from degradation,0.19588573411902804,0.12293058230636547,covariate,2.2726163540459012,1.7775167108009597,1.9693658762799018
R33,49,"RTO observed, lognormal error 0.25",0.40003276733357845,0.368632188736827,platt,6.5695731898856025,5.897063870852705,5.692373455084237
R33,49,"RTO observed, lognormal error 0.25",0.40003276733357845,0.368632188736827,covariate,2.4445195007824054,1.8159577431212952,1.8159577431212952
R33,49,"RTO observed, lognormal error 0.50",0.24735747616181927,0.253694111260051,platt,6.518155391405287,6.223999062261399,5.692373455084237
R33,49,"RTO observed, lognormal error 0.50",0.24735747616181927,0.253694111260051,covariate,2.0022365462913356,1.7135964979239375,1.8159577431212952
R33,50,reported generator,0.4601800280430777,0.40023894823796763,platt,6.543625788086686,6.220147232408479,5.963865695122891
R33,50,reported generator,0.4601800280430777,0.40023894823796763,covariate,0.538393147727767,0.8596461000388302,0.7606576346728389
R33,50,RTO decoupled from degradation,0.12849815752788202,0.020944684161483054,platt,7.86683793545388,7.022571171498662,5.900050713708687
R33,50,RTO decoupled from degradation,0.12849815752788202,0.020944684161483054,covariate,1.3437310773166686,1.3604371390159287,0.9219579296987419
R33,50,"RTO observed, lognormal error 0.25",0.4260464645047625,0.3886917529841105,platt,4.843418060734749,5.34910913262263,5.963865695122891
R33,50,"RTO observed, lognormal error 0.25",0.4260464645047625,0.3886917529841105,covariate,0.7122379803434669,0.9933476747017451,0.7606576346728389
R33,50,"RTO observed, lognormal error 0.50",0.30965073394433457,0.2937032728866509,platt,6.590059936541181,6.386271078091951,5.963865695122891
R33,50,"RTO observed, lognormal error 0.50",0.30965073394433457,0.2937032728866509,covariate,1.5779505109164234,1.3019503104454344,0.7606576346728389
R33,51,reported generator,0.4856692273338835,0.42832449767745234,platt,6.094736129761486,7.048855586345994,7.047602245453504
R33,51,reported generator,0.4856692273338835,0.42832449767745234,covariate,0.9133750683752737,0.3903208295451037,0.8253887693298765
R33,51,RTO decoupled from degradation,0.18956937177366648,0.0917656152449842,platt,7.043900621266857,7.037648260952139,7.0533102364001365
R33,51,RTO decoupled from degradation,0.18956937177366648,0.0917656152449842,covariate,0.9979264786676367,0.49018408138400105,1.000569215204763
R33,51,"RTO observed, lognormal error 0.25",0.4072496423616722,0.36514391024043846,platt,5.546228420485647,6.97112153681833,7.047602245453504
R33,51,"RTO observed, lognormal error 0.25",0.4072496423616722,0.36514391024043846,covariate,1.008040257131313,1.125192150369429,0.8253887693298765
R33,51,"RTO observed, lognormal error 0.50",0.2706811269223571,0.2494319016458785,platt,6.699642520127611,7.390081739269419,7.047602245453504
R33,51,"RTO observed, lognormal error 0.50",0.2706811269223571,0.2494319016458785,covariate,1.728967312358094,1.0938385729043603,0.8253887693298765
R33,52,reported generator,0.3912466898215094,0.3271671875955709,platt,6.508410402626559,7.829357828001967,8.7225433010505
R33,52,reported generator,0.3912466898215094,0.3271671875955709,covariate,1.5340405513402615,1.3573742779514575,1.8444962934109483
R33,52,RTO decoupled from degradation,0.01660926600673525,-0.07503759416342147,platt,8.050437399586087,8.008552314457617,8.587037213210337
R33,52,RTO decoupled from degradation,0.01660926600673525,-0.07503759416342147,covariate,1.476845439308505,1.7348197696494907,1.926322655372772
R33,52,"RTO observed, lognormal error 0.25",0.3491347369050221,0.32071590171064596,platt,6.3054913145978375,7.6513623355119975,8.7225433010505
R33,52,"RTO observed, lognormal error 0.25",0.3491347369050221,0.32071590171064596,covariate,1.2748192219379533,1.3947079602464143,1.8444962934109483
R33,52,"RTO observed, lognormal error 0.50",0.14385209916814765,0.14712660787288828,platt,9.007014283230625,8.574557930330933,8.7225433010505
R33,52,"RTO observed, lognormal error 0.50",0.14385209916814765,0.14712660787288828,covariate,2.272384525137575,1.9515398534058122,1.8444962934109483
R33,53,reported generator,0.41860061020406825,0.34627824996318024,platt,5.853988717688594,6.673645196538587,7.733749247443654
R33,53,reported generator,0.41860061020406825,0.34627824996318024,covariate,1.1545458946996945,1.31102687193696,1.4317045227663527
R33,53,RTO decoupled from degradation,0.07117898924927112,-0.03593600649822318,platt,7.738764105153976,8.03040096007065,7.562042445735031
R33,53,RTO decoupled from degradation,0.07117898924927112,-0.03593600649822318,covariate,1.2184841617985427,1.4312562109714548,1.431626842233129
R33,53,"RTO observed, lognormal error 0.25",0.37497857833516857,0.3166142198046054,platt,5.419241717540956,6.749182410373976,7.733749247443654
R33,53,"RTO observed, lognormal error 0.25",0.37497857833516857,0.3166142198046054,covariate,1.0208591844061061,1.175716916091588,1.4317045227663527
R33,53,"RTO observed, lognormal error 0.50",0.27304500178994034,0.21872271978041807,platt,5.57248359692008,6.029271166456155,7.733749247443654
R33,53,"RTO observed, lognormal error 0.50",0.27304500178994034,0.21872271978041807,covariate,1.589266175596336,1.443098525840611,1.4317045227663527
R33,54,reported generator,0.46742135962206716,0.4164625663866095,platt,5.897358416172608,7.699714565542578,7.704081044294199
R33,54,reported generator,0.46742135962206716,0.4164625663866095,covariate,0.8876572403971181,0.7750567740927465,0.8079166553599038
R33,54,RTO decoupled from degradation,0.08634579688963574,-0.0011801034860637924,platt,9.67840265784983,8.80017802833109,7.566529297858921
R33,54,RTO decoupled from degradation,0.08634579688963574,-0.0011801034860637924,covariate,1.3839043473882242,0.9117077485475562,0.8084261658550673
R33,54,"RTO observed, lognormal error 0.25",0.4181765458999436,0.36455329027811306,platt,5.3408224290066215,6.824311113692531,7.704081044294199
R33,54,"RTO observed, lognormal error 0.25",0.4181765458999436,0.36455329027811306,covariate,0.8863678774612964,0.8852741710337426,0.8079166553599038
R33,54,"RTO observed, lognormal error 0.50",0.2894276579732273,0.26671364333434716,platt,8.46640240648972,8.411079528013943,7.704081044294199
R33,54,"RTO observed, lognormal error 0.50",0.2894276579732273,0.26671364333434716,covariate,1.1401455603710673,1.1364433258068232,0.8079166553599038
R33,55,reported generator,0.4498581878071255,0.38141092459025466,platt,3.405647726716907,6.326866030219861,7.010752936531091
R33,55,reported generator,0.4498581878071255,0.38141092459025466,covariate,0.7290101976061152,0.7290101976061152,0.7171995569175209
R33,55,RTO decoupled from degradation,0.05733764364889077,-0.049101200420367246,platt,7.491053834266367,6.910950974154105,6.977114786094148
R33,55,RTO decoupled from degradation,0.05733764364889077,-0.049101200420367246,covariate,1.2260522111182866,0.9180253979544091,0.9388194462259918
R33,55,"RTO observed, lognormal error 0.25",0.3651464711479926,0.3108652716428259,platt,4.207156669471388,5.982408189434764,7.010752936531091
R33,55,"RTO observed, lognormal error 0.25",0.3651464711479926,0.3108652716428259,covariate,0.9159542945986487,0.878786200544198,0.7171995569175209
R33,55,"RTO observed, lognormal error 0.50",0.2658078491675475,0.28119823478329437,platt,5.472567230328309,5.35719227683532,7.010752936531091
R33,55,"RTO observed, lognormal error 0.50",0.2658078491675475,0.28119823478329437,covariate,1.1852586301375823,1.1318924952814058,0.7171995569175209
R33,56,reported generator,0.5232317791418201,0.4567110105600969,platt,5.415841504221817,7.687679549022334,8.678789522098256
R33,56,reported generator,0.5232317791418201,0.4567110105600969,covariate,1.1495919173554654,1.1551774191742723,1.1378703485798383
R33,56,RTO decoupled from degradation,0.2179816224454218,0.1038125096838697,platt,7.402904221622485,8.386112576239661,8.518166253686893
R33,56,RTO decoupled from degradation,0.2179816224454218,0.1038125096838697,covariate,1.1410714152423722,1.1839961942166681,1.129662196922716
R33,56,"RTO observed, lognormal error 0.25",0.37408612679613307,0.310387652384281,platt,6.229406948106927,7.519954458227787,8.678789522098256
R33,56,"RTO observed, lognormal error 0.25",0.37408612679613307,0.310387652384281,covariate,1.2431051923982253,0.8864321134862578,1.1378703485798383
R33,56,"RTO observed, lognormal error 0.50",0.366059358903243,0.274157553950487,platt,6.128233146790691,7.086089487104218,8.678789522098256
R33,56,"RTO observed, lognormal error 0.50",0.366059358903243,0.274157553950487,covariate,1.2194261766705807,1.5693379728368413,1.1378703485798383
R33,57,reported generator,0.4945746305951619,0.48111891742797286,platt,7.36318577622297,7.887207501671263,7.884638590930116
R33,57,reported generator,0.4945746305951619,0.48111891742797286,covariate,0.6957338513787121,0.7406959299710465,0.7504893465992879
R33,57,RTO decoupled from degradation,0.12801767623039853,0.08010376821152027,platt,8.789262505137103,8.174293644534757,7.714599552848043
R33,57,RTO decoupled from degradation,0.12801767623039853,0.08010376821152027,covariate,0.6267425694978428,0.7915210211737573,0.8496185921899837
R33,57,"RTO observed, lognormal error 0.25",0.41710404051742467,0.42252151793830933,platt,8.16843024784756,7.929595689030258,7.884638590930116
R33,57,"RTO observed, lognormal error 0.25",0.41710404051742467,0.42252151793830933,covariate,1.3007869010168136,0.8691192999747344,0.7504893465992879
R33,57,"RTO observed, lognormal error 0.50",0.30275235831747777,0.3195639493897849,platt,7.7682263367294055,6.612265440723256,7.884638590930116
R33,57,"RTO observed, lognormal error 0.50",0.30275235831747777,0.3195639493897849,covariate,1.0200798372636513,1.0200798372636513,0.7504893465992879
R33,58,reported generator,0.44522525687766873,0.401555565427561,platt,6.990318574464297,6.792675663854794,6.966305221878969
R33,58,reported generator,0.44522525687766873,0.401555565427561,covariate,0.9187727140746915,1.120707477877275,1.5177833774887404
R33,58,RTO decoupled from degradation,0.11234757173861772,0.03631609895716263,platt,10.286080066571593,7.9782787064303236,6.831082660052537
R33,58,RTO decoupled from degradation,0.11234757173861772,0.03631609895716263,covariate,0.7417378857080337,0.9389654490554094,1.5162435118075663
R33,58,"RTO observed, lognormal error 0.25",0.35305193504265714,0.31898919845286455,platt,8.008284119139716,7.211494160447927,6.966305221878969
R33,58,"RTO observed, lognormal error 0.25",0.35305193504265714,0.31898919845286455,covariate,0.9446989351723687,1.1024643933460112,1.5177833774887404
R33,58,"RTO observed, lognormal error 0.50",0.3399547610518323,0.30468613551975815,platt,8.095172102129567,7.786758507694515,6.966305221878969
R33,58,"RTO observed, lognormal error 0.50",0.3399547610518323,0.30468613551975815,covariate,1.317705019600595,1.372152955369927,1.5177833774887404
R33,59,reported generator,0.5000859490366452,0.44918303328691245,platt,5.158283257630487,6.894230983618826,7.518375289725299
R33,59,reported generator,0.5000859490366452,0.44918303328691245,covariate,0.9945312071040746,1.3723609160920063,1.4753663944100026
R33,59,RTO decoupled from degradation,0.15253783402413346,0.04910799163631679,platt,8.287213487785621,8.429444585814906,7.528454393105349
R33,59,RTO decoupled from degradation,0.15253783402413346,0.04910799163631679,covariate,1.7419593178634045,1.4684017457837086,1.5821084693781131
R33,59,"RTO observed, lognormal error 0.25",0.39317428673695676,0.3798089395829183,platt,5.336855776041972,7.37249394831062,7.518375289725299
R33,59,"RTO observed, lognormal error 0.25",0.39317428673695676,0.3798089395829183,covariate,1.4332939800159465,1.4332939800159465,1.4753663944100026
R33,59,"RTO observed, lognormal error 0.50",0.3960345983803859,0.35833387570889264,platt,4.752250710667795,6.1692058548824775,7.518375289725299
R33,59,"RTO observed, lognormal error 0.50",0.3960345983803859,0.35833387570889264,covariate,1.649162050995173,1.3742121239461795,1.4753663944100026
R33,60,reported generator,0.4726211633074483,0.3969370482960454,platt,5.633167940362242,6.0272516651339885,7.445266448718272
R33,60,reported generator,0.4726211633074483,0.3969370482960454,covariate,0.8817119769900046,1.1444685074358176,1.1502654342116116
R33,60,RTO decoupled from degradation,0.1626236004541823,0.059150690115088334,platt,7.508179005379098,6.375920365362184,7.35168135837548
R33,60,RTO decoupled from degradation,0.1626236004541823,0.059150690115088334,covariate,0.9766477111200729,1.1920523323514018,1.2189530197278273
R33,60,"RTO observed, lognormal error 0.25",0.3702458053653552,0.28380401470861044,platt,6.345806430251102,6.849844354717959,7.445266448718272
R33,60,"RTO observed, lognormal error 0.25",0.3702458053653552,0.28380401470861044,covariate,0.9545066937963895,1.15572619557949,1.1502654342116116
R33,60,"RTO observed, lognormal error 0.50",0.2602929975547839,0.1908639849683431,platt,6.020296621018886,5.968867675675284,7.445266448718272
R33,60,"RTO observed, lognormal error 0.50",0.2602929975547839,0.1908639849683431,covariate,1.6235062346220417,1.2964831064197,1.1502654342116116
R33,61,reported generator,0.3682725889465584,0.342269153812387,platt,4.207613433209033,5.477514395596955,6.483638136961645
R33,61,reported generator,0.3682725889465584,0.342269153812387,covariate,1.8918208694688587,2.676126949835229,2.8197446316043084
R33,61,RTO decoupled from degradation,0.07389973370429351,0.0037616616653661132,platt,7.430692030568871,6.518900473217265,6.423780564328986
R33,61,RTO decoupled from degradation,0.07389973370429351,0.0037616616653661132,covariate,2.16747304939431,2.6771539555418897,2.936578387390277
R33,61,"RTO observed, lognormal error 0.25",0.3770936835528623,0.35508556668689734,platt,5.711606900077285,5.862804142019627,6.483638136961645
R33,61,"RTO observed, lognormal error 0.25",0.3770936835528623,0.35508556668689734,covariate,2.310557982721008,2.431872970026461,2.8197446316043084
R33,61,"RTO observed, lognormal error 0.50",0.3017245118802975,0.2573116221862121,platt,5.583839836372633,5.01623377080309,6.483638136961645
R33,61,"RTO observed, lognormal error 0.50",0.3017245118802975,0.2573116221862121,covariate,2.5058644055925043,2.7773176031859492,2.8197446316043084
R33,62,reported generator,0.4529016793239881,0.36215444311345885,platt,4.660798243101738,5.5909978043782615,7.544641102493159
R33,62,reported generator,0.4529016793239881,0.36215444311345885,covariate,0.711837495287412,0.711837495287412,0.711837495287412
R33,62,RTO decoupled from degradation,0.14937869540569723,0.01155082330577039,platt,6.8153050537328,6.998251891803264,7.457722176836285
R33,62,RTO decoupled from degradation,0.14937869540569723,0.01155082330577039,covariate,0.6147142397094285,0.7841560341733214,0.7716914869853184
R33,62,"RTO observed, lognormal error 0.25",0.38578656282046686,0.3312331616340523,platt,5.964866843765179,6.197186392635402,7.544641102493159
R33,62,"RTO observed, lognormal error 0.25",0.38578656282046686,0.3312331616340523,covariate,0.8454364160398171,0.7980390462014597,0.711837495287412
R33,62,"RTO observed, lognormal error 0.50",0.3502686427612714,0.29090933438582117,platt,7.224790860088049,7.1415362654233405,7.544641102493159
R33,62,"RTO observed, lognormal error 0.50",0.3502686427612714,0.29090933438582117,covariate,0.7871325468775723,0.7871325468775723,0.711837495287412
R33,63,reported generator,0.4787484129238306,0.413756532802783,platt,6.720369391867024,8.0949567132091,9.274124568236545
R33,63,reported generator,0.4787484129238306,0.413756532802783,covariate,0.6762942028509542,0.6762942028509542,0.8195815079556326
R33,63,RTO decoupled from degradation,0.21793421181768075,0.09996069249352973,platt,8.712699204782794,7.897781351977713,9.149423458436857
R33,63,RTO decoupled from degradation,0.21793421181768075,0.09996069249352973,covariate,1.247979637723816,0.8538007343650662,0.9018630554199234
R33,63,"RTO observed, lognormal error 0.25",0.371055592546922,0.3335876650254452,platt,6.9370668278255465,7.765477639758203,9.274124568236545
R33,63,"RTO observed, lognormal error 0.25",0.371055592546922,0.3335876650254452,covariate,1.2973096442474628,0.8767949424059083,0.8195815079556326
R33,63,"RTO observed, lognormal error 0.50",0.3209979655791224,0.2869191239432511,platt,7.048534997764747,6.631337598348182,9.274124568236545
R33,63,"RTO observed, lognormal error 0.50",0.3209979655791224,0.2869191239432511,covariate,0.9273037763330478,0.9273037763330478,0.8195815079556326
R33,64,reported generator,0.48846246081924266,0.47876107186926176,platt,5.9013255143249665,7.582402814299456,10.933702669933012
R33,64,reported generator,0.48846246081924266,0.47876107186926176,covariate,0.6122311294349743,0.7553132630043109,0.7483475850740717
R33,64,RTO decoupled from degradation,0.1503049220270958,0.11495119867301884,platt,10.558633246429324,10.920689117093005,10.826809039849536
R33,64,RTO decoupled from degradation,0.1503049220270958,0.11495119867301884,covariate,0.6375940841159746,0.7667347303586638,0.789762713909596
R33,64,"RTO observed, lognormal error 0.25",0.4093691571813741,0.39660878355695744,platt,6.393599857510765,8.093322806878305,10.933702669933012
R33,64,"RTO observed, lognormal error 0.25",0.4093691571813741,0.39660878355695744,covariate,0.5870822891412786,0.7357721132370614,0.7483475850740717
R33,64,"RTO observed, lognormal error 0.50",0.3917654449411067,0.3790263625217409,platt,8.973075158542343,9.171212305081127,10.933702669933012
R33,64,"RTO observed, lognormal error 0.50",0.3917654449411067,0.3790263625217409,covariate,0.8789119831756977,0.8414012826125941,0.7483475850740717
R33,65,reported generator,0.5309083017322784,0.4573934097839545,platt,4.026511512676024,5.248740095312087,5.636125085362664
R33,65,reported generator,0.5309083017322784,0.4573934097839545,covariate,0.5328558728926822,0.6061191930842966,1.0972682256182793
R33,65,RTO decoupled from degradation,0.2164003762426891,0.0946145040870433,platt,6.900457771944545,5.978686857861149,5.651485189907817
R33,65,RTO decoupled from degradation,0.2164003762426891,0.0946145040870433,covariate,1.0347394111584833,1.1547261947150957,1.2678889231840031
R33,65,"RTO observed, lognormal error 0.25",0.43558222633478727,0.3613333079810884,platt,5.624269493072518,5.410743364689111,5.636125085362664
R33,65,"RTO observed, lognormal error 0.25",0.43558222633478727,0.3613333079810884,covariate,1.019383260770752,1.1295729185871153,1.0972682256182793
R33,65,"RTO observed, lognormal error 0.50",0.29285197081611825,0.26597039637372893,platt,5.8595172671403475,6.041096088772974,5.636125085362664
R33,65,"RTO observed, lognormal error 0.50",0.29285197081611825,0.26597039637372893,covariate,1.3512817885083024,1.5032627679118207,1.0972682256182793
R33,66,reported generator,0.37183891170364886,0.3094712944881604,platt,5.5048417424587655,6.6263115526337515,9.0332810181294
R33,66,reported generator,0.37183891170364886,0.3094712944881604,covariate,1.3817079509971109,0.9090153138199923,0.9505807801011485
R33,66,RTO decoupled from degradation,-0.03748396640218585,-0.1410917231113504,platt,8.216210475246712,7.947921270900196,8.918772978672166
R33,66,RTO decoupled from degradation,-0.03748396640218585,-0.1410917231113504,covariate,1.4429166600423287,1.148855699648351,1.1653264151858025
R33,66,"RTO observed, lognormal error 0.25",0.31495797413932686,0.248956293250723,platt,7.789604158590123,7.6948655615267825,9.0332810181294
R33,66,"RTO observed, lognormal error 0.25",0.31495797413932686,0.248956293250723,covariate,0.9914342034590504,0.9914342034590504,0.9505807801011485
R33,66,"RTO observed, lognormal error 0.50",0.2498001843910547,0.19693588537852044,platt,7.387417149548412,7.691756017216036,9.0332810181294
R33,66,"RTO observed, lognormal error 0.50",0.2498001843910547,0.19693588537852044,covariate,1.910907366135831,1.4838499957103295,0.9505807801011485
R33,67,reported generator,0.412926070345603,0.37998522399432955,platt,8.887541260028605,8.843832020405252,9.3446364996286
R33,67,reported generator,0.412926070345603,0.37998522399432955,covariate,1.5920801903732027,1.024191577234454,1.1425166570647107
R33,67,RTO decoupled from degradation,0.10155633760023601,0.04337849645460598,platt,10.615978018716817,9.467350784891735,9.099883002454646
R33,67,RTO decoupled from degradation,0.10155633760023601,0.04337849645460598,covariate,2.268469771008256,1.236895307079493,1.2754675081771794
R33,67,"RTO observed, lognormal error 0.25",0.26516270454429874,0.24624658719984027,platt,9.56442469478214,9.285159754791685,9.3446364996286
R33,67,"RTO observed, lognormal error 0.25",0.26516270454429874,0.24624658719984027,covariate,1.2694325659851344,1.1619360363793518,1.1425166570647107
R33,67,"RTO observed, lognormal error 0.50",0.1968294928769722,0.17964433378188716,platt,9.498791446074883,9.636985540203376,9.3446364996286
R33,67,"RTO observed, lognormal error 0.50",0.1968294928769722,0.17964433378188716,covariate,2.2168459399889926,1.2228510923428004,1.1425166570647107
R33,68,reported generator,0.5173994997361318,0.43590150186639004,platt,8.82662389953633,9.97462300936283,11.306482629432338
R33,68,reported generator,0.5173994997361318,0.43590150186639004,covariate,2.010766500122841,1.7738681093809276,2.0852182522451557
R33,68,RTO decoupled from degradation,0.26502382589820744,0.12184582232347246,platt,8.718844190631216,10.643476535975765,11.111594692653256
R33,68,RTO decoupled from degradation,0.26502382589820744,0.12184582232347246,covariate,2.0463093310176816,2.006732132895678,2.1726268997255147
R33,68,"RTO observed, lognormal error 0.25",0.4811005023985815,0.38783746003393427,platt,7.986901802341578,9.025506797675419,11.306482629432338
R33,68,"RTO observed, lognormal error 0.25",0.4811005023985815,0.38783746003393427,covariate,2.474598467900762,1.7540943861995686,2.0852182522451557
R33,68,"RTO observed, lognormal error 0.50",0.2613753782267676,0.17944353048127867,platt,8.868801949656586,9.229341041455896,11.306482629432338
R33,68,"RTO observed, lognormal error 0.50",0.2613753782267676,0.17944353048127867,covariate,2.7129884579283186,2.3630951691663,2.0852182522451557
R33,69,reported generator,0.37876174269948115,0.2912506915114721,platt,4.972429783229131,5.1411358753143475,5.458677101696708
R33,69,reported generator,0.37876174269948115,0.2912506915114721,covariate,0.8146950727543754,1.2691153709634193,0.9587187448892109
R33,69,RTO decoupled from degradation,0.05306641803160157,-0.06923222860805367,platt,7.373621013288329,4.802825360870557,5.440525576753288
R33,69,RTO decoupled from degradation,0.05306641803160157,-0.06923222860805367,covariate,1.2464844873539818,1.0232804581296193,1.0022897308142973
R33,69,"RTO observed, lognormal error 0.25",0.3044858040034591,0.26025471850612814,platt,4.865642453230436,4.926933875607901,5.458677101696708
R33,69,"RTO observed, lognormal error 0.25",0.3044858040034591,0.26025471850612814,covariate,1.0214842135434878,1.2740114298257197,0.9587187448892109
R33,69,"RTO observed, lognormal error 0.50",0.19835162905017095,0.15319727749660747,platt,7.17798048579408,5.455632736651808,5.458677101696708
R33,69,"RTO observed, lognormal error 0.50",0.19835162905017095,0.15319727749660747,covariate,1.3286178285414962,1.3021649566462798,0.9587187448892109
R33,70,reported generator,0.40497506530333127,0.36271501596901123,platt,6.354050228511454,7.200753597060313,8.629903577086765
R33,70,reported generator,0.40497506530333127,0.36271501596901123,covariate,1.270172912900236,1.598616633787337,1.6894060551730874
R33,70,RTO decoupled from degradation,0.07394806447459269,-0.013258382187663792,platt,9.91312164177841,8.509221624443647,8.404345184425544
R33,70,RTO decoupled from degradation,0.07394806447459269,-0.013258382187663792,covariate,1.7365462997111365,1.6057825355907411,1.7483134626793557
R33,70,"RTO observed, lognormal error 0.25",0.3324981389608855,0.2818674211839625,platt,7.399208477408081,8.249232609044412,8.629903577086765
R33,70,"RTO observed, lognormal error 0.25",0.3324981389608855,0.2818674211839625,covariate,1.8424754834325086,1.6251230916005852,1.6894060551730874
R33,70,"RTO observed, lognormal error 0.50",0.2848469242621691,0.2761158464390298,platt,5.542579830598058,6.500472930901992,8.629903577086765
R33,70,"RTO observed, lognormal error 0.50",0.2848469242621691,0.2761158464390298,covariate,1.668820098785453,1.8402360565630644,1.6894060551730874
R33,71,reported generator,0.38350600047015704,0.36143054816425924,platt,7.2336308168708,8.688966779648553,9.083958710369473
R33,71,reported generator,0.38350600047015704,0.36143054816425924,covariate,1.3528264955397447,1.2442274117481915,1.1513606676575279
R33,71,RTO decoupled from degradation,0.06168600351295183,0.007140341576789159,platt,8.831062879340912,9.332633388462618,8.903832862741119
R33,71,RTO decoupled from degradation,0.06168600351295183,0.007140341576789159,covariate,2.1018855785197488,1.4395610632871154,1.193844377117287
R33,71,"RTO observed, lognormal error 0.25",0.3593122010497319,0.3282932842647506,platt,8.172054192112824,7.597790910449163,9.083958710369473
R33,71,"RTO observed, lognormal error 0.25",0.3593122010497319,0.3282932842647506,covariate,1.7947645066496136,1.2321336720320772,1.1513606676575279
R33,71,"RTO observed, lognormal error 0.50",0.19809218258960518,0.18153519664899226,platt,8.152846050439734,9.544419080283348,9.083958710369473
R33,71,"RTO observed, lognormal error 0.50",0.19809218258960518,0.18153519664899226,covariate,3.7158041324571514,1.8776780214439839,1.1513606676575279
R33,72,reported generator,0.5010845148948236,0.4685240674108237,platt,8.845930011123016,10.813082677010286,10.817184688852763
R33,72,reported generator,0.5010845148948236,0.4685240674108237,covariate,0.8944076352470063,0.6805808934378206,1.4276899085376868
R33,72,RTO decoupled from degradation,0.2074183927113405,0.1394837398315005,platt,10.353778379868857,10.73077830434228,10.739183281398482
R33,72,RTO decoupled from degradation,0.2074183927113405,0.1394837398315005,covariate,1.4031719617711929,1.2908926847946987,1.5294012533121304
R33,72,"RTO observed, lognormal error 0.25",0.4387512869160755,0.39909455831032387,platt,9.492560007268622,10.485337385902483,10.817184688852763
R33,72,"RTO observed, lognormal error 0.25",0.4387512869160755,0.39909455831032387,covariate,1.4276072732813532,1.1574779511704776,1.4276899085376868
R33,72,"RTO observed, lognormal error 0.50",0.387742820583244,0.3744677195537502,platt,7.498535628682703,9.483375192879663,10.817184688852763
R33,72,"RTO observed, lognormal error 0.50",0.387742820583244,0.3744677195537502,covariate,0.9919773858769361,0.6379650221772835,1.4276899085376868
R33,73,reported generator,0.4034919238939327,0.3686291821298217,platt,6.853740235972452,6.165566038447537,6.031077758560258
R33,73,reported generator,0.4034919238939327,0.3686291821298217,covariate,1.9896635140274839,1.5577393630576637,1.5337863166034822
R33,73,RTO decoupled from degradation,0.12035617614192151,0.04888036953899422,platt,7.645931697361505,6.157283426052032,5.949693891584218
R33,73,RTO decoupled from degradation,0.12035617614192151,0.04888036953899422,covariate,1.9153526705758566,1.6251775717145733,1.6251775717145733
R33,73,"RTO observed, lognormal error 0.25",0.3459978221856597,0.3238913542101853,platt,5.542080497577217,5.250956217070467,6.031077758560258
R33,73,"RTO observed, lognormal error 0.25",0.3459978221856597,0.3238913542101853,covariate,1.9009325650269204,1.5337863166034822,1.5337863166034822
R33,73,"RTO observed, lognormal error 0.50",0.20539507164944137,0.2006072357129313,platt,8.713300423259014,6.662764265586247,6.031077758560258
R33,73,"RTO observed, lognormal error 0.50",0.20539507164944137,0.2006072357129313,covariate,2.0733958980970044,1.745527236407554,1.5337863166034822
R33,74,reported generator,0.49458832786100476,0.3853810571216573,platt,3.1219942902336157,4.519803187720029,4.772814886749785
R33,74,reported generator,0.49458832786100476,0.3853810571216573,covariate,0.719822358976586,1.19450691598513,1.3362039307519638
R33,74,RTO decoupled from degradation,0.14268254396567623,-0.03180270282948149,platt,3.653734699486506,4.396214832444244,4.77258958610588
R33,74,RTO decoupled from degradation,0.14268254396567623,-0.03180270282948149,covariate,0.7614384593294687,1.1737775799569903,1.5123876142671122
R33,74,"RTO observed, lognormal error 0.25",0.4665490500423109,0.3593630823419298,platt,3.1387768775810514,3.9587467925616266,4.772814886749785
R33,74,"RTO observed, lognormal error 0.25",0.4665490500423109,0.3593630823419298,covariate,1.0971315178536116,1.4242485355177763,1.3362039307519638
R33,74,"RTO observed, lognormal error 0.50",0.3765477624806892,0.2901417227172545,platt,3.5637219463289824,4.212806626720138,4.772814886749785
R33,74,"RTO observed, lognormal error 0.50",0.3765477624806892,0.2901417227172545,covariate,0.7862385167718458,1.1974191793059816,1.3362039307519638
R33,75,reported generator,0.44207405230079105,0.35262156868773675,platt,3.8044612047525135,6.289267022050183,6.776142979148148
R33,75,reported generator,0.44207405230079105,0.35262156868773675,covariate,0.7241239132324111,0.8542230546752236,0.8585435316020593
R33,75,RTO decoupled from degradation,0.16394159661006785,0.028806729154694045,platt,5.544533271041274,6.707670994154938,6.6643184221407665
R33,75,RTO decoupled from degradation,0.16394159661006785,0.028806729154694045,covariate,0.9380448104382424,0.8491455877332257,0.9057792763828445
R33,75,"RTO observed, lognormal error 0.25",0.36397869308382363,0.2773011668701684,platt,5.794253432130802,6.418106105661167,6.776142979148148
R33,75,"RTO observed, lognormal error 0.25",0.36397869308382363,0.2773011668701684,covariate,0.7584584782625114,0.9894114025492371,0.8585435316020593
R33,75,"RTO observed, lognormal error 0.50",0.20484741821179459,0.16140573717255746,platt,6.964806916142493,7.2017388206511725,6.776142979148148
R33,75,"RTO observed, lognormal error 0.50",0.20484741821179459,0.16140573717255746,covariate,1.2142268234372722,0.9966601160086412,0.8585435316020593
R33,76,reported generator,0.4691701018217469,0.4068356235892273,platt,4.66881838217823,6.023586852173068,6.984438386128758
R33,76,reported generator,0.4691701018217469,0.4068356235892273,covariate,0.6352306574257653,0.815600135540663,0.8058944530301346
R33,76,RTO decoupled from degradation,0.14512087044654548,0.07005088611979637,platt,7.711375366243544,7.9419529747612785,6.866979217997454
R33,76,RTO decoupled from degradation,0.14512087044654548,0.07005088611979637,covariate,1.219878831930913,0.9169846382914528,0.9428594053389929
R33,76,"RTO observed, lognormal error 0.25",0.3695016083069951,0.3293662841202326,platt,6.4061588052265535,6.980044223396092,6.984438386128758
R33,76,"RTO observed, lognormal error 0.25",0.3695016083069951,0.3293662841202326,covariate,1.006093337454999,1.006093337454999,0.8058944530301346
R33,76,"RTO observed, lognormal error 0.50",0.3040665992267563,0.26110665086389845,platt,6.5281353996196,6.575620880466815,6.984438386128758
R33,76,"RTO observed, lognormal error 0.50",0.3040665992267563,0.26110665086389845,covariate,0.8566562228625116,0.9925486640030954,0.8058944530301346
R33,77,reported generator,0.4507944950379482,0.41611397324289373,platt,4.8707580133485635,5.035410949644017,6.583282916606464
R33,77,reported generator,0.4507944950379482,0.41611397324289373,covariate,1.0500333143511824,0.8303696605871664,1.1635432924116458
R33,77,RTO decoupled from degradation,0.17082172958759154,0.10174146930956182,platt,7.265273455029771,7.006483208745109,6.602829493582561
R33,77,RTO decoupled from degradation,0.17082172958759154,0.10174146930956182,covariate,1.0133032623241292,1.2398369939547536,1.2358888608034277
R33,77,"RTO observed, lognormal error 0.25",0.35395995404206265,0.3418511528482204,platt,4.535473113067042,5.205683982168139,6.583282916606464
R33,77,"RTO observed, lognormal error 0.25",0.35395995404206265,0.3418511528482204,covariate,0.9703002405162664,0.9831675181973765,1.1635432924116458
R33,77,"RTO observed, lognormal error 0.50",0.3354257471212019,0.2772815787928931,platt,5.660351082913678,6.583642629340375,6.583282916606464
R33,77,"RTO observed, lognormal error 0.50",0.3354257471212019,0.2772815787928931,covariate,0.9030231874537549,0.8512844502047301,1.1635432924116458
R33,78,reported generator,0.5149819129616797,0.43613822009009534,platt,6.082186918812255,8.157051927084524,9.656597469751091
R33,78,reported generator,0.5149819129616797,0.43613822009009534,covariate,0.6589329431922977,1.5251098853833156,1.4824973144277749
R33,78,RTO decoupled from degradation,0.17037534351546482,0.05492553929878562,platt,9.127653904686554,9.865947789508596,9.42962836628385
R33,78,RTO decoupled from degradation,0.17037534351546482,0.05492553929878562,covariate,1.682378354806417,1.6258021468769641,1.5894181188099878
R33,78,"RTO observed, lognormal error 0.25",0.495818862430165,0.41488075625734455,platt,5.417986339595615,7.935296960347927,9.656597469751091
R33,78,"RTO observed, lognormal error 0.25",0.495818862430165,0.41488075625734455,covariate,1.1313950045801562,1.41083666746988,1.4824973144277749
R33,78,"RTO observed, lognormal error 0.50",0.2918280486206468,0.2754527033442487,platt,7.446525509515141,9.15742550315747,9.656597469751091
R33,78,"RTO observed, lognormal error 0.50",0.2918280486206468,0.2754527033442487,covariate,2.0798903477348603,2.125748284231662,1.4824973144277749
R33,79,reported generator,0.4587526490797058,0.3815683490376365,platt,7.104759858877415,7.061278961532196,6.743998948966208
R33,79,reported generator,0.4587526490797058,0.3815683490376365,covariate,0.8131198642499555,0.6838118993603075,0.6611102600026584
R33,79,RTO decoupled from degradation,0.14457810200169113,0.013065473687896343,platt,7.943199894689414,7.650451644014623,6.787525822939756
R33,79,RTO decoupled from degradation,0.14457810200169113,0.013065473687896343,covariate,0.9573472814588229,0.7459263761406447,0.7992713995721914
R33,79,"RTO observed, lognormal error 0.25",0.4355537074560364,0.337196303471817,platt,7.041736341892886,6.251706072945126,6.743998948966208
R33,79,"RTO observed, lognormal error 0.25",0.4355537074560364,0.337196303471817,covariate,0.9484175806231718,0.8008536427191757,0.6611102600026584
R33,79,"RTO observed, lognormal error 0.50",0.318365657049087,0.259736695861987,platt,6.523887142305938,6.714414767233237,6.743998948966208
R33,79,"RTO observed, lognormal error 0.50",0.318365657049087,0.259736695861987,covariate,1.151472270412114,0.9463366932721584,0.6611102600026584
R33,80,reported generator,0.4717655213036448,0.42188236166321197,platt,4.667999935923099,6.812374290262831,7.901332429300332
R33,80,reported generator,0.4717655213036448,0.42188236166321197,covariate,1.2161121195499476,1.0243197404793207,1.4688677021000203
R33,80,RTO decoupled from degradation,0.13827574082368335,0.04740583051888631,platt,7.83371782449133,7.568977924556478,7.742001168087953
R33,80,RTO decoupled from degradation,0.13827574082368335,0.04740583051888631,covariate,1.872723810502734,1.4604764142972186,1.4960816780467212
R33,80,"RTO observed, lognormal error 0.25",0.33187802834074887,0.3178642588365624,platt,6.5753404622076275,6.875380250892071,7.901332429300332
R33,80,"RTO observed, lognormal error 0.25",0.33187802834074887,0.3178642588365624,covariate,1.4069234129881778,1.1085475488545242,1.4688677021000203
R33,80,"RTO observed, lognormal error 0.50",0.252806420932168,0.24708544671453828,platt,6.989739634188005,6.9523972122859234,7.901332429300332
R33,80,"RTO observed, lognormal error 0.50",0.252806420932168,0.24708544671453828,covariate,1.839626159284471,1.3488544898531174,1.4688677021000203
R33,81,reported generator,0.48040783953180227,0.4480289428137464,platt,5.261097907956639,6.8424855816066525,8.405243824946865
R33,81,reported generator,0.48040783953180227,0.4480289428137464,covariate,0.6630686813766005,0.7005197915842984,0.6782007195872239
R33,81,RTO decoupled from degradation,0.09505533203170533,0.027454691512537637,platt,7.708206064459986,8.841947472588288,8.261969577015606
R33,81,RTO decoupled from degradation,0.09505533203170533,0.027454691512537637,covariate,0.8304247762106343,0.8304247762106343,0.8119214166415247
R33,81,"RTO observed, lognormal error 0.25",0.4279007268512112,0.38746730897663256,platt,6.099595887975255,6.692823135626867,8.405243824946865
R33,81,"RTO observed, lognormal error 0.25",0.4279007268512112,0.38746730897663256,covariate,0.7005197915842984,0.7005197915842984,0.6782007195872239
R33,81,"RTO observed, lognormal error 0.50",0.3058324814820715,0.2785997122313691,platt,5.728955918929017,7.577157330288401,8.405243824946865
R33,81,"RTO observed, lognormal error 0.50",0.3058324814820715,0.2785997122313691,covariate,1.2111032185461568,0.7118430677869867,0.6782007195872239
R33,82,reported generator,0.5417102847826375,0.48389986327461193,platt,5.334732012036355,6.294913200809248,7.8072488457545575
R33,82,reported generator,0.5417102847826375,0.48389986327461193,covariate,0.4150202347735217,1.0871688468117497,0.6364520656233879
R33,82,RTO decoupled from degradation,0.22981340186345586,0.14291514966857738,platt,6.205114990222725,6.763252208217921,7.7362520266729575
R33,82,RTO decoupled from degradation,0.22981340186345586,0.14291514966857738,covariate,1.4183424161462028,1.6260823233208157,0.7143180526842059
R33,82,"RTO observed, lognormal error 0.25",0.43803932843979454,0.3900921162570839,platt,5.496618561075991,7.356413794505187,7.8072488457545575
R33,82,"RTO observed, lognormal error 0.25",0.43803932843979454,0.3900921162570839,covariate,1.0860436850090593,1.088815703814305,0.6364520656233879
R33,82,"RTO observed, lognormal error 0.50",0.3798788944633445,0.3680323377217557,platt,5.342510107764838,5.961582439315407,7.8072488457545575
R33,82,"RTO observed, lognormal error 0.50",0.3798788944633445,0.3680323377217557,covariate,1.2462249802840972,0.9822649656901774,0.6364520656233879
R33,83,reported generator,0.4713002885637476,0.36453572109134225,platt,4.2666725532365035,4.567344027888737,5.293536873165564
R33,83,reported generator,0.4713002885637476,0.36453572109134225,covariate,0.47058428664118424,0.47058428664118424,0.48750808020088243
R33,83,RTO decoupled from degradation,0.14623593281223787,0.006923594888347887,platt,5.936930717874901,5.952429670871325,5.14391026447322
R33,83,RTO decoupled from degradation,0.14623593281223787,0.006923594888347887,covariate,0.5029104052865705,0.5029104052865705,0.5380086105565454
R33,83,"RTO observed, lognormal error 0.25",0.3797105482779241,0.28361421837832074,platt,4.925134196732358,4.029557135554654,5.293536873165564
R33,83,"RTO observed, lognormal error 0.25",0.3797105482779241,0.28361421837832074,covariate,0.6276863122643022,0.6276863122643022,0.48750808020088243
R33,83,"RTO observed, lognormal error 0.50",0.30193608456995324,0.29813179326853523,platt,4.639925500932193,4.725454843009857,5.293536873165564
R33,83,"RTO observed, lognormal error 0.50",0.30193608456995324,0.29813179326853523,covariate,0.7952042037211413,0.8945175596640809,0.48750808020088243
R33,84,reported generator,0.4529305447660982,0.38803641764489644,platt,6.660010340678767,7.77696910082399,8.891634735992284
R33,84,reported generator,0.4529305447660982,0.38803641764489644,covariate,1.7404162815441708,1.3368041849440289,1.3403767111310572
R33,84,RTO decoupled from degradation,0.11569899491001694,0.015392934845125652,platt,8.927182380049402,8.173661387213073,8.760593107938348
R33,84,RTO decoupled from degradation,0.11569899491001694,0.015392934845125652,covariate,1.6544573289854583,1.8122882335147068,1.4112687192873352
R33,84,"RTO observed, lognormal error 0.25",0.3195414681596922,0.2684368949354212,platt,7.626734057723752,6.9448391529058,8.891634735992284
R33,84,"RTO observed, lognormal error 0.25",0.3195414681596922,0.2684368949354212,covariate,1.4644157878007888,1.5858369458083672,1.3403767111310572
R33,84,"RTO observed, lognormal error 0.50",0.34327631352337035,0.2831896006881586,platt,8.846055471959161,6.981186712504524,8.891634735992284
R33,84,"RTO observed, lognormal error 0.50",0.34327631352337035,0.2831896006881586,covariate,2.1672624324437066,2.4851072636101463,1.3403767111310572
R33,85,reported generator,0.43368331518194747,0.3193579979090351,platt,6.6928125913887655,6.981705781011904,9.471046551372474
R33,85,reported generator,0.43368331518194747,0.3193579979090351,covariate,1.3823684107499048,1.4661110115852907,1.4661110115852907
R33,85,RTO decoupled from degradation,0.14493237523706334,-0.014360044863872235,platt,7.8461513558327525,8.496237382994302,9.308455264944435
R33,85,RTO decoupled from degradation,0.14493237523706334,-0.014360044863872235,covariate,1.4192491657521984,1.5453962519475866,1.569670996461518
R33,85,"RTO observed, lognormal error 0.25",0.3770646781516693,0.2991902389649285,platt,6.429391116597067,7.932548833419894,9.471046551372474
R33,85,"RTO observed, lognormal error 0.25",0.3770646781516693,0.2991902389649285,covariate,1.1281343420564909,1.2118741981607997,1.4661110115852907
R33,85,"RTO observed, lognormal error 0.50",0.29694732337290175,0.22128272976488986,platt,6.316639578552717,7.418711954352027,9.471046551372474
R33,85,"RTO observed, lognormal error 0.50",0.29694732337290175,0.22128272976488986,covariate,1.4648656248846024,1.6390517389154269,1.4661110115852907
R33,86,reported generator,0.5128250469035269,0.47503264185315935,platt,4.285803778270207,7.376731642962028,8.806599455801148
R33,86,reported generator,0.5128250469035269,0.47503264185315935,covariate,0.6982878420334657,0.6982878420334657,0.6742057019693561
R33,86,RTO decoupled from degradation,0.22063339029083634,0.1370078373466685,platt,7.165314739910784,7.437741007485997,8.727415182610343
R33,86,RTO decoupled from degradation,0.22063339029083634,0.1370078373466685,covariate,0.8184044991322139,0.8670818167227168,0.8349509641760591
R33,86,"RTO observed, lognormal error 0.25",0.4428618876137706,0.40453660283628146,platt,5.629176086168741,7.005269349761974,8.806599455801148
R33,86,"RTO observed, lognormal error 0.25",0.4428618876137706,0.40453660283628146,covariate,0.9036580834580263,0.9036580834580263,0.6742057019693561
R33,86,"RTO observed, lognormal error 0.50",0.32825379749899236,0.3162388691797071,platt,7.022112837829354,7.1820953968926915,8.806599455801148
R33,86,"RTO observed, lognormal error 0.50",0.32825379749899236,0.3162388691797071,covariate,1.09781196297439,1.10360123981701,0.6742057019693561
R33,87,reported generator,0.42161101056262745,0.3388391805965307,platt,8.011838490742718,8.031581066417402,9.982883497418044
R33,87,reported generator,0.42161101056262745,0.3388391805965307,covariate,0.8161686697732051,0.5441331860930347,1.0114666643450079
R33,87,RTO decoupled from degradation,0.059999380784695265,-0.050892402601688744,platt,9.957152637907882,9.625871888914588,9.730105336578418
R33,87,RTO decoupled from degradation,0.059999380784695265,-0.050892402601688744,covariate,1.1503349878375104,0.9607224658021565,1.0234243969021009
R33,87,"RTO observed, lognormal error 0.25",0.35283948109927116,0.2745858194787984,platt,9.08183021535659,9.609722551377388,9.982883497418044
R33,87,"RTO observed, lognormal error 0.25",0.35283948109927116,0.2745858194787984,covariate,0.58962844409794,0.6122510902433476,1.0114666643450079
R33,87,"RTO observed, lognormal error 0.50",0.3061314199335504,0.27824385188837797,platt,9.676011496357148,8.669966990122717,9.982883497418044
R33,87,"RTO observed, lognormal error 0.50",0.3061314199335504,0.27824385188837797,covariate,0.9751479392405002,0.8386580568624069,1.0114666643450079
R33,88,reported generator,0.5078570379788285,0.44239002850814607,platt,3.61142764782295,4.1281289194201065,6.07811342826507
R33,88,reported generator,0.5078570379788285,0.44239002850814607,covariate,0.9654284415304346,0.8094692868768476,0.8711384919629097
R33,88,RTO decoupled from degradation,0.13819361634085817,0.021812631818276536,platt,6.4004230015126495,6.549574406821904,6.109893298627426
R33,88,RTO decoupled from degradation,0.13819361634085817,0.021812631818276536,covariate,1.3551018816894356,1.1487018418169441,0.9852539294383575
R33,88,"RTO observed, lognormal error 0.25",0.3651290714130485,0.32573906980288897,platt,5.363808244521465,5.635371155081899,6.07811342826507
R33,88,"RTO observed, lognormal error 0.25",0.3651290714130485,0.32573906980288897,covariate,1.8472451656617181,1.1401852957905874,0.8711384919629097
R33,88,"RTO observed, lognormal error 0.50",0.22129119903122416,0.19673042453588863,platt,5.036702166224202,5.367324709652934,6.07811342826507
R33,88,"RTO observed, lognormal error 0.50",0.22129119903122416,0.19673042453588863,covariate,1.4266119276204847,1.3283470151298076,0.8711384919629097
R33,89,reported generator,0.4601840525626536,0.43602436413031787,platt,4.557088169697465,5.493475188152985,7.152734901804706
R33,89,reported generator,0.4601840525626536,0.43602436413031787,covariate,0.9112048230829259,1.0838983285476473,1.1809514602635716
R33,89,RTO decoupled from degradation,0.12778985175840163,0.05679892044270678,platt,6.781461658548153,5.9821409914409145,7.14218730326111
R33,89,RTO decoupled from degradation,0.12778985175840163,0.05679892044270678,covariate,1.3818428583779223,1.2093923424797879,1.3254244495185432
R33,89,"RTO observed, lognormal error 0.25",0.3734600139684971,0.35873476239804714,platt,6.079354713909311,6.1585983098986645,7.152734901804706
R33,89,"RTO observed, lognormal error 0.25",0.3734600139684971,0.35873476239804714,covariate,1.1450234695132693,1.1743378745999848,1.1809514602635716
R33,89,"RTO observed, lognormal error 0.50",0.3464676544001095,0.3168299838105608,platt,6.2205202263028525,6.436053736718023,7.152734901804706
R33,89,"RTO observed, lognormal error 0.50",0.3464676544001095,0.3168299838105608,covariate,1.3281176851482712,1.4016574216462487,1.1809514602635716
R33,90,reported generator,0.38136800437935553,0.3634682119957825,platt,3.7581632302261028,4.489425411462889,5.17347623887602
R33,90,reported generator,0.38136800437935553,0.3634682119957825,covariate,1.1110502961574156,0.5064118455102857,0.4885434884450177
R33,90,RTO decoupled from degradation,0.06287526515740612,0.01506937255558594,platt,4.918953904445374,4.874104562685517,5.122760821555431
R33,90,RTO decoupled from degradation,0.06287526515740612,0.01506937255558594,covariate,1.2030806406563102,0.6038007326592805,0.5496114647224886
R33,90,"RTO observed, lognormal error 0.25",0.32986869023045307,0.3242304292050729,platt,4.929482701697211,5.088403605965041,5.17347623887602
R33,90,"RTO observed, lognormal error 0.25",0.32986869023045307,0.3242304292050729,covariate,1.2316104470139635,0.7550496873360686,0.4885434884450177
R33,90,"RTO observed, lognormal error 0.50",0.17284963349842336,0.2070180063460201,platt,5.877019432019097,5.292177403072046,5.17347623887602
R33,90,"RTO observed, lognormal error 0.50",0.17284963349842336,0.2070180063460201,covariate,1.8778331590538926,1.4156880417139632,0.4885434884450177
R33,91,reported generator,0.42864234872616547,0.37374950932983236,platt,7.202518411978886,7.280527890774948,7.767924471504557
R33,91,reported generator,0.42864234872616547,0.37374950932983236,covariate,1.364623155094506,1.2612024638953585,1.3651112402307604
R33,91,RTO decoupled from degradation,0.07661344988670489,-0.030653816779628463,platt,7.661785775359746,8.076933013428032,7.688770932039645
R33,91,RTO decoupled from degradation,0.07661344988670489,-0.030653816779628463,covariate,1.4569731378380197,1.360443603343441,1.4757980889219624
R33,91,"RTO observed, lognormal error 0.25",0.32412662028149375,0.2700572054954382,platt,6.016295253546318,7.46202454467938,7.767924471504557
R33,91,"RTO observed, lognormal error 0.25",0.32412662028149375,0.2700572054954382,covariate,1.4936641548126772,1.371713043156106,1.3651112402307604
R33,91,"RTO observed, lognormal error 0.50",0.14339219106803439,0.12920830121781793,platt,8.644597916918286,8.321917914849337,7.767924471504557
R33,91,"RTO observed, lognormal error 0.50",0.14339219106803439,0.12920830121781793,covariate,2.160642720670495,1.7570364084462966,1.3651112402307604
R18,42,reported generator,0.41526842137087344,0.3867479247971127,platt,7.249994261673944,8.519561164696679,9.287456512082215
R18,42,reported generator,0.41526842137087344,0.3867479247971127,covariate,5.178611987501366,3.3529119213693974,3.4524930099213194
R18,42,RTO decoupled from degradation,0.15977571157088383,0.08837032965237321,platt,8.92826969395448,8.715672223751188,9.093061382526567
R18,42,RTO decoupled from degradation,0.15977571157088383,0.08837032965237321,covariate,4.555146137463847,3.8125066921457496,3.450332190666103
R18,42,"RTO observed, lognormal error 0.25",0.34046310071020885,0.3190002164249066,platt,7.4670121978090265,8.909880964785614,9.287456512082215
R18,42,"RTO observed, lognormal error 0.25",0.34046310071020885,0.3190002164249066,covariate,3.7884277518956964,3.4524930099213194,3.4524930099213194
R18,42,"RTO observed, lognormal error 0.50",0.22104179224026538,0.19049107510605767,platt,9.040286812994715,9.299131205882517,9.287456512082215
R18,42,"RTO observed, lognormal error 0.50",0.22104179224026538,0.19049107510605767,covariate,4.639771957251838,3.52075189231347,3.4524930099213194
R18,43,reported generator,0.45122875492049275,0.3311421303044258,platt,6.624783217944795,8.671812717861116,9.327623863774235
R18,43,reported generator,0.45122875492049275,0.3311421303044258,covariate,2.752914765327077,2.7732772889967308,2.7732772889967308
R18,43,RTO decoupled from degradation,0.19574861169456775,0.022919111748871495,platt,8.603868195545282,8.407504581146043,9.062397045162037
R18,43,RTO decoupled from degradation,0.19574861169456775,0.022919111748871495,covariate,3.482293143288544,2.672748328363568,2.672748328363568
R18,43,"RTO observed, lognormal error 0.25",0.40067021159871835,0.33043553956551913,platt,8.00479891871803,9.257448969361505,9.327623863774235
R18,43,"RTO observed, lognormal error 0.25",0.40067021159871835,0.33043553956551913,covariate,2.169813391784679,2.5830680695935015,2.7732772889967308
R18,43,"RTO observed, lognormal error 0.50",0.2621353738526302,0.20141705574642485,platt,7.911105017629943,9.181193331305963,9.327623863774235
R18,43,"RTO observed, lognormal error 0.50",0.2621353738526302,0.20141705574642485,covariate,3.53151714150993,2.3999788231109846,2.7732772889967308
R18,44,reported generator,0.40794199135094145,0.3744304452011463,platt,8.756533522259573,9.353548569418166,9.353548569418166
R18,44,reported generator,0.40794199135094145,0.3744304452011463,covariate,2.0112898953049125,2.4261387583780376,2.416175687290192
R18,44,RTO decoupled from degradation,0.0876279221940894,0.006419463779577695,platt,9.539730759784803,10.187450992966625,9.173509043973311
R18,44,RTO decoupled from degradation,0.0876279221940894,0.006419463779577695,covariate,2.771458446639329,2.0821460699454377,2.510489483766925
R18,44,"RTO observed, lognormal error 0.25",0.3420585010476752,0.31549549227226076,platt,8.56966094478205,8.5673002900281,9.353548569418166
R18,44,"RTO observed, lognormal error 0.25",0.3420585010476752,0.31549549227226076,covariate,1.8540787556322655,2.242391602507219,2.416175687290192
R18,44,"RTO observed, lognormal error 0.50",0.25139251503573296,0.22084982318760324,platt,7.828364961186921,8.861586541935651,9.353548569418166
R18,44,"RTO observed, lognormal error 0.50",0.25139251503573296,0.22084982318760324,covariate,2.175716181499382,2.5453745783542985,2.416175687290192
R18,45,reported generator,0.38288238070311303,0.2970321230685721,platt,6.988056909352917,8.665994953741222,9.70281746266122
R18,45,reported generator,0.38288238070311303,0.2970321230685721,covariate,3.188698926059093,4.78960093609977,4.78960093609977
R18,45,RTO decoupled from degradation,0.12843224640538364,-0.014878237439152961,platt,8.67386523711263,9.34784877117034,9.363573115320577
R18,45,RTO decoupled from degradation,0.12843224640538364,-0.014878237439152961,covariate,3.909080341099653,3.857041847071706,4.642085863653669
R18,45,"RTO observed, lognormal error 0.25",0.2708444824211501,0.21215500916000563,platt,7.972484440326394,8.43319156529913,9.70281746266122
R18,45,"RTO observed, lognormal error 0.25",0.2708444824211501,0.21215500916000563,covariate,4.660906278858089,4.685403876095538,4.78960093609977
R18,45,"RTO observed, lognormal error 0.50",0.21325331050300775,0.14695603873784654,platt,9.506557611635134,9.019450804023105,9.70281746266122
R18,45,"RTO observed, lognormal error 0.50",0.21325331050300775,0.14695603873784654,covariate,4.71920067619293,4.9664707227867915,4.78960093609977
R18,46,reported generator,0.4905458890637028,0.4659807574498532,platt,9.114754808588401,9.820640254713936,10.840071197118156
R18,46,reported generator,0.4905458890637028,0.4659807574498532,covariate,2.4003894512338064,2.1632679322881003,1.9110448469418273
R18,46,RTO decoupled from degradation,0.24242693770369236,0.1674905256484288,platt,10.019782848719515,10.3488348214537,10.66654922904845
R18,46,RTO decoupled from degradation,0.24242693770369236,0.1674905256484288,covariate,2.2373997323946213,2.2050349209803954,1.955340754273493
R18,46,"RTO observed, lognormal error 0.25",0.396970733403425,0.4118615569525677,platt,9.171445631691526,9.795807184090549,10.840071197118156
R18,46,"RTO observed, lognormal error 0.25",0.396970733403425,0.4118615569525677,covariate,2.065020305739978,2.1632679322881003,1.9110448469418273
R18,46,"RTO observed, lognormal error 0.50",0.2503662264394273,0.24727121773387845,platt,9.592169819587085,10.073962562273138,10.840071197118156
R18,46,"RTO observed, lognormal error 0.50",0.2503662264394273,0.24727121773387845,covariate,2.706780698479861,2.47096922705186,1.9110448469418273
R18,47,reported generator,0.36283681808972834,0.30712887934655814,platt,7.969425006000385,9.330140397727916,10.359286384261168
R18,47,reported generator,0.36283681808972834,0.30712887934655814,covariate,3.141761301721502,2.370562269444335,2.513057419797377
R18,47,RTO decoupled from degradation,0.08631087141766736,-0.010689035009279303,platt,9.93312286107529,10.556084220535432,10.090708238022678
R18,47,RTO decoupled from degradation,0.08631087141766736,-0.010689035009279303,covariate,3.6560558348860255,2.8393471626642466,2.4634084641465464
R18,47,"RTO observed, lognormal error 0.25",0.32843301799366637,0.2746114679123823,platt,8.989418183830168,10.359286384261168,10.359286384261168
R18,47,"RTO observed, lognormal error 0.25",0.32843301799366637,0.2746114679123823,covariate,3.0030287430365235,2.3070599141525747,2.513057419797377
R18,47,"RTO observed, lognormal error 0.50",0.269798639490675,0.2748636815125768,platt,9.11784602971855,10.48828187056806,10.359286384261168
R18,47,"RTO observed, lognormal error 0.50",0.269798639490675,0.2748636815125768,covariate,3.1650260168995814,2.6066193070391463,2.513057419797377
R18,48,reported generator,0.4186735188442361,0.41938354035106834,platt,8.695113470272489,8.94050448484375,10.083643826922795
R18,48,reported generator,0.4186735188442361,0.41938354035106834,covariate,4.973295532283458,5.263629151877481,5.711290050218935
R18,48,RTO decoupled from degradation,0.17782769048685332,0.14282185331246683,platt,10.435149924265922,9.306847424734066,9.821278765863823
R18,48,RTO decoupled from degradation,0.17782769048685332,0.14282185331246683,covariate,4.496293864608738,4.756981717589419,5.662965107368372
R18,48,"RTO observed, lognormal error 0.25",0.3289078746411777,0.334562354416853,platt,9.711342181841758,9.254521122586809,10.083643826922795
R18,48,"RTO observed, lognormal error 0.25",0.3289078746411777,0.334562354416853,covariate,3.9655857410223803,4.164464178066559,5.711290050218935
R18,48,"RTO observed, lognormal error 0.50",0.23108553225084477,0.24907831171173533,platt,12.236041352506405,9.971262419919242,10.083643826922795
R18,48,"RTO observed, lognormal error 0.50",0.23108553225084477,0.24907831171173533,covariate,4.641941646145327,4.987350318101576,5.711290050218935
R18,49,reported generator,0.4339090643882562,0.39906321828925106,platt,7.057070175637911,7.712596616364742,7.341696119925807
R18,49,reported generator,0.4339090643882562,0.39906321828925106,covariate,4.285255681973958,4.600130555658389,5.247162035552016
R18,49,RTO decoupled from degradation,0.21730932341892625,0.10827302720635346,platt,8.858412186670009,7.567932651626208,7.214733379517334
R18,49,RTO decoupled from degradation,0.21730932341892625,0.10827302720635346,covariate,5.014029668949945,5.158552834823475,5.181791119652239
R18,49,"RTO observed, lognormal error 0.25",0.35828774455185597,0.32751663614320725,platt,8.24400816146968,7.183355900084074,7.341696119925807
R18,49,"RTO observed, lognormal error 0.25",0.35828774455185597,0.32751663614320725,covariate,4.970701723833166,4.925219421154097,5.247162035552016
R18,49,"RTO observed, lognormal error 0.50",0.23375894333437866,0.22266315195475678,platt,7.4110992325253235,8.001325421164047,7.341696119925807
R18,49,"RTO observed, lognormal error 0.50",0.23375894333437866,0.22266315195475678,covariate,5.196584256903272,5.022438778930756,5.247162035552016
R18,50,reported generator,0.3774807394856594,0.3179063052707534,platt,9.7443561640316,11.14609084698089,10.600158495110001
R18,50,reported generator,0.3774807394856594,0.3179063052707534,covariate,4.372226721733227,4.395202039122978,4.734479886383667
R18,50,RTO decoupled from degradation,0.11604873128514243,-0.006023271114080883,platt,11.357812815526028,10.952068283224936,10.322915931351158
R18,50,RTO decoupled from degradation,0.11604873128514243,-0.006023271114080883,covariate,4.5169847195361434,4.263299660621993,4.616542275514913
R18,50,"RTO observed, lognormal error 0.25",0.3750602184426992,0.3176910784512546,platt,9.931264977922169,10.859026725701241,10.600158495110001
R18,50,"RTO observed, lognormal error 0.25",0.3750602184426992,0.3176910784512546,covariate,4.030563549142521,3.878030334001963,4.734479886383667
R18,50,"RTO observed, lognormal error 0.50",0.24570579597498485,0.23757899297842294,platt,10.19494534168986,10.595731729060276,10.600158495110001
R18,50,"RTO observed, lognormal error 0.50",0.24570579597498485,0.23757899297842294,covariate,3.7640004268477725,3.811932588138177,4.734479886383667
R18,51,reported generator,0.43340751578126135,0.40454405168753527,platt,6.915877677367245,7.260261105073486,8.272836226492277
R18,51,reported generator,0.43340751578126135,0.40454405168753527,covariate,0.6848969835489989,1.0129595290601863,1.2331479980126723
R18,51,RTO decoupled from degradation,0.19564859941005316,0.11880684006394238,platt,8.359939554499995,7.501393406828534,8.01281919973124
R18,51,RTO decoupled from degradation,0.19564859941005316,0.11880684006394238,covariate,1.1255325702085415,1.0181446760680828,1.1725764865247683
R18,51,"RTO observed, lognormal error 0.25",0.3476801596719869,0.3459017146942229,platt,7.890427778282859,7.271675912830002,8.272836226492277
R18,51,"RTO observed, lognormal error 0.25",0.3476801596719869,0.3459017146942229,covariate,0.8592099601053782,1.1803364091586594,1.2331479980126723
R18,51,"RTO observed, lognormal error 0.50",0.20903436116297555,0.23686974945800754,platt,8.587976018721687,8.28176006918984,8.272836226492277
R18,51,"RTO observed, lognormal error 0.50",0.20903436116297555,0.23686974945800754,covariate,1.9420869547808444,1.2645647318343585,1.2331479980126723
R18,52,reported generator,0.41350287583875633,0.3222827039983295,platt,6.781241767920548,7.755135931064693,8.06699154307261
R18,52,reported generator,0.41350287583875633,0.3222827039983295,covariate,2.08254750501942,2.364050346208483,2.5835717433295997
R18,52,RTO decoupled from degradation,0.11781425319838966,-0.0360444101339537,platt,8.188617479853114,7.586625148147341,7.853511189000834
R18,52,RTO decoupled from degradation,0.11781425319838966,-0.0360444101339537,covariate,2.8094566485960826,2.625745261865255,2.5094417052148685
R18,52,"RTO observed, lognormal error 0.25",0.32880668754663356,0.3025079373245153,platt,8.642427252129494,7.7649264302240795,8.06699154307261
R18,52,"RTO observed, lognormal error 0.25",0.32880668754663356,0.3025079373245153,covariate,2.4025907032196407,2.7475545827232715,2.5835717433295997
R18,52,"RTO observed, lognormal error 0.50",0.161375231050663,0.13322268475441781,platt,9.141595763934895,8.000476186797187,8.06699154307261
R18,52,"RTO observed, lognormal error 0.50",0.161375231050663,0.13322268475441781,covariate,2.9092044136847193,2.775278144840602,2.5835717433295997
R18,53,reported generator,0.39194628049096075,0.2976278631174974,platt,8.467211044744275,11.995972280855035,11.995972280855035
R18,53,reported generator,0.39194628049096075,0.2976278631174974,covariate,2.272791723099772,4.339800000836135,4.9236333892472
R18,53,RTO decoupled from degradation,0.10006487493888283,-0.027317728875490364,platt,12.989159323445378,12.60180000425121,11.68089551691233
R18,53,RTO decoupled from degradation,0.10006487493888283,-0.027317728875490364,covariate,4.346471027364501,5.015235640592678,4.762054144126836
R18,53,"RTO observed, lognormal error 0.25",0.34267503286604856,0.26348937140318673,platt,9.495681103640337,11.123729070911693,11.995972280855035
R18,53,"RTO observed, lognormal error 0.25",0.34267503286604856,0.26348937140318673,covariate,3.4893659885342316,3.9468567020527487,4.9236333892472
R18,53,"RTO observed, lognormal error 0.50",0.2542608524085883,0.20234011807476962,platt,10.204050567085162,11.364721339266822,11.995972280855035
R18,53,"RTO observed, lognormal error 0.50",0.2542608524085883,0.20234011807476962,covariate,4.6454559600146865,4.746582780480708,4.9236333892472
R18,54,reported generator,0.4040908324141365,0.3695899676799109,platt,10.989980496062564,9.27180846517296,10.323751264652735
R18,54,reported generator,0.4040908324141365,0.3695899676799109,covariate,1.5466719491985472,2.3587856437348123,2.401697724565693
R18,54,RTO decoupled from degradation,0.09556774870499934,0.01183062670657108,platt,11.659152546720442,9.551424765152923,9.972291956262957
R18,54,RTO decoupled from degradation,0.09556774870499934,0.01183062670657108,covariate,1.9782705868765618,2.555742746600906,2.3347006198116205
R18,54,"RTO observed, lognormal error 0.25",0.38066858935739917,0.3235554736787945,platt,8.928736713149817,9.27180846517296,10.323751264652735
R18,54,"RTO observed, lognormal error 0.25",0.38066858935739917,0.3235554736787945,covariate,1.5073864741729892,2.123128557359493,2.401697724565693
R18,54,"RTO observed, lognormal error 0.50",0.24172874410300674,0.22986331155587622,platt,12.478688647608912,9.767757885950438,10.323751264652735
R18,54,"RTO observed, lognormal error 0.50",0.24172874410300674,0.22986331155587622,covariate,2.2600359144018682,2.8458982654092253,2.401697724565693
R18,55,reported generator,0.3865910464532611,0.30430450053311875,platt,6.021097880958337,7.640939541439629,8.226875381484085
R18,55,reported generator,0.3865910464532611,0.30430450053311875,covariate,2.211124577258758,2.4841250036777325,2.5029159245572004
R18,55,RTO decoupled from degradation,0.06464398073476933,-0.05969027418963632,platt,7.66409703184965,8.588048623792417,7.911815817237624
R18,55,RTO decoupled from degradation,0.06464398073476933,-0.05969027418963632,covariate,2.1333546921436906,2.781799849168877,2.472800377718883
R18,55,"RTO observed, lognormal error 0.25",0.290734856685781,0.2502908685759039,platt,8.80756826519567,8.240181690463615,8.226875381484085
R18,55,"RTO observed, lognormal error 0.25",0.290734856685781,0.2502908685759039,covariate,2.855150227435729,2.006135830066846,2.5029159245572004
R18,55,"RTO observed, lognormal error 0.50",0.25416849618291487,0.2498206751430727,platt,7.417005085195967,7.578557550711665,8.226875381484085
R18,55,"RTO observed, lognormal error 0.50",0.25416849618291487,0.2498206751430727,covariate,2.7175107322244543,2.4071827347621593,2.5029159245572004
R18,56,reported generator,0.43564869225301406,0.388562952724528,platt,8.101211547798549,8.86282048774634,9.481617730607624
R18,56,reported generator,0.43564869225301406,0.388562952724528,covariate,4.854490775967285,4.8459073744428025,4.877659890227356
R18,56,RTO decoupled from degradation,0.19294734134723207,0.09075602235366335,platt,10.399583305332467,8.607355134093748,9.225519824567396
R18,56,RTO decoupled from degradation,0.19294734134723207,0.09075602235366335,covariate,4.964134859072896,5.12853553728139,4.79917683179546
R18,56,"RTO observed, lognormal error 0.25",0.2975735232716665,0.2572403260603452,platt,9.44329123949079,9.481617730607624,9.481617730607624
R18,56,"RTO observed, lognormal error 0.25",0.2975735232716665,0.2572403260603452,covariate,4.897757261942694,4.9733890330878125,4.877659890227356
R18,56,"RTO observed, lognormal error 0.50",0.25927187293243564,0.23507182144249056,platt,9.50693590749114,9.457997633875543,9.481617730607624
R18,56,"RTO observed, lognormal error 0.50",0.25927187293243564,0.23507182144249056,covariate,5.495711429678359,4.76023297994908,4.877659890227356
R18,57,reported generator,0.46295236894897074,0.43828247267607234,platt,8.968058148671204,10.530765105408804,11.28187019778597
R18,57,reported generator,0.46295236894897074,0.43828247267607234,covariate,2.779507415222966,2.8041000842282457,2.8041000842282457
R18,57,RTO decoupled from degradation,0.16653925973480455,0.10152800206605847,platt,10.035037827712891,11.075590777919295,10.934352318745375
R18,57,RTO decoupled from degradation,0.16653925973480455,0.10152800206605847,covariate,2.6345729530861135,2.778982221298527,2.778982221298527
R18,57,"RTO observed, lognormal error 0.25",0.39520797824957804,0.37397383963620245,platt,10.036345986340116,10.239407115373794,11.28187019778597
R18,57,"RTO observed, lognormal error 0.25",0.39520797824957804,0.37397383963620245,covariate,3.3813267776084572,2.6788936149290308,2.8041000842282457
R18,57,"RTO observed, lognormal error 0.50",0.3231724945850458,0.2909210514863592,platt,9.620224848197225,9.716721236791223,11.28187019778597
R18,57,"RTO observed, lognormal error 0.50",0.3231724945850458,0.2909210514863592,covariate,3.1012876694265046,3.074544068433454,2.8041000842282457
R18,58,reported generator,0.4070551444186686,0.36967530093979917,platt,9.871550176028165,10.508929205761753,12.519944832011298
R18,58,reported generator,0.4070551444186686,0.36967530093979917,covariate,3.1982919012213102,3.6976984139571485,3.6976984139571485
R18,58,RTO decoupled from degradation,0.1661673285442633,0.06486651929324885,platt,11.250095805595869,10.806414433145548,12.221332422609585
R18,58,RTO decoupled from degradation,0.1661673285442633,0.06486651929324885,covariate,2.320197235536451,3.081548028091433,3.654150191280273
R18,58,"RTO observed, lognormal error 0.25",0.31815044484473104,0.28727201363279475,platt,10.16524196199073,10.45644950474962,12.519944832011298
R18,58,"RTO observed, lognormal error 0.25",0.31815044484473104,0.28727201363279475,covariate,2.1845293731154953,3.6976984139571485,3.6976984139571485
R18,58,"RTO observed, lognormal error 0.50",0.32245310328308585,0.30516767694699054,platt,9.390826288858662,10.558586934096077,12.519944832011298
R18,58,"RTO observed, lognormal error 0.50",0.32245310328308585,0.30516767694699054,covariate,3.6659612395724466,3.4274225245462233,3.6976984139571485
R18,59,reported generator,0.4425857082484859,0.39948984846467167,platt,6.164960641717684,7.144945999984259,7.681937852068927
R18,59,reported generator,0.4425857082484859,0.39948984846467167,covariate,2.810025035478418,2.708363105833911,3.3928540844944735
R18,59,RTO decoupled from degradation,0.1770592564124553,0.04807092646532329,platt,6.4245551470413105,8.126561854147454,7.491797492325048
R18,59,RTO decoupled from degradation,0.1770592564124553,0.04807092646532329,covariate,2.0839458275961107,2.5934059289235734,3.3664484066355342
R18,59,"RTO observed, lognormal error 0.25",0.3798432078960532,0.33742314033862997,platt,5.553209962929316,7.212850130328107,7.681937852068927
R18,59,"RTO observed, lognormal error 0.25",0.3798432078960532,0.33742314033862997,covariate,3.203759460532453,2.8515863174745135,3.3928540844944735
R18,59,"RTO observed, lognormal error 0.50",0.4047868904718461,0.323320082268883,platt,6.433394832670146,7.603123358133288,7.681937852068927
R18,59,"RTO observed, lognormal error 0.50",0.4047868904718461,0.323320082268883,covariate,2.352428808437267,2.5711926192679613,3.3928540844944735
R18,60,reported generator,0.39867861499435353,0.33567291202497757,platt,9.340073876794435,10.428949446543598,10.506486051847546
R18,60,reported generator,0.39867861499435353,0.33567291202497757,covariate,3.692049090797461,3.7047329601087284,3.2276893374507623
R18,60,RTO decoupled from degradation,0.1493145509532188,0.03637738134698698,platt,9.764389519166972,10.68888802188636,10.177139407409253
R18,60,RTO decoupled from degradation,0.1493145509532188,0.03637738134698698,covariate,4.1086688602653005,3.6125904077652145,3.1642243234660192
R18,60,"RTO observed, lognormal error 0.25",0.2810607434237731,0.22208436569048018,platt,9.60701041207576,9.516086683599923,10.506486051847546
R18,60,"RTO observed, lognormal error 0.25",0.2810607434237731,0.22208436569048018,covariate,3.6913215327338733,3.2925657391315823,3.2276893374507623
R18,60,"RTO observed, lognormal error 0.50",0.2605666576361407,0.13959596685887785,platt,8.726827479579839,9.788096745290545,10.506486051847546
R18,60,"RTO observed, lognormal error 0.50",0.2605666576361407,0.13959596685887785,covariate,3.5104819600243573,2.9928755473109234,3.2276893374507623
R18,61,reported generator,0.3923517476235481,0.3024816962679397,platt,6.993260636796688,9.448694171285833,10.14538453753173
R18,61,reported generator,0.3923517476235481,0.3024816962679397,covariate,4.025789398978414,3.724741255621982,3.724741255621982
R18,61,RTO decoupled from degradation,0.17531453589388113,0.029529778370602666,platt,9.231906182885155,9.788199413947204,9.938295566819846
R18,61,RTO decoupled from degradation,0.17531453589388113,0.029529778370602666,covariate,3.7951433967202703,3.663075057019384,3.6570019538408296
R18,61,"RTO observed, lognormal error 0.25",0.3704049920189002,0.31397190891968274,platt,7.684171399470525,10.014806208709853,10.14538453753173
R18,61,"RTO observed, lognormal error 0.25",0.3704049920189002,0.31397190891968274,covariate,3.7790713001911485,3.3933631539367113,3.724741255621982
R18,61,"RTO observed, lognormal error 0.50",0.27452909688162713,0.2127050434060587,platt,8.720509847452977,9.55996910391502,10.14538453753173
R18,61,"RTO observed, lognormal error 0.50",0.27452909688162713,0.2127050434060587,covariate,4.110040943545432,3.8620043760184295,3.724741255621982
R18,62,reported generator,0.4006165809508394,0.3161183444798796,platt,7.114508747102182,8.520491784900454,9.540260195622611
R18,62,reported generator,0.4006165809508394,0.3161183444798796,covariate,3.2158499060957375,2.752938788630072,3.136682773167788
R18,62,RTO decoupled from degradation,0.14377808641241807,0.008411913477137493,platt,7.455111768511507,8.804458584965737,9.303978525468445
R18,62,RTO decoupled from degradation,0.14377808641241807,0.008411913477137493,covariate,3.494808272827683,2.9305694159981,3.1358878099086027
R18,62,"RTO observed, lognormal error 0.25",0.34772167522081254,0.2865646226818186,platt,7.217995952842617,8.05539270296602,9.540260195622611
R18,62,"RTO observed, lognormal error 0.25",0.34772167522081254,0.2865646226818186,covariate,3.1272783549794347,2.5440269655998513,3.136682773167788
R18,62,"RTO observed, lognormal error 0.50",0.29083193901426385,0.27012943954341906,platt,8.468125848124284,8.097325500351406,9.540260195622611
R18,62,"RTO observed, lognormal error 0.50",0.29083193901426385,0.27012943954341906,covariate,3.675419196982812,2.3981701963761815,3.136682773167788
R18,63,reported generator,0.40336931716785146,0.34414745352268794,platt,8.404939963939299,9.074185732430301,10.309001971181083
R18,63,reported generator,0.40336931716785146,0.34414745352268794,covariate,2.1781805200879276,3.939699094635152,4.9651199877814705
R18,63,RTO decoupled from degradation,0.17858303575497145,0.07203543262348902,platt,9.312159759454794,9.419663209875068,10.141661603339607
R18,63,RTO decoupled from degradation,0.17858303575497145,0.07203543262348902,covariate,3.5207151851369574,4.570119557860188,4.944981726840744
R18,63,"RTO observed, lognormal error 0.25",0.33618928325794134,0.27238964257253845,platt,9.311246653864472,9.558878943668894,10.309001971181083
R18,63,"RTO observed, lognormal error 0.25",0.33618928325794134,0.27238964257253845,covariate,2.7253616944774635,3.8009072890268882,4.9651199877814705
R18,63,"RTO observed, lognormal error 0.50",0.2754164985162384,0.24244146366093874,platt,9.95068670317385,9.175136824561555,10.309001971181083
R18,63,"RTO observed, lognormal error 0.50",0.2754164985162384,0.24244146366093874,covariate,3.525841744982806,3.771822244835171,4.9651199877814705
R18,64,reported generator,0.4282196743234344,0.4287171164890509,platt,7.04032597391371,8.116623561099289,8.817053756148965
R18,64,reported generator,0.4282196743234344,0.4287171164890509,covariate,1.78110572303558,2.306782070309268,2.475435369245332
R18,64,RTO decoupled from degradation,0.1551058693946767,0.11675959365527787,platt,11.035548609049549,8.985587137489532,8.706632385081669
R18,64,RTO decoupled from degradation,0.1551058693946767,0.11675959365527787,covariate,1.8575003585547876,2.318849199053723,2.53654359549067
R18,64,"RTO observed, lognormal error 0.25",0.3323353666573861,0.3476109448683532,platt,8.283492358560707,7.4087318337120465,8.817053756148965
R18,64,"RTO observed, lognormal error 0.25",0.3323353666573861,0.3476109448683532,covariate,2.174270791596456,1.8433165221767638,2.475435369245332
R18,64,"RTO observed, lognormal error 0.50",0.35199766730454024,0.3451698818863791,platt,8.919111588733557,8.711671191067168,8.817053756148965
R18,64,"RTO observed, lognormal error 0.50",0.35199766730454024,0.3451698818863791,covariate,1.3243632196341792,2.1015195393582715,2.475435369245332
R18,65,reported generator,0.4931192435249117,0.3751816935968836,platt,6.206215438147268,7.797742421945294,9.152365412264416
R18,65,reported generator,0.4931192435249117,0.3751816935968836,covariate,2.1165216012379133,2.761996890056473,3.110718079427869
R18,65,RTO decoupled from degradation,0.22497492384306916,0.061646957470164875,platt,8.704509425823645,9.072108262013046,8.99534834481895
R18,65,RTO decoupled from degradation,0.22497492384306916,0.061646957470164875,covariate,2.5564210380690753,2.8433564271516616,3.1586090435080436
R18,65,"RTO observed, lognormal error 0.25",0.37037748743944215,0.28765406062482257,platt,7.403748043503079,8.385871228253926,9.152365412264416
R18,65,"RTO observed, lognormal error 0.25",0.37037748743944215,0.28765406062482257,covariate,2.502584845088009,3.117624891892838,3.110718079427869
R18,65,"RTO observed, lognormal error 0.50",0.2786840946474312,0.23591603472268657,platt,7.989047967488084,7.978700990629889,9.152365412264416
R18,65,"RTO observed, lognormal error 0.50",0.2786840946474312,0.23591603472268657,covariate,2.6735079897495595,2.782653489393276,3.110718079427869
R18,66,reported generator,0.2943787027100369,0.206969586248206,platt,6.81827297384158,6.880434784532831,7.469132581084374
R18,66,reported generator,0.2943787027100369,0.206969586248206,covariate,0.861669560948215,0.9635571310102975,0.8850918470837215
R18,66,RTO decoupled from degradation,-0.05561558339361563,-0.17766282131404693,platt,9.517174329061447,7.743389139606769,7.202353808704039
R18,66,RTO decoupled from degradation,-0.05561558339361563,-0.17766282131404693,covariate,1.3970803560717613,0.9753975454869703,0.8956630879199423
R18,66,"RTO observed, lognormal error 0.25",0.2674283974937316,0.16691444684285736,platt,6.514188760179472,6.562535296208331,7.469132581084374
R18,66,"RTO observed, lognormal error 0.25",0.2674283974937316,0.16691444684285736,covariate,0.7212778920674836,0.9565243689166394,0.8850918470837215
R18,66,"RTO observed, lognormal error 0.50",0.2030693827544046,0.13733243663499847,platt,6.559597565443688,7.031562372598174,7.469132581084374
R18,66,"RTO observed, lognormal error 0.50",0.2030693827544046,0.13733243663499847,covariate,1.2708869578838247,1.122285041210155,0.8850918470837215
R18,67,reported generator,0.38402070157221896,0.3238212992829175,platt,6.8102401300291895,8.754674715423615,9.748947426848698
R18,67,reported generator,0.38402070157221896,0.3238212992829175,covariate,2.809227163682859,2.5673631700742874,2.4936227602475043
R18,67,RTO decoupled from degradation,0.11652548741696593,0.03180910579288051,platt,10.17729666005009,8.921527902463922,9.333319410766663
R18,67,RTO decoupled from degradation,0.11652548741696593,0.03180910579288051,covariate,3.188842204689486,2.7059211596405532,2.422473398009302
R18,67,"RTO observed, lognormal error 0.25",0.2841140534717388,0.21314519016481853,platt,9.478080958677975,9.437177407122913,9.748947426848698
R18,67,"RTO observed, lognormal error 0.25",0.2841140534717388,0.21314519016481853,covariate,2.6535513302749756,2.4936227602475043,2.4936227602475043
R18,67,"RTO observed, lognormal error 0.50",0.18792256273650243,0.14089665698435905,platt,9.904316511777832,9.360785925932742,9.748947426848698
R18,67,"RTO observed, lognormal error 0.50",0.18792256273650243,0.14089665698435905,covariate,2.288583154900106,2.1951742010153623,2.4936227602475043
R18,68,reported generator,0.4527361061985865,0.3889984503320754,platt,8.368576106486799,8.355568437901425,9.362525497624247
R18,68,reported generator,0.4527361061985865,0.3889984503320754,covariate,3.3092465124150507,3.7291100608092123,4.000922482285205
R18,68,RTO decoupled from degradation,0.2680032076503321,0.11395330043785726,platt,10.128193673940228,8.625805736560014,9.184120334609542
R18,68,RTO decoupled from degradation,0.2680032076503321,0.11395330043785726,covariate,2.9527729554407323,3.5677874646361225,4.042512795669705
R18,68,"RTO observed, lognormal error 0.25",0.3759909649814089,0.3303346044912633,platt,9.043633317254148,8.388837895773733,9.362525497624247
R18,68,"RTO observed, lognormal error 0.25",0.3759909649814089,0.3303346044912633,covariate,2.7580846664030574,3.1812668106245994,4.000922482285205
R18,68,"RTO observed, lognormal error 0.50",0.23348910305766343,0.1350327883268405,platt,10.807832568194797,10.995038425900773,9.362525497624247
R18,68,"RTO observed, lognormal error 0.50",0.23348910305766343,0.1350327883268405,covariate,4.221404556899898,3.795012568401326,4.000922482285205
R18,69,reported generator,0.34292776872602687,0.24069586464311896,platt,6.663936190565991,6.973284551626605,8.21484045837368
R18,69,reported generator,0.34292776872602687,0.24069586464311896,covariate,1.9513707988095774,1.5730326552651235,2.30447837555802
R18,69,RTO decoupled from degradation,0.0827749249891096,-0.07227236018096868,platt,7.159089604913348,7.255919099298254,8.030300216155439
R18,69,RTO decoupled from degradation,0.0827749249891096,-0.07227236018096868,covariate,2.291395387082133,1.7714202543296125,2.2624783933842707
R18,69,"RTO observed, lognormal error 0.25",0.2633989388106361,0.21101279940566645,platt,6.4994500646914375,7.821722090967569,8.21484045837368
R18,69,"RTO observed, lognormal error 0.25",0.2633989388106361,0.21101279940566645,covariate,1.6485342546424917,2.22682120655692,2.30447837555802
R18,69,"RTO observed, lognormal error 0.50",0.1484106112325854,0.12846528820861763,platt,8.64936948105776,6.943212728700246,8.21484045837368
R18,69,"RTO observed, lognormal error 0.50",0.1484106112325854,0.12846528820861763,covariate,2.2373168167024247,2.008186674558445,2.30447837555802
R18,70,reported generator,0.41329795139872594,0.304645670615978,platt,6.478797461414622,7.5769829888191325,8.116660906463679
R18,70,reported generator,0.41329795139872594,0.304645670615978,covariate,2.8443843347483053,3.0640063216518882,3.242015910726522
R18,70,RTO decoupled from degradation,0.13963784101610108,-0.023139830327226864,platt,9.417216559922629,8.393826012196293,7.895487500341211
R18,70,RTO decoupled from degradation,0.13963784101610108,-0.023139830327226864,covariate,3.2350549181194452,3.3513472348432956,3.2021667657963135
R18,70,"RTO observed, lognormal error 0.25",0.3403029278895991,0.230859087072222,platt,7.272574686846461,7.309924869513168,8.116660906463679
R18,70,"RTO observed, lognormal error 0.25",0.3403029278895991,0.230859087072222,covariate,2.8282010206325623,2.9260534900780044,3.242015910726522
R18,70,"RTO observed, lognormal error 0.50",0.2780942091007942,0.23329610678862645,platt,7.38072521473358,7.4603295600617585,8.116660906463679
R18,70,"RTO observed, lognormal error 0.50",0.2780942091007942,0.23329610678862645,covariate,2.905860756244522,3.2398624843291017,3.242015910726522
R18,71,reported generator,0.31446531696939045,0.30730998132388215,platt,7.828108350177999,9.841527657632135,9.400066846211544
R18,71,reported generator,0.31446531696939045,0.30730998132388215,covariate,3.231697587112464,2.731615095731513,2.731615095731513
R18,71,RTO decoupled from degradation,0.054275901219132054,0.0013805542773718369,platt,9.618814946135256,9.612012984735141,9.166190184295527
R18,71,RTO decoupled from degradation,0.054275901219132054,0.0013805542773718369,covariate,3.5602888858557087,3.0289658584728265,2.7452210612838286
R18,71,"RTO observed, lognormal error 0.25",0.28075450718134753,0.2830676013448115,platt,8.95378073518561,9.16833069032657,9.400066846211544
R18,71,"RTO observed, lognormal error 0.25",0.28075450718134753,0.2830676013448115,covariate,4.559277201771451,3.3316059918685568,2.731615095731513
R18,71,"RTO observed, lognormal error 0.50",0.0884195559483766,0.13953172930802804,platt,8.772556863806699,9.680433588964235,9.400066846211544
R18,71,"RTO observed, lognormal error 0.50",0.0884195559483766,0.13953172930802804,covariate,4.349567065371076,3.5448944607038015,2.731615095731513
R18,72,reported generator,0.45536593866755204,0.40822232454079066,platt,7.3182213427777185,12.000409280029885,13.147242218395164
R18,72,reported generator,0.45536593866755204,0.40822232454079066,covariate,3.665682367432794,4.0100296121507455,4.0100296121507455
R18,72,RTO decoupled from degradation,0.2108086342683413,0.12768875514208064,platt,11.96828655660363,12.17732323281794,12.87274452797017
R18,72,RTO decoupled from degradation,0.2108086342683413,0.12768875514208064,covariate,3.566755191956858,3.371116577272076,3.9389981976712676
R18,72,"RTO observed, lognormal error 0.25",0.3901537421628742,0.35148990901334654,platt,10.100813921750238,12.066764131310073,13.147242218395164
R18,72,"RTO observed, lognormal error 0.25",0.3901537421628742,0.35148990901334654,covariate,3.0047389022118054,3.6199527737175146,4.0100296121507455
R18,72,"RTO observed, lognormal error 0.50",0.34525166421551584,0.3337836894233976,platt,9.725869114014351,11.356339168903595,13.147242218395164
R18,72,"RTO observed, lognormal error 0.50",0.34525166421551584,0.3337836894233976,covariate,3.3628032305914246,3.1253218709610735,4.0100296121507455
R18,73,reported generator,0.3572554171989827,0.3254489232266332,platt,6.5934658280079645,7.422843920178444,8.325031910584968
R18,73,reported generator,0.3572554171989827,0.3254489232266332,covariate,1.9960537492716384,2.3657040073819076,2.462844247115818
R18,73,RTO decoupled from degradation,0.14917802375773342,0.05287167239495252,platt,8.078617311031529,7.49565378097963,8.147104939400215
R18,73,RTO decoupled from degradation,0.14917802375773342,0.05287167239495252,covariate,1.793698844645867,2.4471402250856045,2.4471402250856045
R18,73,"RTO observed, lognormal error 0.25",0.32284819982255386,0.2885966235993889,platt,7.733123204897126,7.59647898007443,8.325031910584968
R18,73,"RTO observed, lognormal error 0.25",0.32284819982255386,0.2885966235993889,covariate,1.974330669813206,2.737812958042518,2.462844247115818
R18,73,"RTO observed, lognormal error 0.50",0.1907237795085237,0.18212824970842964,platt,8.333580553263623,7.761317885628365,8.325031910584968
R18,73,"RTO observed, lognormal error 0.50",0.1907237795085237,0.18212824970842964,covariate,2.1773830710888618,2.84339921355555,2.462844247115818
R18,74,reported generator,0.44616784358323053,0.3159911501719416,platt,6.58408265868389,9.22944511743318,9.879985097884457
R18,74,reported generator,0.44616784358323053,0.3159911501719416,covariate,1.8189241680417751,1.552223629622528,1.9531543739588137
R18,74,RTO decoupled from degradation,0.16069286349319054,-0.03763982226145334,platt,8.865433889258753,9.454349893372694,9.550589372723493
R18,74,RTO decoupled from degradation,0.16069286349319054,-0.03763982226145334,covariate,2.132796746269598,1.6091872248042627,1.8828179682603547
R18,74,"RTO observed, lognormal error 0.25",0.470654569287179,0.3165357005216766,platt,7.874310074222805,9.177810575544683,9.879985097884457
R18,74,"RTO observed, lognormal error 0.25",0.470654569287179,0.3165357005216766,covariate,1.6530695097343653,1.552223629622528,1.9531543739588137
R18,74,"RTO observed, lognormal error 0.50",0.3621344926282448,0.2672794825311857,platt,8.501002589791199,9.284211473353515,9.879985097884457
R18,74,"RTO observed, lognormal error 0.50",0.3621344926282448,0.2672794825311857,covariate,2.4937376835496785,2.1726356840181005,1.9531543739588137
R18,75,reported generator,0.4425522650441906,0.2934157367639729,platt,7.100207029911935,8.42340211938054,9.48152045376434
R18,75,reported generator,0.4425522650441906,0.2934157367639729,covariate,3.187208854896628,3.044502447421948,3.044502447421948
R18,75,RTO decoupled from degradation,0.23892874232366157,0.030004783469328142,platt,9.41046163301202,9.201865285800686,9.204034854838099
R18,75,RTO decoupled from degradation,0.23892874232366157,0.030004783469328142,covariate,3.5060410535937407,3.117045628368249,2.9729989641215298
R18,75,"RTO observed, lognormal error 0.25",0.3493745907022989,0.2113271963574342,platt,9.51820486221279,9.427575274555231,9.48152045376434
R18,75,"RTO observed, lognormal error 0.25",0.3493745907022989,0.2113271963574342,covariate,3.465659850390331,2.632533154979164,3.044502447421948
R18,75,"RTO observed, lognormal error 0.50",0.2205102975089021,0.13203274285674768,platt,10.18886704049909,9.529628462722435,9.48152045376434
R18,75,"RTO observed, lognormal error 0.50",0.2205102975089021,0.13203274285674768,covariate,3.4969947953634453,3.352753447521245,3.044502447421948
R18,76,reported generator,0.38135193875196416,0.33745728708135714,platt,7.805497740263867,8.238292905402297,8.76930256025608
R18,76,reported generator,0.38135193875196416,0.33745728708135714,covariate,0.925940924807584,1.556835257472322,1.7629876405749485
R18,76,RTO decoupled from degradation,0.1128516209121954,0.03224772615170558,platt,9.75018959531647,8.561404113327825,8.561404113327825
R18,76,RTO decoupled from degradation,0.1128516209121954,0.03224772615170558,covariate,1.0691316017939414,1.587152032970664,1.7951866978765594
R18,76,"RTO observed, lognormal error 0.25",0.32554801838052216,0.2894444077444921,platt,9.016573286972886,8.281103452928903,8.76930256025608
R18,76,"RTO observed, lognormal error 0.25",0.32554801838052216,0.2894444077444921,covariate,1.7030836594743093,1.4580600923109515,1.7629876405749485
R18,76,"RTO observed, lognormal error 0.50",0.24012797892716847,0.2286745612861559,platt,8.745593776958067,8.483439393540785,8.76930256025608
R18,76,"RTO observed, lognormal error 0.50",0.24012797892716847,0.2286745612861559,covariate,1.572168033149957,2.3513381786475946,1.7629876405749485
R18,77,reported generator,0.43057869180277597,0.3888596682618693,platt,7.860514006316471,9.49529695161182,10.224161375053484
R18,77,reported generator,0.43057869180277597,0.3888596682618693,covariate,3.2599449161396947,3.544777181535302,3.9225983084118496
R18,77,RTO decoupled from degradation,0.2157635357951611,0.11366844692522358,platt,9.04347740555609,9.312547263800113,10.012238648741487
R18,77,RTO decoupled from degradation,0.2157635357951611,0.11366844692522358,covariate,3.9393350567723218,3.3605622591546833,3.8134564519007483
R18,77,"RTO observed, lognormal error 0.25",0.37034239983792927,0.31931220730335413,platt,7.746893343872927,9.772575042047805,10.224161375053484
R18,77,"RTO observed, lognormal error 0.25",0.37034239983792927,0.31931220730335413,covariate,2.7668463361996842,3.464945211633612,3.9225983084118496
R18,77,"RTO observed, lognormal error 0.50",0.2757732060311456,0.24110780010076696,platt,10.147081154678709,9.686611245069983,10.224161375053484
R18,77,"RTO observed, lognormal error 0.50",0.2757732060311456,0.24110780010076696,covariate,4.686065061241791,4.398773683814028,3.9225983084118496
R18,78,reported generator,0.45043591656476667,0.38079796658429965,platt,7.286801580111494,8.821182013566727,10.102153856566872
R18,78,reported generator,0.45043591656476667,0.38079796658429965,covariate,2.683655804148593,4.377189828791131,4.398426473843429
R18,78,RTO decoupled from degradation,0.16391346752975672,0.05096377429452434,platt,10.613286296099904,9.722867750480749,9.81074415547793
R18,78,RTO decoupled from degradation,0.16391346752975672,0.05096377429452434,covariate,3.394483045986778,4.27147693678754,4.292894007964019
R18,78,"RTO observed, lognormal error 0.25",0.4093807932725696,0.3713125567520833,platt,7.223941826315567,8.821182013566727,10.102153856566872
R18,78,"RTO observed, lognormal error 0.25",0.4093807932725696,0.3713125567520833,covariate,3.0204572183845215,4.745588753964682,4.398426473843429
R18,78,"RTO observed, lognormal error 0.50",0.2578238891146342,0.24019680982418568,platt,8.948059801700495,8.433910110361445,10.102153856566872
R18,78,"RTO observed, lognormal error 0.50",0.2578238891146342,0.24019680982418568,covariate,2.9671835037487213,4.398426473843429,4.398426473843429
R18,79,reported generator,0.37422816797984093,0.3092778414517358,platt,8.467874315795356,8.498208577578751,8.556818658046815
R18,79,reported generator,0.37422816797984093,0.3092778414517358,covariate,2.228912358037242,2.336470406199034,2.791437781998013
R18,79,RTO decoupled from degradation,0.12262359714675243,-0.015962191250640127,platt,9.32774597695336,9.11939220798552,8.462088276782112
R18,79,RTO decoupled from degradation,0.12262359714675243,-0.015962191250640127,covariate,3.1251659527475653,2.8268588232433984,2.8602733220855256
R18,79,"RTO observed, lognormal error 0.25",0.3552899106416637,0.26426995909260537,platt,9.375892861775142,8.136578372851801,8.556818658046815
R18,79,"RTO observed, lognormal error 0.25",0.3552899106416637,0.26426995909260537,covariate,2.2809350232120593,2.613931492932501,2.791437781998013
R18,79,"RTO observed, lognormal error 0.50",0.25918118307148647,0.20961013603319079,platt,6.689248694480817,7.7862594195295,8.556818658046815
R18,79,"RTO observed, lognormal error 0.50",0.25918118307148647,0.20961013603319079,covariate,2.6109096395036886,2.7185268180778692,2.791437781998013
R18,80,reported generator,0.40860857696157643,0.3729125069763749,platt,8.431374204427819,7.49755959931035,8.304841600675289
R18,80,reported generator,0.40860857696157643,0.3729125069763749,covariate,2.888953643489817,2.324673525723142,2.605145535518936
R18,80,RTO decoupled from degradation,0.15954615241528958,0.07354955066890544,platt,8.33974292229582,7.852849838556168,8.117390574714321
R18,80,RTO decoupled from degradation,0.15954615241528958,0.07354955066890544,covariate,3.2244303681511752,2.5832654229149625,2.575126665864481
R18,80,"RTO observed, lognormal error 0.25",0.2969893151580714,0.2824842966431747,platt,8.389290586729075,7.37615791356648,8.304841600675289
R18,80,"RTO observed, lognormal error 0.25",0.2969893151580714,0.2824842966431747,covariate,2.9569331175459226,2.668862698492049,2.605145535518936
R18,80,"RTO observed, lognormal error 0.50",0.2886521072427066,0.24915627911896943,platt,8.527486073916691,7.263633428719629,8.304841600675289
R18,80,"RTO observed, lognormal error 0.50",0.2886521072427066,0.24915627911896943,covariate,2.6719822737143346,2.8607485493171936,2.605145535518936
R18,81,reported generator,0.4469802029461993,0.39522603908070386,platt,7.401887474430339,8.15072519138679,9.793785698595215
R18,81,reported generator,0.4469802029461993,0.39522603908070386,covariate,2.4828939705227384,2.7255625424186505,2.796876618920308
R18,81,RTO decoupled from degradation,0.15249443787073638,0.04803311549773303,platt,8.307139540128809,9.172604080659049,9.591953420081772
R18,81,RTO decoupled from degradation,0.15249443787073638,0.04803311549773303,covariate,2.8994675311370273,2.9077718783536994,2.8752997799874223
R18,81,"RTO observed, lognormal error 0.25",0.41483342416178415,0.349831106805931,platt,7.471991813304015,8.547752657075492,9.793785698595215
R18,81,"RTO observed, lognormal error 0.25",0.41483342416178415,0.349831106805931,covariate,3.0180260020820526,2.767090600060996,2.796876618920308
R18,81,"RTO observed, lognormal error 0.50",0.27625319739800563,0.25838641988597366,platt,8.538001108962625,8.372310458670832,9.793785698595215
R18,81,"RTO observed, lognormal error 0.50",0.27625319739800563,0.25838641988597366,covariate,3.784316674195381,3.298255724185182,2.796876618920308
R18,82,reported generator,0.4141998137918422,0.41779756853310307,platt,8.059466866923835,9.944493168396924,9.437607234501804
R18,82,reported generator,0.4141998137918422,0.41779756853310307,covariate,4.648597884906771,3.741097980776207,3.6996569628063902
R18,82,RTO decoupled from degradation,0.15635753582617526,0.12639543505896844,platt,11.392606763082213,11.436940887601104,9.232742162724925
R18,82,RTO decoupled from degradation,0.15635753582617526,0.12639543505896844,covariate,4.836316162695681,3.984570698988268,3.638263088832865
R18,82,"RTO observed, lognormal error 0.25",0.3460019805996388,0.3227821932565351,platt,8.071583643189577,9.40376343922297,9.437607234501804
R18,82,"RTO observed, lognormal error 0.25",0.3460019805996388,0.3227821932565351,covariate,4.172695149622122,3.0809718410366607,3.6996569628063902
R18,82,"RTO observed, lognormal error 0.50",0.29161047459773687,0.32766798593096874,platt,9.629171179083137,9.561975070994272,9.437607234501804
R18,82,"RTO observed, lognormal error 0.50",0.29161047459773687,0.32766798593096874,covariate,3.9057880125309907,3.239386566457391,3.6996569628063902
R18,83,reported generator,0.43927452704013437,0.2826147982247175,platt,6.7579426552114015,9.877968729868876,10.614692286290307
R18,83,reported generator,0.43927452704013437,0.2826147982247175,covariate,1.8631904895292308,2.446799818939404,2.446799818939404
R18,83,RTO decoupled from degradation,0.1969691985057659,-0.017233373602146208,platt,10.027125919010565,10.349799512679326,10.399922151610049
R18,83,RTO decoupled from degradation,0.1969691985057659,-0.017233373602146208,covariate,2.458423078200852,2.444956857002623,2.444956857002623
R18,83,"RTO observed, lognormal error 0.25",0.3569352502086104,0.20723993886987901,platt,7.410093004112156,9.2363275909564,10.614692286290307
R18,83,"RTO observed, lognormal error 0.25",0.3569352502086104,0.20723993886987901,covariate,1.9690165536909703,2.323457163264152,2.446799818939404
R18,83,"RTO observed, lognormal error 0.50",0.2802241626767334,0.2682026488222546,platt,7.829048549249336,7.98216318029106,10.614692286290307
R18,83,"RTO observed, lognormal error 0.50",0.2802241626767334,0.2682026488222546,covariate,1.8069270847424974,2.475813855659325,2.446799818939404
R18,84,reported generator,0.3950065233681655,0.3236156986018848,platt,8.698275425543855,8.4298122450625,7.950196242850858
R18,84,reported generator,0.3950065233681655,0.3236156986018848,covariate,4.431166594623356,4.307748542620139,4.386873195524274
R18,84,RTO decoupled from degradation,0.13138717247118537,-0.005555836459459483,platt,9.54215529502757,8.730594464191142,7.797527496545243
R18,84,RTO decoupled from degradation,0.13138717247118537,-0.005555836459459483,covariate,4.65685330134977,4.178696133676809,4.332962480898495
R18,84,"RTO observed, lognormal error 0.25",0.26457960875646624,0.2148690632444579,platt,8.580008365203582,7.611103306335487,7.950196242850858
R18,84,"RTO observed, lognormal error 0.25",0.26457960875646624,0.2148690632444579,covariate,4.3599089050816175,4.56783705118319,4.386873195524274
R18,84,"RTO observed, lognormal error 0.50",0.2898096602996635,0.24233083291136664,platt,8.367284394073195,7.403785203990019,7.950196242850858
R18,84,"RTO observed, lognormal error 0.50",0.2898096602996635,0.24233083291136664,covariate,2.9053191874800177,4.408577410901394,4.386873195524274
R18,85,reported generator,0.3626507848729793,0.2698695937429325,platt,9.205785054085407,9.571605813487754,11.016340595186318
R18,85,reported generator,0.3626507848729793,0.2698695937429325,covariate,4.249685533511197,6.423252373900215,6.638681082795582
R18,85,RTO decoupled from degradation,0.13213217871001737,-0.010404238064187065,platt,10.862754712935196,10.12534515822708,10.66546917251885
R18,85,RTO decoupled from degradation,0.13213217871001737,-0.010404238064187065,covariate,4.55733315069056,5.838495198859896,6.453581887623265
R18,85,"RTO observed, lognormal error 0.25",0.315741290568451,0.24834163493818157,platt,10.108249922630105,10.011072924931053,11.016340595186318
R18,85,"RTO observed, lognormal error 0.25",0.315741290568451,0.24834163493818157,covariate,4.650291268343953,6.012718166594858,6.638681082795582
R18,85,"RTO observed, lognormal error 0.50",0.24052358329981532,0.1882420004706654,platt,8.647309310395737,10.294795238092323,11.016340595186318
R18,85,"RTO observed, lognormal error 0.50",0.24052358329981532,0.1882420004706654,covariate,4.760945407313049,6.4876056361759815,6.638681082795582
R18,86,reported generator,0.5016459769717502,0.422760892874153,platt,6.657547498362341,7.708138625941878,9.218453040632532
R18,86,reported generator,0.5016459769717502,0.422760892874153,covariate,1.5405395185268347,2.1307864044957157,2.497494973978249
R18,86,RTO decoupled from degradation,0.27816715011457044,0.1373395346458437,platt,8.728130615078484,8.657698189448695,9.064084962492686
R18,86,RTO decoupled from degradation,0.27816715011457044,0.1373395346458437,covariate,1.98111140978002,2.054388167851485,2.5465513547445653
R18,86,"RTO observed, lognormal error 0.25",0.4193904323717664,0.36634716417675733,platt,7.02885152753268,8.539793047741192,9.218453040632532
R18,86,"RTO observed, lognormal error 0.25",0.4193904323717664,0.36634716417675733,covariate,1.5884271301959316,2.0964324878732867,2.497494973978249
R18,86,"RTO observed, lognormal error 0.50",0.29281343064751253,0.2786475943681743,platt,8.03174270021536,8.852825194647423,9.218453040632532
R18,86,"RTO observed, lognormal error 0.50",0.29281343064751253,0.2786475943681743,covariate,1.9449538020489712,2.3620086821002957,2.497494973978249
R18,87,reported generator,0.3193247523986762,0.25720806871243884,platt,8.524636514881934,7.918718996584957,8.307893932888426
R18,87,reported generator,0.3193247523986762,0.25720806871243884,covariate,2.156460750471574,2.2551676224096155,2.6946041046584384
R18,87,RTO decoupled from degradation,0.01020596123696597,-0.08074178160679556,platt,10.719281016792344,8.840245412187585,8.127740908102396
R18,87,RTO decoupled from degradation,0.01020596123696597,-0.08074178160679556,covariate,2.6572681019249558,2.2962057465439045,2.660378545027285
R18,87,"RTO observed, lognormal error 0.25",0.2692621810968502,0.21382507858340152,platt,9.372444130961554,9.587500506752086,8.307893932888426
R18,87,"RTO observed, lognormal error 0.25",0.2692621810968502,0.21382507858340152,covariate,2.2983101361361378,2.575805589449587,2.6946041046584384
R18,87,"RTO observed, lognormal error 0.50",0.22475123406953146,0.23627368166946475,platt,7.187511798231299,8.328172329638768,8.307893932888426
R18,87,"RTO observed, lognormal error 0.50",0.22475123406953146,0.23627368166946475,covariate,2.966638523427683,2.900348898372229,2.6946041046584384
R18,88,reported generator,0.4964194547512156,0.3569318452195099,platt,5.268933261813004,7.520492203666599,8.3599128007181
R18,88,reported generator,0.4964194547512156,0.3569318452195099,covariate,1.2304591247997436,1.6393299815582267,1.8332001238336275
R18,88,RTO decoupled from degradation,0.20946785059081338,0.007046094336646777,platt,7.158931420270001,8.248889194725407,8.177536054003838
R18,88,RTO decoupled from degradation,0.20946785059081338,0.007046094336646777,covariate,1.3763732526493584,1.6864983111491938,1.8676938371176348
R18,88,"RTO observed, lognormal error 0.25",0.36458093829406885,0.25526531419120185,platt,5.9034350262293955,7.520492203666599,8.3599128007181
R18,88,"RTO observed, lognormal error 0.25",0.36458093829406885,0.25526531419120185,covariate,0.9905863546817315,1.233793801909016,1.8332001238336275
R18,88,"RTO observed, lognormal error 0.50",0.2310555339386517,0.15269739555963974,platt,6.023215759726547,8.39783463541346,8.3599128007181
R18,88,"RTO observed, lognormal error 0.50",0.2310555339386517,0.15269739555963974,covariate,1.5469214240602227,1.3667284019928445,1.8332001238336275
R18,89,reported generator,0.37515535949174733,0.3698035329594746,platt,8.139026156919094,9.000681855863476,10.308773764533548
R18,89,reported generator,0.37515535949174733,0.3698035329594746,covariate,4.040506002223417,3.7933009521946843,3.7933009521946843
R18,89,RTO decoupled from degradation,0.11676450098926903,0.04078092704097774,platt,9.713892505871954,9.998607496293914,9.992058601925713
R18,89,RTO decoupled from degradation,0.11676450098926903,0.04078092704097774,covariate,4.071316158691914,3.6877780316999633,3.728640037589628
R18,89,"RTO observed, lognormal error 0.25",0.31663701435711633,0.28705886275661935,platt,8.948253512261893,8.98991830177954,10.308773764533548
R18,89,"RTO observed, lognormal error 0.25",0.31663701435711633,0.28705886275661935,covariate,4.076729015258955,4.611953336647709,3.7933009521946843
R18,89,"RTO observed, lognormal error 0.50",0.2947871029751286,0.26549166288664894,platt,8.684925527796928,8.614394551189875,10.308773764533548
R18,89,"RTO observed, lognormal error 0.50",0.2947871029751286,0.26549166288664894,covariate,4.551849906428572,4.649806805220095,3.7933009521946843
R18,90,reported generator,0.34150235345810365,0.3284472815575797,platt,7.871149319279187,9.300469535595479,9.302673799229478
R18,90,reported generator,0.34150235345810365,0.3284472815575797,covariate,4.301507719970051,4.430392886915296,4.2029862429586835
R18,90,RTO decoupled from degradation,0.12027572823326001,0.04156308214662639,platt,10.028145827838188,9.355450042986185,9.072594514351984
R18,90,RTO decoupled from degradation,0.12027572823326001,0.04156308214662639,covariate,4.9513672445426735,4.283377485226161,4.1183920934258325
R18,90,"RTO observed, lognormal error 0.25",0.29272020532897275,0.29160331570422626,platt,7.54736906461957,9.297629826241181,9.302673799229478
R18,90,"RTO observed, lognormal error 0.25",0.29272020532897275,0.29160331570422626,covariate,3.9763876550148645,4.083069747841034,4.2029862429586835
R18,90,"RTO observed, lognormal error 0.50",0.147657599846837,0.18414558814412302,platt,8.681678694565012,9.269622660666752,9.302673799229478
R18,90,"RTO observed, lognormal error 0.50",0.147657599846837,0.18414558814412302,covariate,5.83698006203473,4.618191000217411,4.2029862429586835
R18,91,reported generator,0.40627405601243904,0.31420698016518966,platt,6.436185519441402,6.9535126151174325,8.247142634202838
R18,91,reported generator,0.40627405601243904,0.31420698016518966,covariate,3.0844953188057005,3.014088837303639,3.014088837303639
R18,91,RTO decoupled from degradation,0.12360893499424679,-0.01995066961180708,platt,7.931742122553118,7.184641685654199,7.980109645016128
R18,91,RTO decoupled from degradation,0.12360893499424679,-0.01995066961180708,covariate,3.4610186620920302,2.8649119728962873,2.997590284738312
R18,91,"RTO observed, lognormal error 0.25",0.29939745982376914,0.21894700910039372,platt,6.456234551442144,7.343015901924858,8.247142634202838
R18,91,"RTO observed, lognormal error 0.25",0.29939745982376914,0.21894700910039372,covariate,2.6716228726238143,3.068863206411109,3.014088837303639
R18,91,"RTO observed, lognormal error 0.50",0.16708249375770198,0.10169695983398853,platt,8.542578079112843,8.229323487302835,8.247142634202838
R18,91,"RTO observed, lognormal error 0.50",0.16708249375770198,0.10169695983398853,covariate,4.220121763013829,3.014088837303639,3.014088837303639
R05,42,reported generator,0.24350193775438866,0.3446690854093884,platt,3.5613302830963818,3.8952581608794503,3.475393636259943
R05,42,reported generator,0.24350193775438866,0.3446690854093884,covariate,1.9460139346197751,1.28323155301692,1.28323155301692
R05,42,RTO decoupled from degradation,0.06965635405376347,0.08937091470656652,platt,4.8515902109646625,3.7395729404077827,3.351622411381367
R05,42,RTO decoupled from degradation,0.06965635405376347,0.08937091470656652,covariate,2.3559414325177546,1.238853007122131,1.238853007122131
R05,42,"RTO observed, lognormal error 0.25",0.2051488613576804,0.27775058258143825,platt,3.797711063182957,3.475393636259943,3.475393636259943
R05,42,"RTO observed, lognormal error 0.25",0.2051488613576804,0.27775058258143825,covariate,2.2387008390068495,1.28323155301692,1.28323155301692
R05,42,"RTO observed, lognormal error 0.50",0.07476386252361257,0.16000066158220677,platt,4.039339337759095,3.475393636259943,3.475393636259943
R05,42,"RTO observed, lognormal error 0.50",0.07476386252361257,0.16000066158220677,covariate,1.8307925247395085,1.2953622399770026,1.28323155301692
R05,43,reported generator,0.265847316206689,0.2768922133753793,platt,5.072892184875077,5.383647189415712,6.315716042582996
R05,43,reported generator,0.265847316206689,0.2768922133753793,covariate,2.2179601976055254,2.1646869248068006,1.9741463182917611
R05,43,RTO decoupled from degradation,0.08488141765178547,0.014787727732683992,platt,6.238791676223012,5.633667532539163,6.110307080089917
R05,43,RTO decoupled from degradation,0.08488141765178547,0.014787727732683992,covariate,2.504046970801821,2.087562714769134,1.9088380406424976
R05,43,"RTO observed, lognormal error 0.25",0.22485022677661276,0.2820701820407938,platt,5.4834422089958705,5.85122323042818,6.315716042582996
R05,43,"RTO observed, lognormal error 0.25",0.22485022677661276,0.2820701820407938,covariate,2.3762051147245193,2.4799588640021932,1.9741463182917611
R05,43,"RTO observed, lognormal error 0.50",0.12090344630614437,0.19454476081082803,platt,5.37161856584535,5.383647189415712,6.315716042582996
R05,43,"RTO observed, lognormal error 0.50",0.12090344630614437,0.19454476081082803,covariate,2.9116703282472196,2.4799588640021932,1.9741463182917611
R05,44,reported generator,0.3078428450456215,0.3151341861000693,platt,7.045482865976124,7.949327083038606,7.949327083038606
R05,44,reported generator,0.3078428450456215,0.3151341861000693,covariate,2.1567483016662266,2.021596406920535,2.3070769443071484
R05,44,RTO decoupled from degradation,0.06992693384987948,-0.013352490791998064,platt,8.401999440754434,7.5073969902997,7.6357732111408865
R05,44,RTO decoupled from degradation,0.06992693384987948,-0.013352490791998064,covariate,1.9802732475021827,1.9355471900855168,2.220096760140347
R05,44,"RTO observed, lognormal error 0.25",0.28093938117211714,0.26307631502878376,platt,8.27924580440092,7.896923826521741,7.949327083038606
R05,44,"RTO observed, lognormal error 0.25",0.28093938117211714,0.26307631502878376,covariate,1.4510986433653752,1.729123323785318,2.3070769443071484
R05,44,"RTO observed, lognormal error 0.50",0.17675492619825928,0.15988771247281364,platt,8.035247356088894,7.637332096510525,7.949327083038606
R05,44,"RTO observed, lognormal error 0.50",0.17675492619825928,0.15988771247281364,covariate,2.073502388404691,2.021596406920535,2.3070769443071484
R05,45,reported generator,0.20158700428139367,0.23905916430182703,platt,2.644179922696781,3.1068230609065233,3.62011281529873
R05,45,reported generator,0.20158700428139367,0.23905916430182703,covariate,0.510113027212078,0.9425739462694049,0.9804257057992127
R05,45,RTO decoupled from degradation,0.031182359978905994,-0.02332344300051304,platt,3.3188369620609444,3.473631613113558,3.473631613113558
R05,45,RTO decoupled from degradation,0.031182359978905994,-0.02332344300051304,covariate,1.9643824043294198,0.9467110393514608,0.9467110393514608
R05,45,"RTO observed, lognormal error 0.25",0.15417822303805237,0.15482852517904255,platt,3.4691466016205443,3.1068230609065233,3.62011281529873
R05,45,"RTO observed, lognormal error 0.25",0.15417822303805237,0.15482852517904255,covariate,0.701778253752448,0.4547522592422335,0.9804257057992127
R05,45,"RTO observed, lognormal error 0.50",0.12191464886919819,0.1206739970069645,platt,2.77210224186804,3.6151900151941914,3.62011281529873
R05,45,"RTO observed, lognormal error 0.50",0.12191464886919819,0.1206739970069645,covariate,1.40947215380088,0.9680420136344412,0.9804257057992127
R05,46,reported generator,0.30449195104333115,0.41347336312676025,platt,5.577869783951437,5.963688788190035,5.963688788190035
R05,46,reported generator,0.30449195104333115,0.41347336312676025,covariate,4.520674335818297,3.534066350540529,3.534066350540529
R05,46,RTO decoupled from degradation,0.12350825068089763,0.13546436886004104,platt,6.038285497874688,6.132173048346121,5.801088087226376
R05,46,RTO decoupled from degradation,0.12350825068089763,0.13546436886004104,covariate,4.699230908187034,3.4344978357536116,3.447064699262037
R05,46,"RTO observed, lognormal error 0.25",0.28107561101460354,0.36219685486428904,platt,5.384869574386473,5.963688788190035,5.963688788190035
R05,46,"RTO observed, lognormal error 0.25",0.28107561101460354,0.36219685486428904,covariate,3.812559031379127,3.534066350540529,3.534066350540529
R05,46,"RTO observed, lognormal error 0.50",0.13818144347007072,0.21844251583829227,platt,5.581719996863393,6.098050349607718,5.963688788190035
R05,46,"RTO observed, lognormal error 0.50",0.13818144347007072,0.21844251583829227,covariate,4.160424574438062,3.690633114027632,3.534066350540529
R05,47,reported generator,0.2039669135543765,0.23156839541064206,platt,4.471108965782447,5.746357720527149,5.943325743056986
R05,47,reported generator,0.2039669135543765,0.23156839541064206,covariate,2.026430296683099,1.9116465538841965,1.9116465538841965
R05,47,RTO decoupled from degradation,0.03258143823400096,-0.06057288657339224,platt,4.99975120512783,6.34990293235735,5.753610625587652
R05,47,RTO decoupled from degradation,0.03258143823400096,-0.06057288657339224,covariate,2.24189879206065,1.8520633514178924,1.8520633514178924
R05,47,"RTO observed, lognormal error 0.25",0.21106186803608556,0.22048311862693504,platt,4.7145198060230555,5.410114142781442,5.943325743056986
R05,47,"RTO observed, lognormal error 0.25",0.21106186803608556,0.22048311862693504,covariate,1.73281522558241,1.9116465538841965,1.9116465538841965
R05,47,"RTO observed, lognormal error 0.50",0.2045667187690284,0.21370862960203346,platt,5.352872891883134,6.074069354476455,5.943325743056986
R05,47,"RTO observed, lognormal error 0.50",0.2045667187690284,0.21370862960203346,covariate,2.3979034822781173,1.9116465538841965,1.9116465538841965
R05,48,reported generator,0.21088876173658466,0.37044171807409876,platt,2.3630659185503973,3.3481125779136285,3.3481125779136285
R05,48,reported generator,0.21088876173658466,0.37044171807409876,covariate,2.1824212683054487,1.1985973032255357,1.1848399466525237
R05,48,RTO decoupled from degradation,0.06050036419922635,0.12756441167375757,platt,3.8915735943784773,3.207050196794328,3.207050196794328
R05,48,RTO decoupled from degradation,0.06050036419922635,0.12756441167375757,covariate,3.275519858449452,1.165304385584637,1.1520991810470278
R05,48,"RTO observed, lognormal error 0.25",0.194095756120173,0.302497730974977,platt,2.91305341667943,3.3481125779136285,3.3481125779136285
R05,48,"RTO observed, lognormal error 0.25",0.194095756120173,0.302497730974977,covariate,1.6522442667878856,1.1985973032255357,1.1848399466525237
R05,48,"RTO observed, lognormal error 0.50",0.04724199129335227,0.21558613143948693,platt,2.800181356995556,2.8079902325903365,3.3481125779136285
R05,48,"RTO observed, lognormal error 0.50",0.04724199129335227,0.21558613143948693,covariate,2.6804413105666995,1.1985973032255357,1.1848399466525237
R05,49,reported generator,0.2000013460968171,0.36245884581190824,platt,2.8209697009082904,3.3162262585536277,3.8519102556427685
R05,49,reported generator,0.2000013460968171,0.36245884581190824,covariate,1.6878893406093463,0.7826204079672756,0.7826204079672756
R05,49,RTO decoupled from degradation,0.05344999928760202,0.10672614998152212,platt,4.973499404761759,3.7459080128973916,3.73444943987605
R05,49,RTO decoupled from degradation,0.05344999928760202,0.10672614998152212,covariate,3.5281582714173005,0.7611351846068777,0.7611351846068777
R05,49,"RTO observed, lognormal error 0.25",0.11799476362893195,0.3000455753905873,platt,4.681592852057233,3.3162262585536277,3.8519102556427685
R05,49,"RTO observed, lognormal error 0.25",0.11799476362893195,0.3000455753905873,covariate,3.116349084428739,0.7826204079672756,0.7826204079672756
R05,49,"RTO observed, lognormal error 0.50",0.09407264002062125,0.19606030531117302,platt,3.2713856599772697,3.8519102556427685,3.8519102556427685
R05,49,"RTO observed, lognormal error 0.50",0.09407264002062125,0.19606030531117302,covariate,3.25209952156196,0.7994925520592417,0.7826204079672756
R05,50,reported generator,0.2394565377714446,0.2831377579404522,platt,3.805493034026936,3.6802784464837117,3.6802784464837117
R05,50,reported generator,0.2394565377714446,0.2831377579404522,covariate,1.8077293826755607,0.7552241926359482,0.7552241926359482
R05,50,RTO decoupled from degradation,0.06586506980261737,0.013433817733827687,platt,4.737184859350628,3.534801579178551,3.534801579178551
R05,50,RTO decoupled from degradation,0.06586506980261737,0.013433817733827687,covariate,2.077650940181049,1.1760003746056311,0.7349061042124498
R05,50,"RTO observed, lognormal error 0.25",0.2187679875710103,0.27850786045086284,platt,3.6670959607754483,3.6802784464837117,3.6802784464837117
R05,50,"RTO observed, lognormal error 0.25",0.2187679875710103,0.27850786045086284,covariate,2.117916646527174,1.2058118187544649,0.7552241926359482
R05,50,"RTO observed, lognormal error 0.50",0.20578473279180745,0.20619068290018197,platt,4.213315685750224,3.6802784464837117,3.6802784464837117
R05,50,"RTO observed, lognormal error 0.50",0.20578473279180745,0.20619068290018197,covariate,0.6192641658551548,0.7521377104195901,0.7552241926359482
R05,51,reported generator,0.218692839920303,0.3520702382521367,platt,3.228236957436887,4.098016895980116,4.098016895980116
R05,51,reported generator,0.218692839920303,0.3520702382521367,covariate,1.4661406101928547,1.143708684970985,1.143708684970985
R05,51,RTO decoupled from degradation,0.05960701767458919,0.0990551074695036,platt,5.016988936872075,3.9703211825401787,3.9703211825401787
R05,51,RTO decoupled from degradation,0.05960701767458919,0.0990551074695036,covariate,1.5406856196488166,1.125103821167933,1.125103821167933
R05,51,"RTO observed, lognormal error 0.25",0.1707353467329755,0.3095463828363948,platt,3.0571826877818298,3.863786686491986,4.098016895980116
R05,51,"RTO observed, lognormal error 0.25",0.1707353467329755,0.3095463828363948,covariate,1.150269575083951,1.143708684970985,1.143708684970985
R05,51,"RTO observed, lognormal error 0.50",0.11387063501098775,0.21096403936221386,platt,4.735178303462975,4.098016895980116,4.098016895980116
R05,51,"RTO observed, lognormal error 0.50",0.11387063501098775,0.21096403936221386,covariate,1.9504906135074123,1.1456999660325806,1.143708684970985
R05,52,reported generator,0.24703270212185602,0.2692011313391834,platt,3.4051271294454466,3.2290630074585147,3.2290630074585147
R05,52,reported generator,0.24703270212185602,0.2692011313391834,covariate,1.1357575843275,0.8835359336226993,0.8835359336226993
R05,52,RTO decoupled from degradation,0.06585780850812896,-0.01959947863276276,platt,4.098323398264941,2.838053362410787,3.1329044787860854
R05,52,RTO decoupled from degradation,0.06585780850812896,-0.01959947863276276,covariate,1.0991893961224601,0.8519419606959451,0.8519419606959451
R05,52,"RTO observed, lognormal error 0.25",0.19559642108295647,0.2622212689080272,platt,3.126624914650744,3.2290630074585147,3.2290630074585147
R05,52,"RTO observed, lognormal error 0.25",0.19559642108295647,0.2622212689080272,covariate,1.005365287470834,0.8835359336226993,0.8835359336226993
R05,52,"RTO observed, lognormal error 0.50",0.04697860709821554,0.11455872334754998,platt,4.1875714231538055,3.628118934774122,3.2290630074585147
R05,52,"RTO observed, lognormal error 0.50",0.04697860709821554,0.11455872334754998,covariate,1.8124650883581275,0.8835359336226993,0.8835359336226993
R05,53,reported generator,0.2382939432354783,0.25775240404335326,platt,3.359628978788913,4.042740776313773,4.042740776313773
R05,53,reported generator,0.2382939432354783,0.25775240404335326,covariate,3.073468446106266,1.9571514368739331,1.9571514368739331
R05,53,RTO decoupled from degradation,0.08500959113919013,-0.010628845981250464,platt,4.065328780943497,3.905757903685622,3.905757903685622
R05,53,RTO decoupled from degradation,0.08500959113919013,-0.010628845981250464,covariate,2.9702380912749433,1.883580082680802,1.883580082680802
R05,53,"RTO observed, lognormal error 0.25",0.22790987964812398,0.2266546609155755,platt,3.123497009496174,4.042740776313773,4.042740776313773
R05,53,"RTO observed, lognormal error 0.25",0.22790987964812398,0.2266546609155755,covariate,2.7391255261318213,1.9571514368739331,1.9571514368739331
R05,53,"RTO observed, lognormal error 0.50",0.18119344395183687,0.18494077552709529,platt,3.938073753342909,4.042740776313773,4.042740776313773
R05,53,"RTO observed, lognormal error 0.50",0.18119344395183687,0.18494077552709529,covariate,1.8422363083148596,1.9571514368739331,1.9571514368739331
R05,54,reported generator,0.2469451802010072,0.32717205679992817,platt,4.414739722466992,6.136649128906631,6.699879374062617
R05,54,reported generator,0.2469451802010072,0.32717205679992817,covariate,2.139631286794467,2.246418561781999,2.24187073813958
R05,54,RTO decoupled from degradation,0.06762945116488064,0.02325504908355648,platt,5.934257005207003,6.51320450034717,6.510590151205696
R05,54,RTO decoupled from degradation,0.06762945116488064,0.02325504908355648,covariate,2.787243715368218,2.5602187274142683,2.1895108610156244
R05,54,"RTO observed, lognormal error 0.25",0.2664900456464255,0.28300998668943295,platt,5.2322381428026965,6.620007614342656,6.699879374062617
R05,54,"RTO observed, lognormal error 0.25",0.2664900456464255,0.28300998668943295,covariate,1.6817064421886716,2.2374106322109997,2.24187073813958
R05,54,"RTO observed, lognormal error 0.50",0.11092290220436571,0.1889685045492472,platt,6.428227705076257,6.700707583129791,6.699879374062617
R05,54,"RTO observed, lognormal error 0.50",0.11092290220436571,0.1889685045492472,covariate,1.8715948343953084,2.284966783191191,2.24187073813958
R05,55,reported generator,0.258894092117606,0.2784551462116157,platt,5.153817186303065,5.688388077980796,5.701404465249534
R05,55,reported generator,0.258894092117606,0.2784551462116157,covariate,2.294640662088274,2.2100277791121004,2.2100277791121004
R05,55,RTO decoupled from degradation,0.05266717491278035,-0.02373406756795286,platt,6.570026688462351,5.465663147249927,5.478679534518669
R05,55,RTO decoupled from degradation,0.05266717491278035,-0.02373406756795286,covariate,2.3661273282570665,2.1261806660640667,2.1282599549224575
R05,55,"RTO observed, lognormal error 0.25",0.1722633071629515,0.23092900519142284,platt,5.840318904675466,5.688388077980796,5.701404465249534
R05,55,"RTO observed, lognormal error 0.25",0.1722633071629515,0.23092900519142284,covariate,2.363594111176047,1.9665418308400282,2.2100277791121004
R05,55,"RTO observed, lognormal error 0.50",0.1968709900444903,0.23118159706673913,platt,5.802528530046074,5.688388077980796,5.701404465249534
R05,55,"RTO observed, lognormal error 0.50",0.1968709900444903,0.23118159706673913,covariate,2.148634599921837,1.779975495509528,2.2100277791121004
R05,56,reported generator,0.2030641972096371,0.33531436543983206,platt,2.540824174449085,2.548080068121555,2.548080068121555
R05,56,reported generator,0.2030641972096371,0.33531436543983206,covariate,1.495049213210562,1.3282795414120478,1.3282795414120478
R05,56,RTO decoupled from degradation,0.043143975463806446,0.08664782277955382,platt,2.9555702420723877,2.464334578551301,2.464334578551301
R05,56,RTO decoupled from degradation,0.043143975463806446,0.08664782277955382,covariate,2.4238600771118826,1.2892826745404262,1.2892826745404262
R05,56,"RTO observed, lognormal error 0.25",0.0717454452383315,0.219342858567854,platt,3.566493079243486,2.548080068121555,2.548080068121555
R05,56,"RTO observed, lognormal error 0.25",0.0717454452383315,0.219342858567854,covariate,2.505147682637583,1.3282795414120478,1.3282795414120478
R05,56,"RTO observed, lognormal error 0.50",0.07672406745602996,0.2107586315436094,platt,2.9325852810068938,2.548080068121555,2.548080068121555
R05,56,"RTO observed, lognormal error 0.50",0.07672406745602996,0.2107586315436094,covariate,2.3808564859040766,1.3282795414120478,1.3282795414120478
R05,57,reported generator,0.3199347368145975,0.4018776828070236,platt,6.362876474789449,6.508370446933107,6.510433102940443
R05,57,reported generator,0.3199347368145975,0.4018776828070236,covariate,1.4263818757534104,2.654528597008035,2.654528597008035
R05,57,RTO decoupled from degradation,0.13560972010914613,0.10847207534595013,platt,7.0895339568539235,6.484487825612344,6.299510945586238
R05,57,RTO decoupled from degradation,0.13560972010914613,0.10847207534595013,covariate,3.4694730793550725,2.553688207654254,2.566331261227047
R05,57,"RTO observed, lognormal error 0.25",0.3008176424033712,0.3415068456511296,platt,5.922488664553843,6.699746050425844,6.510433102940443
R05,57,"RTO observed, lognormal error 0.25",0.3008176424033712,0.3415068456511296,covariate,1.5416173361105843,2.8045912113104503,2.654528597008035
R05,57,"RTO observed, lognormal error 0.50",0.2615137953538795,0.2629904628138929,platt,7.508073917594647,6.508385838497521,6.510433102940443
R05,57,"RTO observed, lognormal error 0.50",0.2615137953538795,0.2629904628138929,covariate,2.050212205569096,2.254476852770983,2.654528597008035
R05,58,reported generator,0.2372731717741871,0.33295256513576377,platt,4.07104095734528,5.337197634873851,5.564031988438387
R05,58,reported generator,0.2372731717741871,0.33295256513576377,covariate,1.0055516023229067,0.9383938197866595,1.161899952055439
R05,58,RTO decoupled from degradation,0.09890497112224442,0.07900227320736805,platt,5.6595179277879675,5.421744911715835,5.421744911715835
R05,58,RTO decoupled from degradation,0.09890497112224442,0.07900227320736805,covariate,1.9837868918389825,1.134606696927773,1.134606696927773
R05,58,"RTO observed, lognormal error 0.25",0.16708050061492336,0.25562981007442387,platt,5.7892105292121165,5.564031988438387,5.564031988438387
R05,58,"RTO observed, lognormal error 0.25",0.16708050061492336,0.25562981007442387,covariate,1.707996736338857,1.0226111534535782,1.161899952055439
R05,58,"RTO observed, lognormal error 0.50",0.2189661154773766,0.275619765457215,platt,3.3749848607319244,4.916782691075134,5.564031988438387
R05,58,"RTO observed, lognormal error 0.50",0.2189661154773766,0.275619765457215,covariate,0.833450186740313,0.9383938197866595,1.161899952055439
R05,59,reported generator,0.34943472586080293,0.3685088986240111,platt,4.641230182842623,4.235960083646255,4.270346832806165
R05,59,reported generator,0.34943472586080293,0.3685088986240111,covariate,1.1799152148355248,1.7221658397389987,1.7221658397389987
R05,59,RTO decoupled from degradation,0.18614818548322448,0.06233997431450296,platt,5.291784860500618,4.102223518379365,4.136576780528657
R05,59,RTO decoupled from degradation,0.18614818548322448,0.06233997431450296,covariate,2.198289744517652,1.6634198112365395,1.6634198112365395
R05,59,"RTO observed, lognormal error 0.25",0.2851755102981608,0.32798104722733795,platt,3.970072389318098,4.270346832806165,4.270346832806165
R05,59,"RTO observed, lognormal error 0.25",0.2851755102981608,0.32798104722733795,covariate,1.3817549911748968,1.7221658397389987,1.7221658397389987
R05,59,"RTO observed, lognormal error 0.50",0.2882180000356564,0.2911664206161343,platt,5.088859132896097,4.270346832806165,4.270346832806165
R05,59,"RTO observed, lognormal error 0.50",0.2882180000356564,0.2911664206161343,covariate,1.9861072702785556,1.7221658397389987,1.7221658397389987
R05,60,reported generator,0.220060199815476,0.28004948152375875,platt,3.658365401784332,3.192190008266163,3.5663839660830003
R05,60,reported generator,0.220060199815476,0.28004948152375875,covariate,1.4732752113082839,1.0474155332745232,1.0474155332745232
R05,60,RTO decoupled from degradation,0.047549158582099925,0.01749130151383188,platt,4.039506171810054,3.0543111341483273,3.425752531911421
R05,60,RTO decoupled from degradation,0.047549158582099925,0.01749130151383188,covariate,2.1522471297945494,1.0154821726447807,1.0154821726447807
R05,60,"RTO observed, lognormal error 0.25",0.14495688948888386,0.17516108427257723,platt,3.8442308849529594,3.2116778543876663,3.5663839660830003
R05,60,"RTO observed, lognormal error 0.25",0.14495688948888386,0.17516108427257723,covariate,1.442570077731756,1.0216734174999047,1.0474155332745232
R05,60,"RTO observed, lognormal error 0.50",0.11744485106662722,0.1092279412393331,platt,3.6697534780607928,3.5663839660830003,3.5663839660830003
R05,60,"RTO observed, lognormal error 0.50",0.11744485106662722,0.1092279412393331,covariate,2.10355391510012,1.0167103996979954,1.0474155332745232
R05,61,reported generator,0.2453316026817815,0.2772822250281574,platt,2.0240393478197283,3.875925935136475,3.875925935136475
R05,61,reported generator,0.2453316026817815,0.2772822250281574,covariate,0.8085782657521521,0.08276235921098163,0.08276235921098163
R05,61,RTO decoupled from degradation,0.12110579922612624,0.04866598525407323,platt,3.4821045852669097,3.752737798480531,3.752737798480531
R05,61,RTO decoupled from degradation,0.12110579922612624,0.04866598525407323,covariate,1.6169134577404445,0.08004764438937162,0.08004764438937162
R05,61,"RTO observed, lognormal error 0.25",0.28802409352392006,0.2895756899418077,platt,0.9586390924157366,3.875925935136475,3.875925935136475
R05,61,"RTO observed, lognormal error 0.25",0.28802409352392006,0.2895756899418077,covariate,0.51844623555264,0.08276235921098163,0.08276235921098163
R05,61,"RTO observed, lognormal error 0.50",0.13346927372306477,0.16529559631619462,platt,2.703915192717844,3.9960423188874112,3.875925935136475
R05,61,"RTO observed, lognormal error 0.50",0.13346927372306477,0.16529559631619462,covariate,0.8712717641949728,0.37289438941049324,0.08276235921098163
R05,62,reported generator,0.23097589093139553,0.25280974358080927,platt,4.88733394712518,4.485831098602066,4.748296636562843
R05,62,reported generator,0.23097589093139553,0.25280974358080927,covariate,1.8739328310270613,1.6610481055882529,1.25718759215993
R05,62,RTO decoupled from degradation,0.06970376498753193,-0.004424293032947701,platt,5.71625995658775,4.313571708465684,4.572750030873198
R05,62,RTO decoupled from degradation,0.06970376498753193,-0.004424293032947701,covariate,2.2819735600492432,1.5990785749577938,1.2080046606284718
R05,62,"RTO observed, lognormal error 0.25",0.17815304704999388,0.26221089599604824,platt,4.86792480656977,5.02841432811751,4.748296636562843
R05,62,"RTO observed, lognormal error 0.25",0.17815304704999388,0.26221089599604824,covariate,1.9326758123809098,1.6691853186419872,1.25718759215993
R05,62,"RTO observed, lognormal error 0.50",0.18575817253100813,0.24002267340793365,platt,5.0494481164140215,4.485831098602066,4.748296636562843
R05,62,"RTO observed, lognormal error 0.50",0.18575817253100813,0.24002267340793365,covariate,2.0956674269117457,1.6610481055882529,1.25718759215993
R05,63,reported generator,0.1974995412823312,0.2962372443068475,platt,2.075593319524327,3.1751130252391824,3.203609446577413
R05,63,reported generator,0.1974995412823312,0.2962372443068475,covariate,1.259299305778574,0.3768688315734239,0.3768688315734239
R05,63,RTO decoupled from degradation,0.0770991551618823,0.05865932387072807,platt,2.5269121537101586,3.1029936463109067,3.1029936463109067
R05,63,RTO decoupled from degradation,0.0770991551618823,0.05865932387072807,covariate,1.7281386688166602,0.7758294340225382,0.3661660141120975
R05,63,"RTO observed, lognormal error 0.25",0.14396554105281845,0.2270365472516667,platt,2.7809789732484327,3.1751130252391824,3.203609446577413
R05,63,"RTO observed, lognormal error 0.25",0.14396554105281845,0.2270365472516667,covariate,1.2503419823492625,0.39570815776669566,0.3768688315734239
R05,63,"RTO observed, lognormal error 0.50",0.13293847584181243,0.2147745323214036,platt,1.8737616381675912,3.1751130252391824,3.203609446577413
R05,63,"RTO observed, lognormal error 0.50",0.13293847584181243,0.2147745323214036,covariate,0.9441327596728706,0.793258168417879,0.3768688315734239
R05,64,reported generator,0.27140981578713747,0.38489612749636304,platt,6.874222263088209,9.311000976127035,9.392092398506557
R05,64,reported generator,0.27140981578713747,0.38489612749636304,covariate,2.81115380277852,2.865077233746879,2.865077233746879
R05,64,RTO decoupled from degradation,0.08053084944237705,0.10466191841373688,platt,9.209288569950779,8.987807452496398,9.064742042249907
R05,64,RTO decoupled from degradation,0.08053084944237705,0.10466191841373688,covariate,3.652730270610416,3.2785434127775606,2.781305714722073
R05,64,"RTO observed, lognormal error 0.25",0.2085199101163828,0.2952031190217272,platt,8.547399293390866,9.311000976127035,9.392092398506557
R05,64,"RTO observed, lognormal error 0.25",0.2085199101163828,0.2952031190217272,covariate,3.0519555727259373,2.865077233746879,2.865077233746879
R05,64,"RTO observed, lognormal error 0.50",0.20007992550091774,0.3338424887040977,platt,9.893743468767683,9.311000976127035,9.392092398506557
R05,64,"RTO observed, lognormal error 0.50",0.20007992550091774,0.3338424887040977,covariate,3.910863281549675,3.388477525969174,2.865077233746879
R05,65,reported generator,0.38136176411703393,0.3325112152904801,platt,3.9221576143626127,6.576592174842521,7.756279156507755
R05,65,reported generator,0.38136176411703393,0.3325112152904801,covariate,1.753343804345576,2.3199729187571467,2.3199729187571467
R05,65,RTO decoupled from degradation,0.20499021312949411,0.055070407340353934,platt,6.083752825618761,7.514099117639796,7.514099117639796
R05,65,RTO decoupled from degradation,0.20499021312949411,0.055070407340353934,covariate,4.084728040109262,2.207533353895208,2.207533353895208
R05,65,"RTO observed, lognormal error 0.25",0.2753872761011347,0.2562870055338924,platt,5.736269867748739,6.576592174842521,7.756279156507755
R05,65,"RTO observed, lognormal error 0.25",0.2753872761011347,0.2562870055338924,covariate,2.4892793419952355,1.9933055154053712,2.3199729187571467
R05,65,"RTO observed, lognormal error 0.50",0.2659799241571232,0.22262929091428824,platt,7.679756833799953,7.142569493003585,7.756279156507755
R05,65,"RTO observed, lognormal error 0.50",0.2659799241571232,0.22262929091428824,covariate,3.0332967758531844,2.5318274693207687,2.3199729187571467
R05,66,reported generator,0.23782745889312312,0.15622190175486328,platt,5.804594575239239,5.140275110736599,5.140275110736599
R05,66,reported generator,0.23782745889312312,0.15622190175486328,covariate,2.2163539012801365,1.2763271708689956,1.7609869324264942
R05,66,RTO decoupled from degradation,0.012714423891416375,-0.18905114197871134,platt,6.274138802393035,5.31366291873499,4.919973290551856
R05,66,RTO decoupled from degradation,0.012714423891416375,-0.18905114197871134,covariate,3.4551216619163023,1.6956022242428395,1.6956022242428395
R05,66,"RTO observed, lognormal error 0.25",0.19393885943348496,0.12796127156213116,platt,6.966449854439883,5.140275110736599,5.140275110736599
R05,66,"RTO observed, lognormal error 0.25",0.19393885943348496,0.12796127156213116,covariate,2.693179000892439,0.9343261546875601,1.7609869324264942
R05,66,"RTO observed, lognormal error 0.50",0.18244125829050292,0.11312073144012533,platt,6.021850084553883,5.140275110736599,5.140275110736599
R05,66,"RTO observed, lognormal error 0.50",0.18244125829050292,0.11312073144012533,covariate,3.0369354691699737,1.2542642313430887,1.7609869324264942
R05,67,reported generator,0.21613449860683134,0.27510526000186925,platt,5.009325910454233,5.943536214081936,6.552190701924998
R05,67,reported generator,0.21613449860683134,0.27510526000186925,covariate,1.4818234455104768,2.0418278237239376,2.948351743862018
R05,67,RTO decoupled from degradation,0.02228832488174056,0.02087621060768621,platt,6.557474407755134,5.830693471134957,6.275459530303248
R05,67,RTO decoupled from degradation,0.02228832488174056,0.02087621060768621,covariate,2.7608730546408946,2.423633434757381,2.8539199070614636
R05,67,"RTO observed, lognormal error 0.25",0.1371589027991765,0.17227246335427707,platt,6.260431737429775,6.107424642756708,6.552190701924998
R05,67,"RTO observed, lognormal error 0.25",0.1371589027991765,0.17227246335427707,covariate,2.6549366986076723,2.9931973663340106,2.948351743862018
R05,67,"RTO observed, lognormal error 0.50",0.06508396077113393,0.09271044186793376,platt,6.612647190293911,5.56082560857296,6.552190701924998
R05,67,"RTO observed, lognormal error 0.50",0.06508396077113393,0.09271044186793376,covariate,3.673367317554902,2.1748819714253393,2.948351743862018
R05,68,reported generator,0.2315746220699973,0.35770962216924196,platt,5.711479230652657,7.092784847205692,6.944814896201326
R05,68,reported generator,0.2315746220699973,0.35770962216924196,covariate,3.084260857073147,3.2926084029459197,3.2926084029459197
R05,68,RTO decoupled from degradation,0.09787640820136445,0.11257808117652712,platt,6.524391889030942,6.890808386323516,6.7416126635119715
R05,68,RTO decoupled from degradation,0.09787640820136445,0.11257808117652712,covariate,3.998684853536594,3.255642058222864,3.1910207610302708
R05,68,"RTO observed, lognormal error 0.25",0.212542894920166,0.3008521956376817,platt,5.223159644264907,6.944814896201326,6.944814896201326
R05,68,"RTO observed, lognormal error 0.25",0.212542894920166,0.3008521956376817,covariate,2.111188121370474,3.360277307228662,3.2926084029459197
R05,68,"RTO observed, lognormal error 0.50",0.19483403194326165,0.09837344500741466,platt,7.092784847205692,7.092784847205692,6.944814896201326
R05,68,"RTO observed, lognormal error 0.50",0.19483403194326165,0.09837344500741466,covariate,2.4081095208507506,3.1698434606025856,3.2926084029459197
R05,69,reported generator,0.1953229946375604,0.187970633579511,platt,6.6075224299529545,7.032169005053872,7.032169005053872
R05,69,reported generator,0.1953229946375604,0.187970633579511,covariate,1.6699120145311266,2.528563093670133,2.528563093670133
R05,69,RTO decoupled from degradation,0.016397713367040552,-0.08210611035657829,platt,7.587271002785266,6.810243270814811,6.810243270814811
R05,69,RTO decoupled from degradation,0.016397713367040552,-0.08210611035657829,covariate,2.544179517926442,2.4368866801417957,2.4197581078552295
R05,69,"RTO observed, lognormal error 0.25",0.1869179732422631,0.16825704669345326,platt,6.379936081080041,7.0261505751567,7.032169005053872
R05,69,"RTO observed, lognormal error 0.25",0.1869179732422631,0.16825704669345326,covariate,1.6380483771333392,2.4966994562723457,2.528563093670133
R05,69,"RTO observed, lognormal error 0.50",0.039232191478955056,0.10251999848806678,platt,8.02548520271738,7.326690196681172,7.032169005053872
R05,69,"RTO observed, lognormal error 0.50",0.039232191478955056,0.10251999848806678,covariate,2.7533886484361787,2.6871481715358065,2.528563093670133
R05,70,reported generator,0.21812021272515494,0.2328181154624979,platt,4.982194351618018,4.035445755940804,3.7102485213065037
R05,70,reported generator,0.21812021272515494,0.2328181154624979,covariate,1.9273013856080894,1.153103240647643,1.153103240647643
R05,70,RTO decoupled from degradation,0.01404524991570241,-0.04458261856885237,platt,5.651939972943725,4.697301961367596,3.531880115843827
R05,70,RTO decoupled from degradation,0.01404524991570241,-0.04458261856885237,covariate,1.86491834289121,1.119130189365741,1.119130189365741
R05,70,"RTO observed, lognormal error 0.25",0.1834266557427969,0.16955185221538768,platt,3.5470835485831076,4.035445755940804,3.7102485213065037
R05,70,"RTO observed, lognormal error 0.25",0.1834266557427969,0.16955185221538768,covariate,1.737960062271842,1.153103240647643,1.153103240647643
R05,70,"RTO observed, lognormal error 0.50",0.18197021937697128,0.17906169727694318,platt,3.2068511715130974,3.7102485213065037,3.7102485213065037
R05,70,"RTO observed, lognormal error 0.50",0.18197021937697128,0.17906169727694318,covariate,0.9836880667067183,1.153103240647643,1.153103240647643
R05,71,reported generator,0.13267127626627054,0.273673655744834,platt,3.6627337082925577,3.750606516362702,3.750606516362702
R05,71,reported generator,0.13267127626627054,0.273673655744834,covariate,2.3011126297943743,1.8507759553473222,1.8507759553473222
R05,71,RTO decoupled from degradation,-0.05183068390570121,0.003789047187489379,platt,4.201198644430505,3.5991786313207563,3.5991786313207563
R05,71,RTO decoupled from degradation,-0.05183068390570121,0.003789047187489379,covariate,3.3409914696539613,1.7819806858035476,1.7819806858035476
R05,71,"RTO observed, lognormal error 0.25",0.12759362963006882,0.2570961378090039,platt,4.2485495049096595,3.750606516362702,3.750606516362702
R05,71,"RTO observed, lognormal error 0.25",0.12759362963006882,0.2570961378090039,covariate,2.4916080442197965,1.847663417174957,1.8507759553473222
R05,71,"RTO observed, lognormal error 0.50",0.13562207063231038,0.12046793461031521,platt,4.229545857834083,3.750606516362702,3.750606516362702
R05,71,"RTO observed, lognormal error 0.50",0.13562207063231038,0.12046793461031521,covariate,2.0695255433673716,1.9685014318190306,1.8507759553473222
R05,72,reported generator,0.344274637262434,0.37442301106911274,platt,4.813025231734462,4.236328214746553,5.644746185100656
R05,72,reported generator,0.344274637262434,0.37442301106911274,covariate,2.2884965984626557,1.4337880038892408,1.4383372481255403
R05,72,RTO decoupled from degradation,0.17909895724285885,0.12344679043134128,platt,5.383799469276257,4.973010411519985,5.500200850692211
R05,72,RTO decoupled from degradation,0.17909895724285885,0.12344679043134128,covariate,3.5964935412134427,1.97906525418463,1.4262467784492507
R05,72,"RTO observed, lognormal error 0.25",0.23292788564604905,0.3175523075106763,platt,4.323278882271493,4.303105811263309,5.644746185100656
R05,72,"RTO observed, lognormal error 0.25",0.23292788564604905,0.3175523075106763,covariate,2.543485197648283,1.4337880038892408,1.4383372481255403
R05,72,"RTO observed, lognormal error 0.50",0.2719476458098609,0.3038784109279409,platt,3.8919534040715735,4.435656632281335,5.644746185100656
R05,72,"RTO observed, lognormal error 0.50",0.2719476458098609,0.3038784109279409,covariate,2.9194714823188175,1.4790938991833205,1.4383372481255403
R05,73,reported generator,0.2665975888826635,0.28608333246016954,platt,5.878477616935021,7.318092626467454,7.393885989118852
R05,73,reported generator,0.2665975888826635,0.28608333246016954,covariate,2.6330696424192404,3.166165558572903,3.166165558572903
R05,73,RTO decoupled from degradation,0.07791507890673702,0.020218107564055923,platt,6.294078507996369,7.100578108035235,7.100578108035235
R05,73,RTO decoupled from degradation,0.07791507890673702,0.020218107564055923,covariate,4.003130671206611,3.040922465817504,3.040922465817504
R05,73,"RTO observed, lognormal error 0.25",0.2554514482606097,0.26202214667145873,platt,7.494406050819993,7.393885989118852,7.393885989118852
R05,73,"RTO observed, lognormal error 0.25",0.2554514482606097,0.26202214667145873,covariate,2.5349913938690456,2.8244111798384246,3.166165558572903
R05,73,"RTO observed, lognormal error 0.50",0.11129924495751005,0.13775535096051758,platt,6.328758943243185,7.318092626467454,7.393885989118852
R05,73,"RTO observed, lognormal error 0.50",0.11129924495751005,0.13775535096051758,covariate,2.6906536141400323,3.166165558572903,3.166165558572903
R05,74,reported generator,0.30111038824123804,0.24174779942100452,platt,3.7411443758390464,6.189805125045342,7.291931200080321
R05,74,reported generator,0.30111038824123804,0.24174779942100452,covariate,0.8502889748997191,2.1551468413159727,2.8845868406334345
R05,74,RTO decoupled from degradation,0.11523038842304636,-0.061390412595923594,platt,6.782534690860351,6.999864794257975,6.999864794257975
R05,74,RTO decoupled from degradation,0.11523038842304636,-0.061390412595923594,covariate,2.6843084945633224,2.42934769188878,2.7902016090446944
R05,74,"RTO observed, lognormal error 0.25",0.27765112192360214,0.25990329418987956,platt,6.017663790112578,7.2205845733226655,7.291931200080321
R05,74,"RTO observed, lognormal error 0.25",0.27765112192360214,0.25990329418987956,covariate,2.487544905548835,2.698054300739927,2.8845868406334345
R05,74,"RTO observed, lognormal error 0.50",0.21917057095239367,0.21794463442129466,platt,4.737754750033404,6.761524381823581,7.291931200080321
R05,74,"RTO observed, lognormal error 0.50",0.21917057095239367,0.21794463442129466,covariate,1.188515134862171,1.95380888851681,2.8845868406334345
R05,75,reported generator,0.31907026329886184,0.23009251000021702,platt,5.34366030094662,4.896672830753779,4.896672830753779
R05,75,reported generator,0.31907026329886184,0.23009251000021702,covariate,3.372048734069512,3.3568385199798403,3.3568385199798403
R05,75,RTO decoupled from degradation,0.1543334919920906,-0.011119657554667274,platt,6.211520852609403,4.632989735605659,4.730608327125926
R05,75,RTO decoupled from degradation,0.1543334919920906,-0.011119657554667274,covariate,3.7741912862914146,3.267186567087534,3.267186567087534
R05,75,"RTO observed, lognormal error 0.25",0.198342987025598,0.1420107406578795,platt,6.007308334770164,4.898915145439194,4.896672830753779
R05,75,"RTO observed, lognormal error 0.25",0.198342987025598,0.1420107406578795,covariate,4.726139255041009,3.3568385199798403,3.3568385199798403
R05,75,"RTO observed, lognormal error 0.50",0.19346983169297602,0.11097803515701239,platt,5.398425194314816,4.908274403139629,4.896672830753779
R05,75,"RTO observed, lognormal error 0.50",0.19346983169297602,0.11097803515701239,covariate,3.629900537536539,3.3568385199798403,3.3568385199798403
R05,76,reported generator,0.26436598086508295,0.2958625003264755,platt,5.256655945208847,6.304635774123378,6.304635774123378
R05,76,reported generator,0.26436598086508295,0.2958625003264755,covariate,1.4478039990557363,2.012935888877644,2.0750813774483294
R05,76,RTO decoupled from degradation,0.06354596183232979,0.019224298770029447,platt,7.344981307243346,6.1286678678941,6.1286678678941
R05,76,RTO decoupled from degradation,0.06354596183232979,0.019224298770029447,covariate,1.5024682575950976,1.952176360777436,2.012889364848334
R05,76,"RTO observed, lognormal error 0.25",0.17583147014670777,0.2554878799580393,platt,6.5908285308768235,6.306861622000573,6.304635774123378
R05,76,"RTO observed, lognormal error 0.25",0.17583147014670777,0.2554878799580393,covariate,1.0404755617080772,2.0677125229145776,2.0750813774483294
R05,76,"RTO observed, lognormal error 0.50",0.20075146609543332,0.19015359644437743,platt,5.670645717181712,5.770544722995572,6.304635774123378
R05,76,"RTO observed, lognormal error 0.50",0.20075146609543332,0.19015359644437743,covariate,1.4448545169800013,1.9632299460778473,2.0750813774483294
R05,77,reported generator,0.21453061129521975,0.33733275988583744,platt,1.7522143643169725,3.137719970673329,3.11874083080645
R05,77,reported generator,0.21453061129521975,0.33733275988583744,covariate,1.1205221096933187,0.45081658635964406,0.9604757539084563
R05,77,RTO decoupled from degradation,0.06945104369019428,0.106288915021746,platt,3.2260532036329543,3.055980900261721,3.0376150595975684
R05,77,RTO decoupled from degradation,0.06945104369019428,0.106288915021746,covariate,1.3961777616923055,0.9472504455440927,0.9472504455440927
R05,77,"RTO observed, lognormal error 0.25",0.1430800700367788,0.292076327742092,platt,3.426622708359801,3.7126463312728717,3.11874083080645
R05,77,"RTO observed, lognormal error 0.25",0.1430800700367788,0.292076327742092,covariate,1.1287150014865244,0.45081658635964406,0.9604757539084563
R05,77,"RTO observed, lognormal error 0.50",0.08816335120493737,0.21023687627210672,platt,3.457930962706312,3.324556526695024,3.11874083080645
R05,77,"RTO observed, lognormal error 0.50",0.08816335120493737,0.21023687627210672,covariate,1.4025243259097229,1.0031442941786652,0.9604757539084563
R05,78,reported generator,0.33125278731935515,0.3286937559031983,platt,5.194763439889265,4.171305398041163,4.990111242221392
R05,78,reported generator,0.33125278731935515,0.3286937559031983,covariate,1.1553802972730107,1.5236539152916428,1.5236539152916428
R05,78,RTO decoupled from degradation,0.13678089805368904,0.039836752835857726,platt,6.220180510001986,4.7958590537570105,4.7958590537570105
R05,78,RTO decoupled from degradation,0.13678089805368904,0.039836752835857726,covariate,3.632915246376169,1.463495184449486,1.463495184449486
R05,78,"RTO observed, lognormal error 0.25",0.32449428376334094,0.33275919201468607,platt,5.04993379609401,4.615767692350898,4.990111242221392
R05,78,"RTO observed, lognormal error 0.25",0.32449428376334094,0.33275919201468607,covariate,1.4017494333571268,1.5809238857971781,1.5236539152916428
R05,78,"RTO observed, lognormal error 0.50",0.19712621962064997,0.2164985813002564,platt,4.0625415079984695,5.033988452778766,4.990111242221392
R05,78,"RTO observed, lognormal error 0.50",0.19712621962064997,0.2164985813002564,covariate,1.6437330233316612,1.168236599013544,1.5236539152916428
R05,79,reported generator,0.24602909631089018,0.2758798720525082,platt,3.7052633528831933,5.029539874993251,5.029539874993251
R05,79,reported generator,0.24602909631089018,0.2758798720525082,covariate,2.1251530520886703,2.022331225313822,1.9614892132066828
R05,79,RTO decoupled from degradation,0.09079473628438552,-0.0026136095145804874,platt,4.291062488720407,4.871745770976781,4.871745770976781
R05,79,RTO decoupled from degradation,0.09079473628438552,-0.0026136095145804874,covariate,2.966157778765681,1.9532658044330686,1.8953200530795442
R05,79,"RTO observed, lognormal error 0.25",0.17598307567970126,0.2293865380616237,platt,4.192512252413673,5.029539874993251,5.029539874993251
R05,79,"RTO observed, lognormal error 0.25",0.17598307567970126,0.2293865380616237,covariate,2.5800129108743297,1.9614892132066828,1.9614892132066828
R05,79,"RTO observed, lognormal error 0.50",0.21753216032206663,0.18387599644923672,platt,4.591730932054265,4.094986197945811,5.029539874993251
R05,79,"RTO observed, lognormal error 0.50",0.21753216032206663,0.18387599644923672,covariate,2.835808334400557,2.022331225313822,1.9614892132066828
R05,80,reported generator,0.21530001717548206,0.3399052705563641,platt,2.5949513714582473,2.5970583690017603,3.064421425373017
R05,80,reported generator,0.21530001717548206,0.3399052705563641,covariate,1.4370997215728698,0.8921076481125292,0.8921076481125292
R05,80,RTO decoupled from degradation,0.07558506249512165,0.08299115187954487,platt,3.0374559619506485,2.991331748896778,2.991331748896778
R05,80,RTO decoupled from degradation,0.07558506249512165,0.08299115187954487,covariate,2.0861393047893593,0.8679071660843416,0.8679071660843416
R05,80,"RTO observed, lognormal error 0.25",0.1689131452800395,0.24353358850484255,platt,3.1560199491976135,2.6024754958457867,3.064421425373017
R05,80,"RTO observed, lognormal error 0.25",0.1689131452800395,0.24353358850484255,covariate,2.1460405761221644,0.8921076481125292,0.8921076481125292
R05,80,"RTO observed, lognormal error 0.50",0.15671094599787977,0.25313523790208875,platt,3.129211176006711,3.052288985533705,3.064421425373017
R05,80,"RTO observed, lognormal error 0.50",0.15671094599787977,0.25313523790208875,covariate,2.392193427445844,1.3540535776397613,0.8921076481125292
R05,81,reported generator,0.30160745832302316,0.3561315657675403,platt,5.561714981694552,6.189491959206775,6.7244750670451126
R05,81,reported generator,0.30160745832302316,0.3561315657675403,covariate,3.493130060180988,3.5596599031051106,3.575028581427901
R05,81,RTO decoupled from degradation,0.10976006395434329,0.06862280695722935,platt,6.979156155789758,6.501440058337041,6.501440058337041
R05,81,RTO decoupled from degradation,0.10976006395434329,0.06862280695722935,covariate,4.34976614813554,3.488530060011671,3.503734390999833
R05,81,"RTO observed, lognormal error 0.25",0.320683212261707,0.3015068348368614,platt,5.8508344914425585,6.494719072635576,6.7244750670451126
R05,81,"RTO observed, lognormal error 0.25",0.320683212261707,0.3015068348368614,covariate,2.74747472781117,3.5581819409897015,3.575028581427901
R05,81,"RTO observed, lognormal error 0.50",0.17933527884264322,0.24132762177029973,platt,6.11164983181026,6.671631949185221,6.7244750670451126
R05,81,"RTO observed, lognormal error 0.50",0.17933527884264322,0.24132762177029973,covariate,3.461154674260671,3.575028581427901,3.575028581427901
R05,82,reported generator,0.2641896156655467,0.3672109927644881,platt,3.9960002899693876,4.576930134295866,4.605830026804314
R05,82,reported generator,0.2641896156655467,0.3672109927644881,covariate,1.6200630961208997,0.8354573771284759,0.8452511293805713
R05,82,RTO decoupled from degradation,0.09062215559968105,0.12507485407387783,platt,4.285425274273505,4.451023273492293,4.451023273492293
R05,82,RTO decoupled from degradation,0.09062215559968105,0.12507485407387783,covariate,1.2970326278991058,0.8264739836058475,0.8364758855996071
R05,82,"RTO observed, lognormal error 0.25",0.16005301397382046,0.26809948849321497,platt,3.559149765577761,3.989774398641174,4.605830026804314
R05,82,"RTO observed, lognormal error 0.25",0.16005301397382046,0.26809948849321497,covariate,1.718081466767858,0.8354573771284759,0.8452511293805713
R05,82,"RTO observed, lognormal error 0.50",0.1553034227326501,0.3040931127869036,platt,3.5599489060732736,4.0320160067036745,4.605830026804314
R05,82,"RTO observed, lognormal error 0.50",0.1553034227326501,0.3040931127869036,covariate,2.346302325727317,0.8354573771284759,0.8452511293805713
R05,83,reported generator,0.2928520777085778,0.23679351567314247,platt,5.095038845082248,7.126194504227248,7.256622267840836
R05,83,reported generator,0.2928520777085778,0.23679351567314247,covariate,2.6874322709206577,2.342607770288497,2.951492444160193
R05,83,RTO decoupled from degradation,0.12891052329808342,-0.03216382053357326,platt,6.961111053658799,7.053464269002861,7.049279037435703
R05,83,RTO decoupled from degradation,0.12891052329808342,-0.03216382053357326,covariate,4.357193420528063,2.2940627853303823,2.8830974050932134
R05,83,"RTO observed, lognormal error 0.25",0.2129070659306277,0.1552787762039196,platt,7.74817483461589,6.869912996652415,7.256622267840836
R05,83,"RTO observed, lognormal error 0.25",0.2129070659306277,0.1552787762039196,covariate,3.1377478523344724,2.342607770288497,2.951492444160193
R05,83,"RTO observed, lognormal error 0.50",0.26350185124964526,0.2417997725883516,platt,6.725468843091573,6.7394852330388275,7.256622267840836
R05,83,"RTO observed, lognormal error 0.50",0.26350185124964526,0.2417997725883516,covariate,3.070121988064942,2.69465648768705,2.951492444160193
R05,84,reported generator,0.2856788880821842,0.26069285891712907,platt,3.353786777961318,5.311545745719721,5.3668037694342825
R05,84,reported generator,0.2856788880821842,0.26069285891712907,covariate,1.1647847734957661,0.31234425282302514,0.7980996080137261
R05,84,RTO decoupled from degradation,0.13545737007176875,-0.02743965450213165,platt,4.771543729925498,5.135698498429444,5.190618100018782
R05,84,RTO decoupled from degradation,0.13545737007176875,-0.02743965450213165,covariate,2.0097692844600274,0.7728242223014208,0.7728242223014208
R05,84,"RTO observed, lognormal error 0.25",0.20618161510650757,0.16882109948651103,platt,3.973493131912747,5.3668037694342825,5.3668037694342825
R05,84,"RTO observed, lognormal error 0.25",0.20618161510650757,0.16882109948651103,covariate,0.8745460363154383,0.29056740785817414,0.7980996080137261
R05,84,"RTO observed, lognormal error 0.50",0.22630784037259766,0.21871831989302187,platt,4.853245191806602,5.164465346007354,5.3668037694342825
R05,84,"RTO observed, lognormal error 0.50",0.22630784037259766,0.21871831989302187,covariate,2.1787902414064373,0.7980996080137261,0.7980996080137261
R05,85,reported generator,0.2678605712992365,0.21447064097968702,platt,2.8218277296180894,3.0030734549239275,3.07629124031146
R05,85,reported generator,0.2678605712992365,0.21447064097968702,covariate,2.3963924112426724,1.8847376821625152,1.8847376821625152
R05,85,RTO decoupled from degradation,0.09994057846012794,-0.040539295803162345,platt,4.533513409716507,2.9491605511454293,2.9491605511454293
R05,85,RTO decoupled from degradation,0.09994057846012794,-0.040539295803162345,covariate,2.958453242438076,1.8084712157185625,1.8084712157185625
R05,85,"RTO observed, lognormal error 0.25",0.21196391533755757,0.2005650018838015,platt,3.9786818991820434,3.07629124031146,3.07629124031146
R05,85,"RTO observed, lognormal error 0.25",0.21196391533755757,0.2005650018838015,covariate,2.7960522525195666,1.8847376821625152,1.8847376821625152
R05,85,"RTO observed, lognormal error 0.50",0.2007044206389803,0.163974587973365,platt,3.3863841042616967,3.0030734549239275,3.07629124031146
R05,85,"RTO observed, lognormal error 0.50",0.2007044206389803,0.163974587973365,covariate,1.5600114044412372,1.8847376821625152,1.8847376821625152
R05,86,reported generator,0.2682121783232371,0.38345532597206616,platt,3.9818975022252685,6.255031845599917,6.609083689719854
R05,86,reported generator,0.2682121783232371,0.38345532597206616,covariate,1.9797682171096138,2.0471791487769915,2.374720343640109
R05,86,RTO decoupled from degradation,0.10187679565731486,0.1354999753647524,platt,5.368252981082668,6.0430055948755275,6.387788382557007
R05,86,RTO decoupled from degradation,0.10187679565731486,0.1354999753647524,covariate,2.5121792653360124,1.9654109003117481,2.289548224758051
R05,86,"RTO observed, lognormal error 0.25",0.23326640447902156,0.34151116197692905,platt,5.195996884108411,6.255031845599917,6.609083689719854
R05,86,"RTO observed, lognormal error 0.25",0.23326640447902156,0.34151116197692905,covariate,1.6487097400605268,2.0471791487769915,2.374720343640109
R05,86,"RTO observed, lognormal error 0.50",0.18447292297864962,0.23822517051562433,platt,5.41292024101464,6.311732520321336,6.609083689719854
R05,86,"RTO observed, lognormal error 0.50",0.18447292297864962,0.23822517051562433,covariate,1.8418518434437825,1.090519807139489,2.374720343640109
R05,87,reported generator,0.2762740225249782,0.20772385530176837,platt,4.782154646661898,4.743981639733017,5.248093841539431
R05,87,reported generator,0.2762740225249782,0.20772385530176837,covariate,2.163936121259571,2.48920308907695,2.9933152908833645
R05,87,RTO decoupled from degradation,0.06926931162349659,-0.0883793757785498,platt,5.9046302111895,5.6607512988200765,5.060849463643872
R05,87,RTO decoupled from degradation,0.06926931162349659,-0.0883793757785498,covariate,2.7701206066089954,2.8626173331584743,2.8626173331584743
R05,87,"RTO observed, lognormal error 0.25",0.29427442092579026,0.18501994725330317,platt,5.318288512897455,4.980480200524568,5.248093841539431
R05,87,"RTO observed, lognormal error 0.25",0.29427442092579026,0.18501994725330317,covariate,1.9038484911343652,2.6168378887293002,2.9933152908833645
R05,87,"RTO observed, lognormal error 0.50",0.2005454788027577,0.19392875346113306,platt,5.195504959283165,4.734750470698048,5.248093841539431
R05,87,"RTO observed, lognormal error 0.50",0.2005454788027577,0.19392875346113306,covariate,2.111561237776902,2.38832285886936,2.9933152908833645
R05,88,reported generator,0.34500224922787887,0.3076332264357321,platt,5.017379420130672,7.135257814195409,7.286387711476525
R05,88,reported generator,0.34500224922787887,0.3076332264357321,covariate,1.316435072294329,1.767045037190666,2.5612879062562666
R05,88,RTO decoupled from degradation,0.15069603676612411,0.009061221136130636,platt,5.742225031616281,7.506589747142904,7.087569949902223
R05,88,RTO decoupled from degradation,0.15069603676612411,0.009061221136130636,covariate,2.375598847126904,1.691605217128478,2.465055086147185
R05,88,"RTO observed, lognormal error 0.25",0.28669648158462224,0.21658848876861636,platt,5.389230210882278,7.135257814195409,7.286387711476525
R05,88,"RTO observed, lognormal error 0.25",0.28669648158462224,0.21658848876861636,covariate,1.2908176640659512,1.8295750115945406,2.5612879062562666
R05,88,"RTO observed, lognormal error 0.50",0.19010263676247702,0.10760241375965122,platt,7.375339103420906,7.575070611482985,7.286387711476525
R05,88,"RTO observed, lognormal error 0.50",0.19010263676247702,0.10760241375965122,covariate,2.43154964580231,2.375333134569269,2.5612879062562666
R05,89,reported generator,0.2342930111036523,0.3636561633036934,platt,3.3307312589448195,4.584213969513957,5.183548634425939
R05,89,reported generator,0.2342930111036523,0.3636561633036934,covariate,1.343254774217625,0.5490582768881715,0.3977012979923167
R05,89,RTO decoupled from degradation,0.049929207756430026,0.07734325216639786,platt,5.528034965837037,5.0031137202303935,5.0031137202303935
R05,89,RTO decoupled from degradation,0.049929207756430026,0.07734325216639786,covariate,1.7409803569816136,0.3819300770410381,0.3819300770410381
R05,89,"RTO observed, lognormal error 0.25",0.21260905243566555,0.27679962471251723,platt,5.085146554013354,4.584213969513957,5.183548634425939
R05,89,"RTO observed, lognormal error 0.25",0.21260905243566555,0.27679962471251723,covariate,1.5125786497007585,0.3977012979923167,0.3977012979923167
R05,89,"RTO observed, lognormal error 0.50",0.08174818540804477,0.23607821927021946,platt,5.01460662884462,4.584213969513957,5.183548634425939
R05,89,"RTO observed, lognormal error 0.50",0.08174818540804477,0.23607821927021946,covariate,3.175675122597644,0.5659919137698077,0.3977012979923167
R05,90,reported generator,0.1958747237616153,0.27924729089859135,platt,4.0390439065981605,3.46758404023569,3.860733995973889
R05,90,reported generator,0.1958747237616153,0.27924729089859135,covariate,2.211974698502373,3.2249795494076796,3.2249795494076796
R05,90,RTO decoupled from degradation,0.06438944918462039,0.033499298464966625,platt,4.556789662076188,3.771442742029077,3.771442742029077
R05,90,RTO decoupled from degradation,0.06438944918462039,0.033499298464966625,covariate,3.461688252055678,3.1826064925559434,3.1826064925559434
R05,90,"RTO observed, lognormal error 0.25",0.16385708777475128,0.23961003053284405,platt,3.816735924147448,3.46758404023569,3.860733995973889
R05,90,"RTO observed, lognormal error 0.25",0.16385708777475128,0.23961003053284405,covariate,2.882487448452779,3.2249795494076796,3.2249795494076796
R05,90,"RTO observed, lognormal error 0.50",0.00466281411923419,0.14937453057454073,platt,4.564454973082907,3.860733995973889,3.860733995973889
R05,90,"RTO observed, lognormal error 0.50",0.00466281411923419,0.14937453057454073,covariate,4.099634385013142,3.2249795494076796,3.2249795494076796
R05,91,reported generator,0.24960210725828838,0.2571342727420618,platt,5.217275363327481,5.005159955086233,5.560290615560195
R05,91,reported generator,0.24960210725828838,0.2571342727420618,covariate,1.377602793687938,1.9374901603725654,1.9374901603725654
R05,91,RTO decoupled from degradation,0.036212717618222,-0.03902576051246454,platt,6.094892665624345,5.376117000160022,5.376117000160022
R05,91,RTO decoupled from degradation,0.036212717618222,-0.03902576051246454,covariate,2.4351220661814548,1.8563153025540355,1.8563153025540355
R05,91,"RTO observed, lognormal error 0.25",0.2564874538159266,0.1625189117420439,platt,5.418857893774515,5.005159955086233,5.560290615560195
R05,91,"RTO observed, lognormal error 0.25",0.2564874538159266,0.1625189117420439,covariate,1.5288421129947212,1.9374901603725654,1.9374901603725654
R05,91,"RTO observed, lognormal error 0.50",0.1268839774594351,0.08426463253623356,platt,6.835233430440555,5.556733670401062,5.560290615560195
R05,91,"RTO observed, lognormal error 0.50",0.1268839774594351,0.08426463253623356,covariate,1.3380753806469095,1.9374901603725654,1.9374901603725654
