loss_epoch1,loss_epoch2,total_loss,n_inspected,inspection_cost_charged,cost_epoch1_direct,cost_epoch1_inspection,cost_epoch2,policy,rule,param,sigma_obs,resource_model,seed,regret_total,oracle_total
168.70116504822062,152.48701729049657,321.1881823387172,30,1.5,4.8,1.5,8.700000000000001,inspect_top30_consequence,top_consequence,30,0.05,shared,42,17.316889053794853,303.87129328492233
175.71555242249283,158.82866999129914,334.544222413792,60,3.0,0.8999999999999999,3.0,8.700000000000001,inspect_top60_consequence,top_consequence,60,0.05,shared,42,30.67292912886967,303.87129328492233
169.19229751865987,153.02057178382682,322.2128693024867,30,1.5,4.8,1.5,8.700000000000001,inspect_top30_consequence_no_graph,top_consequence_no_graph,30,0.05,shared,42,18.341576017564364,303.87129328492233
175.70583567949507,158.78144788177684,334.4872835612719,60,3.0,0.8999999999999999,3.0,8.700000000000001,inspect_top60_consequence_no_graph,top_consequence_no_graph,60,0.05,shared,42,30.615990276349578,303.87129328492233
169.3580744936154,153.97898220171913,323.3370566953345,30,1.5,4.8,1.5,8.700000000000001,inspect_top30_uncertainty_x_consequence,top_uncertainty_consequence,30,0.05,shared,42,19.465763410412194,303.87129328492233
175.85941404627096,160.050128938564,335.90954298483496,60,3.0,0.8999999999999999,3.0,8.700000000000001,inspect_top60_uncertainty_x_consequence,top_uncertainty_consequence,60,0.05,shared,42,32.038249699912626,303.87129328492233
168.82421434237136,153.80576400728594,322.62997834965734,30,1.5,4.8,1.5,8.700000000000001,inspect_top30_uncertainty_x_graph_consequence,top_uncertainty_graph_consequence,30,0.05,shared,42,18.758685064735005,303.87129328492233
175.77625313866395,159.9636054630859,335.73985860174986,60,3.0,0.8999999999999999,3.0,8.700000000000001,inspect_top60_uncertainty_x_graph_consequence,top_uncertainty_graph_consequence,60,0.05,shared,42,31.868565316827528,303.87129328492233
176.1600875915321,160.64137986058256,336.80146745211465,60,3.0,0.8999999999999999,3.0,8.700000000000001,inspect_random60,random,60,0.05,shared,42,32.93017416719232,303.87129328492233
183.88936372345552,167.26485061541877,351.1542143388743,30,1.5,4.8,1.5,8.700000000000001,inspect_top30_consequence,top_consequence,30,0.05,shared,43,16.66910011325382,334.48511422562046
191.06008552745743,174.44744657639632,365.50753210385375,60,3.0,0.8999999999999999,3.0,8.700000000000001,inspect_top60_consequence,top_consequence,60,0.05,shared,43,31.022417878233284,334.48511422562046
184.0136402866885,167.54739509463164,351.56103538132015,30,1.5,4.8,1.5,8.700000000000001,inspect_top30_consequence_no_graph,top_consequence_no_graph,30,0.05,shared,43,17.07592115569969,334.48511422562046
190.9337294989449,174.4910770925868,365.4248065915317,60,3.0,0.8999999999999999,3.0,8.700000000000001,inspect_top60_consequence_no_graph,top_consequence_no_graph,60,0.05,shared,43,30.93969236591124,334.48511422562046
183.7668321823948,167.9760950038949,351.7429271862897,30,1.5,4.8,1.5,8.700000000000001,inspect_top30_uncertainty_x_consequence,top_uncertainty_consequence,30,0.05,shared,43,17.25781296066924,334.48511422562046
191.0474532826019,174.6424567128829,365.6899099954848,60,3.0,0.8999999999999999,3.0,8.700000000000001,inspect_top60_uncertainty_x_consequence,top_uncertainty_consequence,60,0.05,shared,43,31.204795769864347,334.48511422562046
183.8528097901886,168.23797932328605,352.09078911347467,30,1.5,4.8,1.5,8.700000000000001,inspect_top30_uncertainty_x_graph_consequence,top_uncertainty_graph_consequence,30,0.05,shared,43,17.605674887854207,334.48511422562046
190.84414403746825,174.71384197138218,365.55798600885043,60,3.0,0.8999999999999999,3.0,8.700000000000001,inspect_top60_uncertainty_x_graph_consequence,top_uncertainty_graph_consequence,60,0.05,shared,43,31.07287178322997,334.48511422562046
190.8416382531862,174.67281700952017,365.5144552627064,60,3.0,0.8999999999999999,3.0,8.700000000000001,inspect_random60,random,60,0.05,shared,43,31.029341037085942,334.48511422562046
180.1685416523496,163.56378127805607,343.73232293040564,30,1.5,4.8,1.5,8.700000000000001,inspect_top30_consequence,top_consequence,30,0.05,shared,44,18.894185676546954,324.8381372538587
186.89549374282888,169.7958275056821,356.691321248511,60,3.0,0.8999999999999999,3.0,8.700000000000001,inspect_top60_consequence,top_consequence,60,0.05,shared,44,31.853183994652284,324.8381372538587
180.36148119831938,164.1115712899351,344.4730524882545,30,1.5,4.8,1.5,8.700000000000001,inspect_top30_consequence_no_graph,top_consequence_no_graph,30,0.05,shared,44,19.634915234395805,324.8381372538587
186.88116042281507,169.76506977081374,356.6462301936288,60,3.0,0.8999999999999999,3.0,8.700000000000001,inspect_top60_consequence_no_graph,top_consequence_no_graph,60,0.05,shared,44,31.80809293977012,324.8381372538587
179.89859072185448,164.0686138449845,343.967204566839,30,1.5,4.8,1.5,8.700000000000001,inspect_top30_uncertainty_x_consequence,top_uncertainty_consequence,30,0.05,shared,44,19.129067312980283,324.8381372538587
187.26709556651082,170.8327371298326,358.0998326963434,60,3.0,0.8999999999999999,3.0,8.700000000000001,inspect_top60_uncertainty_x_consequence,top_uncertainty_consequence,60,0.05,shared,44,33.26169544248472,324.8381372538587
179.58647066742685,163.83379681423438,343.4202674816612,30,1.5,4.8,1.5,8.700000000000001,inspect_top30_uncertainty_x_graph_consequence,top_uncertainty_graph_consequence,30,0.05,shared,44,18.58213022780251,324.8381372538587
186.79859093445387,170.44813552694634,357.2467264614002,60,3.0,0.8999999999999999,3.0,8.700000000000001,inspect_top60_uncertainty_x_graph_consequence,top_uncertainty_graph_consequence,60,0.05,shared,44,32.408589207541525,324.8381372538587
186.26205015620042,172.01916325506681,358.28121341126723,60,3.0,0.8999999999999999,3.0,8.700000000000001,inspect_random60,random,60,0.05,shared,44,33.44307615740854,324.8381372538587
178.81207606862296,161.910588543368,340.7226646119909,30,1.5,4.8,1.5,8.700000000000001,inspect_top30_consequence,top_consequence,30,0.05,shared,45,17.656304268289148,323.0663603437018
185.62427094778946,168.56811962950377,354.1923905772932,60,3.0,0.8999999999999999,3.0,8.700000000000001,inspect_top60_consequence,top_consequence,60,0.05,shared,45,31.12603023359145,323.0663603437018
178.73556597249043,161.83324613690257,340.568812109393,30,1.5,4.8,1.5,8.700000000000001,inspect_top30_consequence_no_graph,top_consequence_no_graph,30,0.05,shared,45,17.502451765691205,323.0663603437018
185.61706778967095,168.8719934072623,354.4890611969332,60,3.0,0.8999999999999999,3.0,8.700000000000001,inspect_top60_consequence_no_graph,top_consequence_no_graph,60,0.05,shared,45,31.422700853231447,323.0663603437018
178.6579875562296,163.8148127026265,342.4728002588561,30,1.5,4.8,1.5,8.700000000000001,inspect_top30_uncertainty_x_consequence,top_uncertainty_consequence,30,0.05,shared,45,19.40643991515435,323.0663603437018
185.43382180162655,169.22879061359066,354.6626124152172,60,3.0,0.8999999999999999,3.0,8.700000000000001,inspect_top60_uncertainty_x_consequence,top_uncertainty_consequence,60,0.05,shared,45,31.596252071515437,323.0663603437018
178.86775934967136,163.65775482301368,342.525514172685,30,1.5,4.8,1.5,8.700000000000001,inspect_top30_uncertainty_x_graph_consequence,top_uncertainty_graph_consequence,30,0.05,shared,45,19.459153828983233,323.0663603437018
185.43382180162655,169.2648828988166,354.69870470044316,60,3.0,0.8999999999999999,3.0,8.700000000000001,inspect_top60_uncertainty_x_graph_consequence,top_uncertainty_graph_consequence,60,0.05,shared,45,31.632344356741385,323.0663603437018
186.08115902648132,170.25983121432077,356.34099024080206,60,3.0,0.8999999999999999,3.0,8.700000000000001,inspect_random60,random,60,0.05,shared,45,33.27462989710028,323.0663603437018
182.55018470270733,165.81245493126102,348.36263963396834,30,1.5,4.8,1.5,8.700000000000001,inspect_top30_consequence,top_consequence,30,0.05,shared,46,16.432979549088657,331.9296600848797
189.61050979392877,172.81376527260338,362.4242750665321,60,3.0,0.8999999999999999,3.0,8.700000000000001,inspect_top60_consequence,top_consequence,60,0.05,shared,46,30.494614981652433,331.9296600848797
182.62543061575684,165.79621680832037,348.4216474240772,30,1.5,4.8,1.5,8.700000000000001,inspect_top30_consequence_no_graph,top_consequence_no_graph,30,0.05,shared,46,16.49198733919752,331.9296600848797
189.57126124408256,173.04713554663596,362.6183967907185,60,3.0,0.8999999999999999,3.0,8.700000000000001,inspect_top60_consequence_no_graph,top_consequence_no_graph,60,0.05,shared,46,30.688736705838835,331.9296600848797
182.3203070479408,166.0937952494184,348.4141022973592,30,1.5,4.8,1.5,8.700000000000001,inspect_top30_uncertainty_x_consequence,top_uncertainty_consequence,30,0.05,shared,46,16.484442212479507,331.9296600848797
189.63033494349912,173.0132809862718,362.64361592977093,60,3.0,0.8999999999999999,3.0,8.700000000000001,inspect_top60_uncertainty_x_consequence,top_uncertainty_consequence,60,0.05,shared,46,30.713955844891245,331.9296600848797
182.04656899762156,165.8617215837932,347.9082905814148,30,1.5,4.8,1.5,8.700000000000001,inspect_top30_uncertainty_x_graph_consequence,top_uncertainty_graph_consequence,30,0.05,shared,46,15.978630496535118,331.9296600848797
189.42341791912733,172.80876344122072,362.232181360348,60,3.0,0.8999999999999999,3.0,8.700000000000001,inspect_top60_uncertainty_x_graph_consequence,top_uncertainty_graph_consequence,60,0.05,shared,46,30.302521275468337,331.9296600848797
189.5151350494429,173.72133186141295,363.2364669108558,60,3.0,0.8999999999999999,3.0,8.700000000000001,inspect_random60,random,60,0.05,shared,46,31.30680682597614,331.9296600848797
172.01366964741962,156.1867608066674,328.20043045408704,30,1.5,4.8,1.5,8.700000000000001,inspect_top30_consequence,top_consequence,30,0.05,shared,47,17.76736659900547,310.43306385508157
179.0149670900184,162.39721893454373,341.4121860245621,60,3.0,0.8999999999999999,3.0,8.700000000000001,inspect_top60_consequence,top_consequence,60,0.05,shared,47,30.979122169480547,310.43306385508157
171.87854864389206,155.791410893649,327.66995953754105,30,1.5,4.8,1.5,8.700000000000001,inspect_top30_consequence_no_graph,top_consequence_no_graph,30,0.05,shared,47,17.236895682459476,310.43306385508157
178.9675636699381,162.44758757572174,341.41515124565984,60,3.0,0.8999999999999999,3.0,8.700000000000001,inspect_top60_consequence_no_graph,top_consequence_no_graph,60,0.05,shared,47,30.982087390578272,310.43306385508157
172.15060620975186,156.49677535554804,328.6473815652999,30,1.5,4.8,1.5,8.700000000000001,inspect_top30_uncertainty_x_consequence,top_uncertainty_consequence,30,0.05,shared,47,18.214317710218324,310.43306385508157
178.99616406213607,162.85480236795325,341.85096643008933,60,3.0,0.8999999999999999,3.0,8.700000000000001,inspect_top60_uncertainty_x_consequence,top_uncertainty_consequence,60,0.05,shared,47,31.41790257500776,310.43306385508157
172.17144414703395,156.49677535554804,328.668219502582,30,1.5,4.8,1.5,8.700000000000001,inspect_top30_uncertainty_x_graph_consequence,top_uncertainty_graph_consequence,30,0.05,shared,47,18.23515564750045,310.43306385508157
178.9880730570789,162.91393208759985,341.90200514467875,60,3.0,0.8999999999999999,3.0,8.700000000000001,inspect_top60_uncertainty_x_graph_consequence,top_uncertainty_graph_consequence,60,0.05,shared,47,31.468941289597183,310.43306385508157
178.89868455575765,162.66607468293196,341.5647592386896,60,3.0,0.8999999999999999,3.0,8.700000000000001,inspect_random60,random,60,0.05,shared,47,31.13169538360802,310.43306385508157
181.38668646488327,164.69809702883393,346.08478349371717,30,1.5,4.8,1.5,8.700000000000001,inspect_top30_consequence,top_consequence,30,0.05,shared,48,16.485695802731698,329.59908769098547
188.50052721717472,171.83443044421915,360.3349576613939,60,3.0,0.8999999999999999,3.0,8.700000000000001,inspect_top60_consequence,top_consequence,60,0.05,shared,48,30.73586997040843,329.59908769098547
181.87715281063603,164.99370127084663,346.87085408148266,30,1.5,4.8,1.5,8.700000000000001,inspect_top30_consequence_no_graph,top_consequence_no_graph,30,0.05,shared,48,17.27176639049719,329.59908769098547
188.93910438721434,172.3706629817707,361.30976736898504,60,3.0,0.8999999999999999,3.0,8.700000000000001,inspect_top60_consequence_no_graph,top_consequence_no_graph,60,0.05,shared,48,31.710679677999565,329.59908769098547
181.3481086927164,165.519075247947,346.8671839406634,30,1.5,4.8,1.5,8.700000000000001,inspect_top30_uncertainty_x_consequence,top_uncertainty_consequence,30,0.05,shared,48,17.26809624967791,329.59908769098547
188.41021575067873,172.27745505006254,360.6876708007413,60,3.0,0.8999999999999999,3.0,8.700000000000001,inspect_top60_uncertainty_x_consequence,top_uncertainty_consequence,60,0.05,shared,48,31.088583109755803,329.59908769098547
181.0650995221278,165.33876461441562,346.40386413654346,30,1.5,4.8,1.5,8.700000000000001,inspect_top30_uncertainty_x_graph_consequence,top_uncertainty_graph_consequence,30,0.05,shared,48,16.80477644555799,329.59908769098547
188.38619810361075,172.25069461342616,360.6368927170369,60,3.0,0.8999999999999999,3.0,8.700000000000001,inspect_top60_uncertainty_x_graph_consequence,top_uncertainty_graph_consequence,60,0.05,shared,48,31.037805026051444,329.59908769098547
188.88978116924676,172.65866240132738,361.54844357057414,60,3.0,0.8999999999999999,3.0,8.700000000000001,inspect_random60,random,60,0.05,shared,48,31.949355879588666,329.59908769098547
177.60170698776875,161.10650677574642,338.7082137635152,30,1.5,4.8,1.5,8.700000000000001,inspect_top30_consequence,top_consequence,30,0.05,shared,49,17.25065468759061,321.45755907592456
184.65485586007645,167.87207265152426,352.5269285116007,60,3.0,0.8999999999999999,3.0,8.700000000000001,inspect_top60_consequence,top_consequence,60,0.05,shared,49,31.06936943567615,321.45755907592456
177.9047532909087,161.7919045543087,339.6966578452174,30,1.5,4.8,1.5,8.700000000000001,inspect_top30_consequence_no_graph,top_consequence_no_graph,30,0.05,shared,49,18.23909876929281,321.45755907592456
184.77151582976967,167.84631116411794,352.6178269938876,60,3.0,0.8999999999999999,3.0,8.700000000000001,inspect_top60_consequence_no_graph,top_consequence_no_graph,60,0.05,shared,49,31.16026791796304,321.45755907592456
178.17515658392517,162.62987136774098,340.80502795166615,30,1.5,4.8,1.5,8.700000000000001,inspect_top30_uncertainty_x_consequence,top_uncertainty_consequence,30,0.05,shared,49,19.347468875741583,321.45755907592456
184.45969569981048,168.5068477351963,352.96654343500677,60,3.0,0.8999999999999999,3.0,8.700000000000001,inspect_top60_uncertainty_x_consequence,top_uncertainty_consequence,60,0.05,shared,49,31.508984359082206,321.45755907592456
177.96083449898958,162.71629766113523,340.6771321601248,30,1.5,4.8,1.5,8.700000000000001,inspect_top30_uncertainty_x_graph_consequence,top_uncertainty_graph_consequence,30,0.05,shared,49,19.21957308420025,321.45755907592456
184.5054852255055,168.9333986172042,353.43888384270974,60,3.0,0.8999999999999999,3.0,8.700000000000001,inspect_top60_uncertainty_x_graph_consequence,top_uncertainty_graph_consequence,60,0.05,shared,49,31.98132476678518,321.45755907592456
184.59426368631273,168.86589030945225,353.460153995765,60,3.0,0.8999999999999999,3.0,8.700000000000001,inspect_random60,random,60,0.05,shared,49,32.00259491984042,321.45755907592456
176.67248208056765,160.2285206993082,336.90100277987585,30,1.5,4.8,1.5,8.700000000000001,inspect_top30_consequence,top_consequence,30,0.05,shared,50,17.275504662853905,319.62549811702195
183.6602881403373,167.0610051383074,350.7212932786447,60,3.0,0.8999999999999999,3.0,8.700000000000001,inspect_top60_consequence,top_consequence,60,0.05,shared,50,31.095795161622732,319.62549811702195
178.04513110080285,161.98365335168148,340.02878445248433,30,1.5,4.8,1.5,8.700000000000001,inspect_top30_consequence_no_graph,top_consequence_no_graph,30,0.05,shared,50,20.403286335462383,319.62549811702195
183.81301455918725,167.33380943867766,351.1468239978649,60,3.0,0.8999999999999999,3.0,8.700000000000001,inspect_top60_consequence_no_graph,top_consequence_no_graph,60,0.05,shared,50,31.521325880842937,319.62549811702195
177.6058894826446,162.03957051524185,339.64545999788646,30,1.5,4.8,1.5,8.700000000000001,inspect_top30_uncertainty_x_consequence,top_uncertainty_consequence,30,0.05,shared,50,20.019961880864514,319.62549811702195
183.9374358722757,168.80913789999926,352.7465737722749,60,3.0,0.8999999999999999,3.0,8.700000000000001,inspect_top60_uncertainty_x_consequence,top_uncertainty_consequence,60,0.05,shared,50,33.12107565525298,319.62549811702195
177.34018687036047,162.03957051524185,339.3797573856023,30,1.5,4.8,1.5,8.700000000000001,inspect_top30_uncertainty_x_graph_consequence,top_uncertainty_graph_consequence,30,0.05,shared,50,19.75425926858037,319.62549811702195
184.17900900427162,168.47845012652655,352.6574591307982,60,3.0,0.8999999999999999,3.0,8.700000000000001,inspect_top60_uncertainty_x_graph_consequence,top_uncertainty_graph_consequence,60,0.05,shared,50,33.031961013776254,319.62549811702195
183.6354167748574,168.6890859443699,352.3245027192273,60,3.0,0.8999999999999999,3.0,8.700000000000001,inspect_random60,random,60,0.05,shared,50,32.69900460220538,319.62549811702195
192.50189778860138,175.9182601202998,368.42015790890116,30,1.5,4.8,1.5,8.700000000000001,inspect_top30_consequence,top_consequence,30,0.05,shared,51,17.359297864229404,351.06086004467176
199.22833842193722,182.42726704769,381.65560546962723,60,3.0,0.8999999999999999,3.0,8.700000000000001,inspect_top60_consequence,top_consequence,60,0.05,shared,51,30.594745424955477,351.06086004467176
192.51694274098816,176.45488568301437,368.9718284240025,30,1.5,4.8,1.5,8.700000000000001,inspect_top30_consequence_no_graph,top_consequence_no_graph,30,0.05,shared,51,17.910968379330768,351.06086004467176
199.20177778429695,183.05811604078983,382.2598938250868,60,3.0,0.8999999999999999,3.0,8.700000000000001,inspect_top60_consequence_no_graph,top_consequence_no_graph,60,0.05,shared,51,31.19903378041505,351.06086004467176
192.53554930438912,176.41824945275988,368.953798757149,30,1.5,4.8,1.5,8.700000000000001,inspect_top30_uncertainty_x_consequence,top_uncertainty_consequence,30,0.05,shared,51,17.892938712477246,351.06086004467176
199.0837284867606,183.163914207761,382.2476426945216,60,3.0,0.8999999999999999,3.0,8.700000000000001,inspect_top60_uncertainty_x_consequence,top_uncertainty_consequence,60,0.05,shared,51,31.186782649849818,351.06086004467176
192.4928274533588,176.47320195590444,368.96602940926323,30,1.5,4.8,1.5,8.700000000000001,inspect_top30_uncertainty_x_graph_consequence,top_uncertainty_graph_consequence,30,0.05,shared,51,17.905169364591472,351.06086004467176
198.9757128817988,183.39803091992033,382.3737438017191,60,3.0,0.8999999999999999,3.0,8.700000000000001,inspect_top60_uncertainty_x_graph_consequence,top_uncertainty_graph_consequence,60,0.05,shared,51,31.31288375704736,351.06086004467176
199.25922243295048,183.33727344519488,382.59649587814533,60,3.0,0.8999999999999999,3.0,8.700000000000001,inspect_random60,random,60,0.05,shared,51,31.535635833473577,351.06086004467176
174.11237755222064,158.00882033315466,332.1211978853753,30,1.5,4.8,1.5,8.700000000000001,inspect_top30_consequence,top_consequence,30,0.05,shared,52,18.700527824912115,313.4206700604632
180.29018609179778,163.68794808669423,343.97813417849204,60,3.0,0.8999999999999999,3.0,8.700000000000001,inspect_top60_consequence,top_consequence,60,0.05,shared,52,30.55746411802886,313.4206700604632
174.26330915541507,157.7896438321113,332.0529529875264,30,1.5,4.8,1.5,8.700000000000001,inspect_top30_consequence_no_graph,top_consequence_no_graph,30,0.05,shared,52,18.632282927063216,313.4206700604632
180.3254164139563,164.16031228904782,344.48572870300416,60,3.0,0.8999999999999999,3.0,8.700000000000001,inspect_top60_consequence_no_graph,top_consequence_no_graph,60,0.05,shared,52,31.065058642540976,313.4206700604632
173.7245348445982,157.8904565773464,331.61499142194464,30,1.5,4.8,1.5,8.700000000000001,inspect_top30_uncertainty_x_consequence,top_uncertainty_consequence,30,0.05,shared,52,18.194321361481457,313.4206700604632
180.17120080997256,163.75402965638685,343.9252304663594,60,3.0,0.8999999999999999,3.0,8.700000000000001,inspect_top60_uncertainty_x_consequence,top_uncertainty_consequence,60,0.05,shared,52,30.5045604058962,313.4206700604632
173.80003942434791,157.8904565773464,331.6904960016943,30,1.5,4.8,1.5,8.700000000000001,inspect_top30_uncertainty_x_graph_consequence,top_uncertainty_graph_consequence,30,0.05,shared,52,18.269825941231147,313.4206700604632
180.17120080997256,163.75402965638685,343.9252304663594,60,3.0,0.8999999999999999,3.0,8.700000000000001,inspect_top60_uncertainty_x_graph_consequence,top_uncertainty_graph_consequence,60,0.05,shared,52,30.5045604058962,313.4206700604632
180.31998494430573,164.35282383589038,344.6728087801961,60,3.0,0.8999999999999999,3.0,8.700000000000001,inspect_random60,random,60,0.05,shared,52,31.252138719732898,313.4206700604632
184.91142755258008,168.228963806597,353.1403913591771,30,1.5,4.8,1.5,8.700000000000001,inspect_top30_consequence,top_consequence,30,0.05,shared,53,17.461190533866557,335.67920082531055
191.50998030471112,174.71018394214727,366.2201642468584,60,3.0,0.8999999999999999,3.0,8.700000000000001,inspect_top60_consequence,top_consequence,60,0.05,shared,53,30.540963421547872,335.67920082531055
184.29402084413334,168.0806332507755,352.3746540949088,30,1.5,4.8,1.5,8.700000000000001,inspect_top30_consequence_no_graph,top_consequence_no_graph,30,0.05,shared,53,16.69545326959826,335.67920082531055
191.5267303597968,174.56570816273728,366.09243852253405,60,3.0,0.8999999999999999,3.0,8.700000000000001,inspect_top60_consequence_no_graph,top_consequence_no_graph,60,0.05,shared,53,30.413237697223508,335.67920082531055
184.2385385977816,169.12805592523492,353.3665945230165,30,1.5,4.8,1.5,8.700000000000001,inspect_top30_uncertainty_x_consequence,top_uncertainty_consequence,30,0.05,shared,53,17.687393697705943,335.67920082531055
191.5337674332328,174.99013761279141,366.5239050460242,60,3.0,0.8999999999999999,3.0,8.700000000000001,inspect_top60_uncertainty_x_consequence,top_uncertainty_consequence,60,0.05,shared,53,30.844704220713652,335.67920082531055
184.94069901228528,168.78087068414965,353.7215696964349,30,1.5,4.8,1.5,8.700000000000001,inspect_top30_uncertainty_x_graph_consequence,top_uncertainty_graph_consequence,30,0.05,shared,53,18.04236887112438,335.67920082531055
191.47382866799893,174.96627430314433,366.44010297114323,60,3.0,0.8999999999999999,3.0,8.700000000000001,inspect_top60_uncertainty_x_graph_consequence,top_uncertainty_graph_consequence,60,0.05,shared,53,30.760902145832688,335.67920082531055
191.36618132148607,175.04917715125072,366.4153584727368,60,3.0,0.8999999999999999,3.0,8.700000000000001,inspect_random60,random,60,0.05,shared,53,30.73615764742624,335.67920082531055
175.59266827337413,159.0429956456038,334.6356639189779,30,1.5,4.8,1.5,8.700000000000001,inspect_top30_consequence,top_consequence,30,0.05,shared,54,16.701223522672876,317.93444039630504
182.7270525211863,166.14242298082144,348.86947550200773,60,3.0,0.8999999999999999,3.0,8.700000000000001,inspect_top60_consequence,top_consequence,60,0.05,shared,54,30.935035105702696,317.93444039630504
175.46657546357795,159.64735854141696,335.1139340049949,30,1.5,4.8,1.5,8.700000000000001,inspect_top30_consequence_no_graph,top_consequence_no_graph,30,0.05,shared,54,17.17949360868988,317.93444039630504
182.70138527267503,165.97672464059264,348.6781099132677,60,3.0,0.8999999999999999,3.0,8.700000000000001,inspect_top60_consequence_no_graph,top_consequence_no_graph,60,0.05,shared,54,30.743669516962655,317.93444039630504
177.60480180353056,161.59023784983006,339.1950396533606,30,1.5,4.8,1.5,8.700000000000001,inspect_top30_uncertainty_x_consequence,top_uncertainty_consequence,30,0.05,shared,54,21.26059925705556,317.93444039630504
183.32087890242394,167.85175018372377,351.1726290861477,60,3.0,0.8999999999999999,3.0,8.700000000000001,inspect_top60_uncertainty_x_consequence,top_uncertainty_consequence,60,0.05,shared,54,33.23818868984267,317.93444039630504
177.5903757097529,161.62445462637015,339.21483033612304,30,1.5,4.8,1.5,8.700000000000001,inspect_top30_uncertainty_x_graph_consequence,top_uncertainty_graph_consequence,30,0.05,shared,54,21.280389939818008,317.93444039630504
183.20225781962833,166.85581335592065,350.058071175549,60,3.0,0.8999999999999999,3.0,8.700000000000001,inspect_top60_uncertainty_x_graph_consequence,top_uncertainty_graph_consequence,60,0.05,shared,54,32.12363077924397,317.93444039630504
182.62987373462687,167.3714019129309,350.0012756475578,60,3.0,0.8999999999999999,3.0,8.700000000000001,inspect_random60,random,60,0.05,shared,54,32.06683525125277,317.93444039630504
178.08466125817512,161.5897744042495,339.6744356624246,30,1.5,4.8,1.5,8.700000000000001,inspect_top30_consequence,top_consequence,30,0.05,shared,55,17.192411418892846,322.4820242435318
185.0634622336097,168.29237362483968,353.3558358584494,60,3.0,0.8999999999999999,3.0,8.700000000000001,inspect_top60_consequence,top_consequence,60,0.05,shared,55,30.8738116149176,322.4820242435318
178.20114742608888,161.33782363610607,339.53897106219495,30,1.5,4.8,1.5,8.700000000000001,inspect_top30_consequence_no_graph,top_consequence_no_graph,30,0.05,shared,55,17.056946818663164,322.4820242435318
185.07063466932783,168.18844821669433,353.25908288602216,60,3.0,0.8999999999999999,3.0,8.700000000000001,inspect_top60_consequence_no_graph,top_consequence_no_graph,60,0.05,shared,55,30.777058642490374,322.4820242435318
177.79366712042628,162.51812434676694,340.3117914671932,30,1.5,4.8,1.5,8.700000000000001,inspect_top30_uncertainty_x_consequence,top_uncertainty_consequence,30,0.05,shared,55,17.829767223661406,322.4820242435318
185.14054966808942,168.95120455727675,354.0917542253662,60,3.0,0.8999999999999999,3.0,8.700000000000001,inspect_top60_uncertainty_x_consequence,top_uncertainty_consequence,60,0.05,shared,55,31.60972998183439,322.4820242435318
177.79203583028686,162.52981117064405,340.3218470009309,30,1.5,4.8,1.5,8.700000000000001,inspect_top30_uncertainty_x_graph_consequence,top_uncertainty_graph_consequence,30,0.05,shared,55,17.839822757399133,322.4820242435318
184.86234794658134,168.82078906211683,353.68313700869817,60,3.0,0.8999999999999999,3.0,8.700000000000001,inspect_top60_uncertainty_x_graph_consequence,top_uncertainty_graph_consequence,60,0.05,shared,55,31.201112765166386,322.4820242435318
185.37270423294888,169.37414850066975,354.74685273361865,60,3.0,0.8999999999999999,3.0,8.700000000000001,inspect_random60,random,60,0.05,shared,55,32.26482849008687,322.4820242435318
169.14144206208033,153.54995997633827,322.6914020384186,30,1.5,4.8,1.5,8.700000000000001,inspect_top30_consequence,top_consequence,30,0.05,shared,56,17.08130563237677,305.6100964060418
176.4041857132577,159.8524648570806,336.2566505703383,60,3.0,0.8999999999999999,3.0,8.700000000000001,inspect_top60_consequence,top_consequence,60,0.05,shared,56,30.646554164296504,305.6100964060418
169.18128373546944,153.88618048711146,323.0674642225809,30,1.5,4.8,1.5,8.700000000000001,inspect_top30_consequence_no_graph,top_consequence_no_graph,30,0.05,shared,56,17.45736781653909,305.6100964060418
176.48637442488254,159.81171063935187,336.29808506423444,60,3.0,0.8999999999999999,3.0,8.700000000000001,inspect_top60_consequence_no_graph,top_consequence_no_graph,60,0.05,shared,56,30.687988658192637,305.6100964060418
170.528418849275,154.6202570403959,325.1486758896709,30,1.5,4.8,1.5,8.700000000000001,inspect_top30_uncertainty_x_consequence,top_uncertainty_consequence,30,0.05,shared,56,19.53857948362912,305.6100964060418
177.017927964302,160.568298877815,337.586226842117,60,3.0,0.8999999999999999,3.0,8.700000000000001,inspect_top60_uncertainty_x_consequence,top_uncertainty_consequence,60,0.05,shared,56,31.97613043607521,305.6100964060418
170.5207423361145,154.5580029339519,325.0787452700664,30,1.5,4.8,1.5,8.700000000000001,inspect_top30_uncertainty_x_graph_consequence,top_uncertainty_graph_consequence,30,0.05,shared,56,19.4686488640246,305.6100964060418
176.50875426031655,160.0806264914771,336.58938075179367,60,3.0,0.8999999999999999,3.0,8.700000000000001,inspect_top60_uncertainty_x_graph_consequence,top_uncertainty_graph_consequence,60,0.05,shared,56,30.979284345751864,305.6100964060418
176.41107512129344,160.0090686670186,336.42014378831203,60,3.0,0.8999999999999999,3.0,8.700000000000001,inspect_random60,random,60,0.05,shared,56,30.810047382270227,305.6100964060418
172.43352286447228,155.95036175558573,328.383884620058,30,1.5,4.8,1.5,8.700000000000001,inspect_top30_consequence,top_consequence,30,0.05,shared,57,16.99596048987354,311.38792413018444
179.1339661456222,162.50611285692193,341.6400790025441,60,3.0,0.8999999999999999,3.0,8.700000000000001,inspect_top60_consequence,top_consequence,60,0.05,shared,57,30.252154872359654,311.38792413018444
172.85602542685365,156.14937771941402,329.00540314626767,30,1.5,4.8,1.5,8.700000000000001,inspect_top30_consequence_no_graph,top_consequence_no_graph,30,0.05,shared,57,17.617479016083223,311.38792413018444
179.18806534717964,162.44281046893542,341.63087581611506,60,3.0,0.8999999999999999,3.0,8.700000000000001,inspect_top60_consequence_no_graph,top_consequence_no_graph,60,0.05,shared,57,30.24295168593062,311.38792413018444
172.5647414549632,156.91344533791556,329.4781867928788,30,1.5,4.8,1.5,8.700000000000001,inspect_top30_uncertainty_x_consequence,top_uncertainty_consequence,30,0.05,shared,57,18.09026266269433,311.38792413018444
179.04173179344528,162.94480844722304,341.9865402406683,60,3.0,0.8999999999999999,3.0,8.700000000000001,inspect_top60_uncertainty_x_consequence,top_uncertainty_consequence,60,0.05,shared,57,30.598616110483874,311.38792413018444
172.7835822764543,156.82000570215104,329.60358797860533,30,1.5,4.8,1.5,8.700000000000001,inspect_top30_uncertainty_x_graph_consequence,top_uncertainty_graph_consequence,30,0.05,shared,57,18.21566384842089,311.38792413018444
179.03960659081608,163.14259772453406,342.18220431535013,60,3.0,0.8999999999999999,3.0,8.700000000000001,inspect_top60_uncertainty_x_graph_consequence,top_uncertainty_graph_consequence,60,0.05,shared,57,30.79428018516569,311.38792413018444
179.69993231443593,164.18306872273163,343.88300103716756,60,3.0,0.8999999999999999,3.0,8.700000000000001,inspect_random60,random,60,0.05,shared,57,32.495076906983115,311.38792413018444
175.8400282484401,159.52232769060058,335.36235593904064,30,1.5,4.8,1.5,8.700000000000001,inspect_top30_consequence,top_consequence,30,0.05,shared,58,18.848239762147387,316.51411617689325
181.90052311170317,165.29808029936032,347.19860341106346,60,3.0,0.8999999999999999,3.0,8.700000000000001,inspect_top60_consequence,top_consequence,60,0.05,shared,58,30.684487234170206,316.51411617689325
176.09563721129763,159.55745640045134,335.653093611749,30,1.5,4.8,1.5,8.700000000000001,inspect_top30_consequence_no_graph,top_consequence_no_graph,30,0.05,shared,58,19.138977434855747,316.51411617689325
181.89076705586274,166.01602119855428,347.90678825441705,60,3.0,0.8999999999999999,3.0,8.700000000000001,inspect_top60_consequence_no_graph,top_consequence_no_graph,60,0.05,shared,58,31.392672077523798,316.51411617689325
175.2160505214087,159.52116960466654,334.7372201260753,30,1.5,4.8,1.5,8.700000000000001,inspect_top30_uncertainty_x_consequence,top_uncertainty_consequence,30,0.05,shared,58,18.22310394918202,316.51411617689325
182.35610712235672,166.45536737815925,348.81147450051594,60,3.0,0.8999999999999999,3.0,8.700000000000001,inspect_top60_uncertainty_x_consequence,top_uncertainty_consequence,60,0.05,shared,58,32.29735832362269,316.51411617689325
175.24797932274606,159.47225351592377,334.72023283866986,30,1.5,4.8,1.5,8.700000000000001,inspect_top30_uncertainty_x_graph_consequence,top_uncertainty_graph_consequence,30,0.05,shared,58,18.206116661776605,316.51411617689325
181.8381462778423,165.95199483891446,347.7901411167568,60,3.0,0.8999999999999999,3.0,8.700000000000001,inspect_top60_uncertainty_x_graph_consequence,top_uncertainty_graph_consequence,60,0.05,shared,58,31.276024939863532,316.51411617689325
182.4270332669272,167.19216444426073,349.6191977111879,60,3.0,0.8999999999999999,3.0,8.700000000000001,inspect_random60,random,60,0.05,shared,58,33.10508153429464,316.51411617689325
178.16128234068557,161.71978953916374,339.8810718798493,30,1.5,4.8,1.5,8.700000000000001,inspect_top30_consequence,top_consequence,30,0.05,shared,59,18.72671276919425,321.15435911065504
184.3088133834711,167.73574861479568,352.0445619982668,60,3.0,0.8999999999999999,3.0,8.700000000000001,inspect_top60_consequence,top_consequence,60,0.05,shared,59,30.890202887611736,321.15435911065504
178.8324204229206,162.10041891286232,340.9328393357829,30,1.5,4.8,1.5,8.700000000000001,inspect_top30_consequence_no_graph,top_consequence_no_graph,30,0.05,shared,59,19.77848022512785,321.15435911065504
184.80902078665088,168.73399465072507,353.54301543737597,60,3.0,0.8999999999999999,3.0,8.700000000000001,inspect_top60_consequence_no_graph,top_consequence_no_graph,60,0.05,shared,59,32.388656326720934,321.15435911065504
177.14359800067274,161.91415186807092,339.05774986874366,30,1.5,4.8,1.5,8.700000000000001,inspect_top30_uncertainty_x_consequence,top_uncertainty_consequence,30,0.05,shared,59,17.90339075808862,321.15435911065504
184.3678554236743,168.33718552008446,352.7050409437588,60,3.0,0.8999999999999999,3.0,8.700000000000001,inspect_top60_uncertainty_x_consequence,top_uncertainty_consequence,60,0.05,shared,59,31.550681833103738,321.15435911065504
177.16999659029972,161.91415186807092,339.08414845837063,30,1.5,4.8,1.5,8.700000000000001,inspect_top30_uncertainty_x_graph_consequence,top_uncertainty_graph_consequence,30,0.05,shared,59,17.929789347715598,321.15435911065504
184.16614698283757,167.9987010506602,352.1648480334978,60,3.0,0.8999999999999999,3.0,8.700000000000001,inspect_top60_uncertainty_x_graph_consequence,top_uncertainty_graph_consequence,60,0.05,shared,59,31.01048892284274,321.15435911065504
184.2340052022285,169.10491334197008,353.3389185441986,60,3.0,0.8999999999999999,3.0,8.700000000000001,inspect_random60,random,60,0.05,shared,59,32.18455943354354,321.15435911065504
169.63320028141635,153.33784007638275,322.9710403577991,30,1.5,4.8,1.5,8.700000000000001,inspect_top30_consequence,top_consequence,30,0.05,shared,60,17.82223407163741,305.1488062861617
176.28587626727594,159.68208022355532,335.9679564908313,60,3.0,0.8999999999999999,3.0,8.700000000000001,inspect_top60_consequence,top_consequence,60,0.05,shared,60,30.819150204669597,305.1488062861617
169.3042066863634,152.84090432143083,322.1451110077942,30,1.5,4.8,1.5,8.700000000000001,inspect_top30_consequence_no_graph,top_consequence_no_graph,30,0.05,shared,60,16.996304721632498,305.1488062861617
176.33681226478433,159.8046415321516,336.14145379693593,60,3.0,0.8999999999999999,3.0,8.700000000000001,inspect_top60_consequence_no_graph,top_consequence_no_graph,60,0.05,shared,60,30.992647510774248,305.1488062861617
169.46845339473487,153.4130399526353,322.88149334737017,30,1.5,4.8,1.5,8.700000000000001,inspect_top30_uncertainty_x_consequence,top_uncertainty_consequence,30,0.05,shared,60,17.73268706120848,305.1488062861617
176.2554828252999,160.06585723709725,336.32134006239716,60,3.0,0.8999999999999999,3.0,8.700000000000001,inspect_top60_uncertainty_x_consequence,top_uncertainty_consequence,60,0.05,shared,60,31.17253377623547,305.1488062861617
169.4781728161483,153.4266955020476,322.9048683181959,30,1.5,4.8,1.5,8.700000000000001,inspect_top30_uncertainty_x_graph_consequence,top_uncertainty_graph_consequence,30,0.05,shared,60,17.756062032034208,305.1488062861617
176.3094525286548,160.19791462285383,336.5073671515086,60,3.0,0.8999999999999999,3.0,8.700000000000001,inspect_top60_uncertainty_x_graph_consequence,top_uncertainty_graph_consequence,60,0.05,shared,60,31.35856086534693,305.1488062861617
176.25036451705182,160.53699099231824,336.78735550937006,60,3.0,0.8999999999999999,3.0,8.700000000000001,inspect_random60,random,60,0.05,shared,60,31.638549223208372,305.1488062861617
178.63304155494632,162.6927530969793,341.3257946519256,30,1.5,4.8,1.5,8.700000000000001,inspect_top30_consequence,top_consequence,30,0.05,shared,61,17.702856078867853,323.62293857305775
185.76197284506435,169.11623195812498,354.8782048031893,60,3.0,0.8999999999999999,3.0,8.700000000000001,inspect_top60_consequence,top_consequence,60,0.05,shared,61,31.255266230131554,323.62293857305775
178.49461165428596,163.23604027645365,341.7306519307396,30,1.5,4.8,1.5,8.700000000000001,inspect_top30_consequence_no_graph,top_consequence_no_graph,30,0.05,shared,61,18.10771335768186,323.62293857305775
185.7192964185887,168.99621186300365,354.71550828159235,60,3.0,0.8999999999999999,3.0,8.700000000000001,inspect_top60_consequence_no_graph,top_consequence_no_graph,60,0.05,shared,61,31.092569708534597,323.62293857305775
178.89339691260682,162.96394143993533,341.8573383525421,30,1.5,4.8,1.5,8.700000000000001,inspect_top30_uncertainty_x_consequence,top_uncertainty_consequence,30,0.05,shared,61,18.234399779484363,323.62293857305775
185.67470106234822,169.67314728019184,355.34784834254003,60,3.0,0.8999999999999999,3.0,8.700000000000001,inspect_top60_uncertainty_x_consequence,top_uncertainty_consequence,60,0.05,shared,61,31.72490976948228,323.62293857305775
178.87793265195424,162.91340322297413,341.79133587492834,30,1.5,4.8,1.5,8.700000000000001,inspect_top30_uncertainty_x_graph_consequence,top_uncertainty_graph_consequence,30,0.05,shared,61,18.168397301870584,323.62293857305775
186.15824028327012,169.77643770942927,355.9346779926994,60,3.0,0.8999999999999999,3.0,8.700000000000001,inspect_top60_uncertainty_x_graph_consequence,top_uncertainty_graph_consequence,60,0.05,shared,61,32.31173941964164,323.62293857305775
185.60594886216327,169.84640024695204,355.4523491091153,60,3.0,0.8999999999999999,3.0,8.700000000000001,inspect_random60,random,60,0.05,shared,61,31.829410536057537,323.62293857305775
182.23347284501307,165.2694627999798,347.5029356449929,30,1.5,4.8,1.5,8.700000000000001,inspect_top30_consequence,top_consequence,30,0.05,shared,62,17.57979762073211,329.92313802426077
188.8990263980721,172.16157418115313,361.06060057922525,60,3.0,0.8999999999999999,3.0,8.700000000000001,inspect_top60_consequence,top_consequence,60,0.05,shared,62,31.137462554964486,329.92313802426077
182.21038381114488,166.52634338552272,348.73672719666763,30,1.5,4.8,1.5,8.700000000000001,inspect_top30_consequence_no_graph,top_consequence_no_graph,30,0.05,shared,62,18.813589172406864,329.92313802426077
188.8928539533669,172.1353494480234,361.02820340139033,60,3.0,0.8999999999999999,3.0,8.700000000000001,inspect_top60_consequence_no_graph,top_consequence_no_graph,60,0.05,shared,62,31.105065377129563,329.92313802426077
182.49911466641248,167.1591286651058,349.6582433315183,30,1.5,4.8,1.5,8.700000000000001,inspect_top30_uncertainty_x_consequence,top_uncertainty_consequence,30,0.05,shared,62,19.735105307257527,329.92313802426077
188.8159172349416,172.69769035449883,361.5136075894404,60,3.0,0.8999999999999999,3.0,8.700000000000001,inspect_top60_uncertainty_x_consequence,top_uncertainty_consequence,60,0.05,shared,62,31.59046956517966,329.92313802426077
181.939860689535,166.64481312505166,348.58467381458667,30,1.5,4.8,1.5,8.700000000000001,inspect_top30_uncertainty_x_graph_consequence,top_uncertainty_graph_consequence,30,0.05,shared,62,18.6615357903259,329.92313802426077
188.690220533307,172.61981343932155,361.31003397262856,60,3.0,0.8999999999999999,3.0,8.700000000000001,inspect_top60_uncertainty_x_graph_consequence,top_uncertainty_graph_consequence,60,0.05,shared,62,31.386895948367794,329.92313802426077
188.79933914703813,173.44941177505558,362.2487509220937,60,3.0,0.8999999999999999,3.0,8.700000000000001,inspect_random60,random,60,0.05,shared,62,32.32561289783291,329.92313802426077
182.86754097928275,166.12886623473534,348.99640721401806,30,1.5,4.8,1.5,8.700000000000001,inspect_top30_consequence,top_consequence,30,0.05,shared,63,17.740612417427826,331.25579479659024
189.5649811461329,173.35756697812158,362.9225481242545,60,3.0,0.8999999999999999,3.0,8.700000000000001,inspect_top60_consequence,top_consequence,60,0.05,shared,63,31.666753327664253,331.25579479659024
182.7005920370218,166.40167796324243,349.10227000026424,30,1.5,4.8,1.5,8.700000000000001,inspect_top30_consequence_no_graph,top_consequence_no_graph,30,0.05,shared,63,17.846475203674004,331.25579479659024
189.86940460314906,173.7514945891573,363.62089919230635,60,3.0,0.8999999999999999,3.0,8.700000000000001,inspect_top60_consequence_no_graph,top_consequence_no_graph,60,0.05,shared,63,32.365104395716116,331.25579479659024
182.25662552921645,166.42415595289089,348.68078148210736,30,1.5,4.8,1.5,8.700000000000001,inspect_top30_uncertainty_x_consequence,top_uncertainty_consequence,30,0.05,shared,63,17.424986685517126,331.25579479659024
189.51041584371947,173.08635865704093,362.5967745007604,60,3.0,0.8999999999999999,3.0,8.700000000000001,inspect_top60_uncertainty_x_consequence,top_uncertainty_consequence,60,0.05,shared,63,31.340979704170138,331.25579479659024
182.16532368282932,166.3778262726459,348.5431499554752,30,1.5,4.8,1.5,8.700000000000001,inspect_top30_uncertainty_x_graph_consequence,top_uncertainty_graph_consequence,30,0.05,shared,63,17.287355158884964,331.25579479659024
189.99249429147415,173.59352997921906,363.5860242706932,60,3.0,0.8999999999999999,3.0,8.700000000000001,inspect_top60_uncertainty_x_graph_consequence,top_uncertainty_graph_consequence,60,0.05,shared,63,32.330229474102964,331.25579479659024
190.43605074669446,175.21682642841796,365.6528771751124,60,3.0,0.8999999999999999,3.0,8.700000000000001,inspect_random60,random,60,0.05,shared,63,34.39708237852216,331.25579479659024
176.3972684215818,159.36030314573097,335.75757156731277,30,1.5,4.8,1.5,8.700000000000001,inspect_top30_consequence,top_consequence,30,0.05,shared,64,17.565069645988558,318.1925019213242
183.067532449453,165.98990976764497,349.057442217098,60,3.0,0.8999999999999999,3.0,8.700000000000001,inspect_top60_consequence,top_consequence,60,0.05,shared,64,30.864940295773806,318.1925019213242
177.27032342909968,160.1185584201961,337.3888818492958,30,1.5,4.8,1.5,8.700000000000001,inspect_top30_consequence_no_graph,top_consequence_no_graph,30,0.05,shared,64,19.196379927971577,318.1925019213242
183.11625886750306,166.40277930155065,349.5190381690537,60,3.0,0.8999999999999999,3.0,8.700000000000001,inspect_top60_consequence_no_graph,top_consequence_no_graph,60,0.05,shared,64,31.326536247729507,318.1925019213242
177.05917374816568,160.97658354919633,338.035757297362,30,1.5,4.8,1.5,8.700000000000001,inspect_top30_uncertainty_x_consequence,top_uncertainty_consequence,30,0.05,shared,64,19.843255376037803,318.1925019213242
183.00229096158807,166.6012160239985,349.6035069855866,60,3.0,0.8999999999999999,3.0,8.700000000000001,inspect_top60_uncertainty_x_consequence,top_uncertainty_consequence,60,0.05,shared,64,31.411005064262383,318.1925019213242
175.5813379898899,159.6937290975979,335.2750670874878,30,1.5,4.8,1.5,8.700000000000001,inspect_top30_uncertainty_x_graph_consequence,top_uncertainty_graph_consequence,30,0.05,shared,64,17.08256516616359,318.1925019213242
182.9953362461267,166.59152052826266,349.5868567743894,60,3.0,0.8999999999999999,3.0,8.700000000000001,inspect_top60_uncertainty_x_graph_consequence,top_uncertainty_graph_consequence,60,0.05,shared,64,31.39435485306518,318.1925019213242
182.9341764617593,168.59066837153676,351.5248448332961,60,3.0,0.8999999999999999,3.0,8.700000000000001,inspect_random60,random,60,0.05,shared,64,33.332342911971864,318.1925019213242
170.1679977998997,153.50007635315546,323.66807415305516,30,1.5,4.8,1.5,8.700000000000001,inspect_top30_consequence,top_consequence,30,0.05,shared,65,15.797136779738764,307.8709373733164
177.59234022644134,160.61508411689738,338.20742434333874,60,3.0,0.8999999999999999,3.0,8.700000000000001,inspect_top60_consequence,top_consequence,60,0.05,shared,65,30.33648697002235,307.8709373733164
170.25472491234888,153.34338238203654,323.5981072943854,30,1.5,4.8,1.5,8.700000000000001,inspect_top30_consequence_no_graph,top_consequence_no_graph,30,0.05,shared,65,15.727169921068992,307.8709373733164
177.57214527531534,160.6334365425387,338.20558181785407,60,3.0,0.8999999999999999,3.0,8.700000000000001,inspect_top60_consequence_no_graph,top_consequence_no_graph,60,0.05,shared,65,30.334644444537673,307.8709373733164
171.3681067570688,154.89120079044787,326.25930754751664,30,1.5,4.8,1.5,8.700000000000001,inspect_top30_uncertainty_x_consequence,top_uncertainty_consequence,30,0.05,shared,65,18.388370174200247,307.8709373733164
177.94996887673784,161.2652638883568,339.21523276509464,60,3.0,0.8999999999999999,3.0,8.700000000000001,inspect_top60_uncertainty_x_consequence,top_uncertainty_consequence,60,0.05,shared,65,31.344295391778246,307.8709373733164
171.2747149892406,154.78622689861498,326.0609418878556,30,1.5,4.8,1.5,8.700000000000001,inspect_top30_uncertainty_x_graph_consequence,top_uncertainty_graph_consequence,30,0.05,shared,65,18.190004514539226,307.8709373733164
178.5109846609654,161.88543121483735,340.39641587580275,60,3.0,0.8999999999999999,3.0,8.700000000000001,inspect_top60_uncertainty_x_graph_consequence,top_uncertainty_graph_consequence,60,0.05,shared,65,32.52547850248635,307.8709373733164
177.47834371357393,160.80926246368813,338.2876061772621,60,3.0,0.8999999999999999,3.0,8.700000000000001,inspect_random60,random,60,0.05,shared,65,30.416668803945697,307.8709373733164
185.83115241207764,169.5230701166562,355.3542225287339,30,1.5,4.8,1.5,8.700000000000001,inspect_top30_consequence,top_consequence,30,0.05,shared,66,18.181045242914706,337.1731772858192
192.32438039335818,176.00986355895466,368.3342439523128,60,3.0,0.8999999999999999,3.0,8.700000000000001,inspect_top60_consequence,top_consequence,60,0.05,shared,66,31.16106666649364,337.1731772858192
186.38933873227938,169.942232225571,356.3315709578504,30,1.5,4.8,1.5,8.700000000000001,inspect_top30_consequence_no_graph,top_consequence_no_graph,30,0.05,shared,66,19.158393672031195,337.1731772858192
192.2848431984528,176.32301010862645,368.60785330707927,60,3.0,0.8999999999999999,3.0,8.700000000000001,inspect_top60_consequence_no_graph,top_consequence_no_graph,60,0.05,shared,66,31.43467602126009,337.1731772858192
185.6853716656801,170.06573970539432,355.75111137107444,30,1.5,4.8,1.5,8.700000000000001,inspect_top30_uncertainty_x_consequence,top_uncertainty_consequence,30,0.05,shared,66,18.577934085255265,337.1731772858192
192.53761690834008,176.51883477847713,369.05645168681724,60,3.0,0.8999999999999999,3.0,8.700000000000001,inspect_top60_uncertainty_x_consequence,top_uncertainty_consequence,60,0.05,shared,66,31.88327440099806,337.1731772858192
185.56518682767677,169.89598658028126,355.46117340795803,30,1.5,4.8,1.5,8.700000000000001,inspect_top30_uncertainty_x_graph_consequence,top_uncertainty_graph_consequence,30,0.05,shared,66,18.28799612213885,337.1731772858192
192.5877898850262,176.18905664149727,368.7768465265235,60,3.0,0.8999999999999999,3.0,8.700000000000001,inspect_top60_uncertainty_x_graph_consequence,top_uncertainty_graph_consequence,60,0.05,shared,66,31.603669240704335,337.1731772858192
192.13125235047076,177.03251285269545,369.16376520316624,60,3.0,0.8999999999999999,3.0,8.700000000000001,inspect_random60,random,60,0.05,shared,66,31.990587917347057,337.1731772858192
173.02302170620055,156.87324869800398,329.89627040420453,30,1.5,4.8,1.5,8.700000000000001,inspect_top30_consequence,top_consequence,30,0.05,shared,67,17.427227063912483,312.46904334029205
180.2121085268223,163.41154742808862,343.62365595491093,60,3.0,0.8999999999999999,3.0,8.700000000000001,inspect_top60_consequence,top_consequence,60,0.05,shared,67,31.154612614618884,312.46904334029205
173.09520470270417,156.83368998341103,329.9288946861152,30,1.5,4.8,1.5,8.700000000000001,inspect_top30_consequence_no_graph,top_consequence_no_graph,30,0.05,shared,67,17.459851345823154,312.46904334029205
180.3312519584167,163.40280196802775,343.7340539264444,60,3.0,0.8999999999999999,3.0,8.700000000000001,inspect_top60_consequence_no_graph,top_consequence_no_graph,60,0.05,shared,67,31.265010586152357,312.46904334029205
173.24038919529596,157.0451702525424,330.28555944783835,30,1.5,4.8,1.5,8.700000000000001,inspect_top30_uncertainty_x_consequence,top_uncertainty_consequence,30,0.05,shared,67,17.816516107546306,312.46904334029205
180.39496298369772,163.96265136627633,344.357614349974,60,3.0,0.8999999999999999,3.0,8.700000000000001,inspect_top60_uncertainty_x_consequence,top_uncertainty_consequence,60,0.05,shared,67,31.888571009681982,312.46904334029205
173.10402308000914,157.0451702525424,330.14919333255153,30,1.5,4.8,1.5,8.700000000000001,inspect_top30_uncertainty_x_graph_consequence,top_uncertainty_graph_consequence,30,0.05,shared,67,17.680149992259487,312.46904334029205
180.0408220189723,163.55413828432103,343.5949603032933,60,3.0,0.8999999999999999,3.0,8.700000000000001,inspect_top60_uncertainty_x_graph_consequence,top_uncertainty_graph_consequence,60,0.05,shared,67,31.12591696300126,312.46904334029205
180.09248536764164,163.70873598076014,343.8012213484018,60,3.0,0.8999999999999999,3.0,8.700000000000001,inspect_random60,random,60,0.05,shared,67,31.332178008109736,312.46904334029205
181.64417279707914,164.55835789261687,346.202530689696,30,1.5,4.8,1.5,8.700000000000001,inspect_top30_consequence,top_consequence,30,0.05,shared,68,19.466601403842503,326.7359292858535
187.5571046193963,170.52279847395477,358.07990309335105,60,3.0,0.8999999999999999,3.0,8.700000000000001,inspect_top60_consequence,top_consequence,60,0.05,shared,68,31.343973807497548,326.7359292858535
181.91996678540397,164.81579758225976,346.7357643676637,30,1.5,4.8,1.5,8.700000000000001,inspect_top30_consequence_no_graph,top_consequence_no_graph,30,0.05,shared,68,19.999835081810204,326.7359292858535
187.57103528544332,170.40005132863706,357.9710866140804,60,3.0,0.8999999999999999,3.0,8.700000000000001,inspect_top60_consequence_no_graph,top_consequence_no_graph,60,0.05,shared,68,31.235157328226876,326.7359292858535
180.45169614305962,165.9989889533939,346.4506850964535,30,1.5,4.8,1.5,8.700000000000001,inspect_top30_uncertainty_x_consequence,top_uncertainty_consequence,30,0.05,shared,68,19.714755810600025,326.7359292858535
187.77615715558665,171.4913244178734,359.26748157346003,60,3.0,0.8999999999999999,3.0,8.700000000000001,inspect_top60_uncertainty_x_consequence,top_uncertainty_consequence,60,0.05,shared,68,32.53155228760653,326.7359292858535
180.44824321635755,165.8677971759622,346.3160403923198,30,1.5,4.8,1.5,8.700000000000001,inspect_top30_uncertainty_x_graph_consequence,top_uncertainty_graph_consequence,30,0.05,shared,68,19.58011110646629,326.7359292858535
187.40470359689232,171.17688787894494,358.5815914758373,60,3.0,0.8999999999999999,3.0,8.700000000000001,inspect_top60_uncertainty_x_graph_consequence,top_uncertainty_graph_consequence,60,0.05,shared,68,31.845662189983784,326.7359292858535
187.4353916085615,173.10796480613502,360.5433564146965,60,3.0,0.8999999999999999,3.0,8.700000000000001,inspect_random60,random,60,0.05,shared,68,33.80742712884302,326.7359292858535
188.3990532248656,171.99520111032493,360.39425433519057,30,1.5,4.8,1.5,8.700000000000001,inspect_top30_consequence,top_consequence,30,0.05,shared,69,17.227852886854407,343.16640144833616
195.73322539010854,179.12764355954323,374.8608689496518,60,3.0,0.8999999999999999,3.0,8.700000000000001,inspect_top60_consequence,top_consequence,60,0.05,shared,69,31.694467501315614,343.16640144833616
189.1574824214881,172.58619838723405,361.74368080872216,30,1.5,4.8,1.5,8.700000000000001,inspect_top30_consequence_no_graph,top_consequence_no_graph,30,0.05,shared,69,18.577279360386,343.16640144833616
195.66026384196914,179.57731207462115,375.2375759165903,60,3.0,0.8999999999999999,3.0,8.700000000000001,inspect_top60_consequence_no_graph,top_consequence_no_graph,60,0.05,shared,69,32.07117446825413,343.16640144833616
188.3536052677875,172.98736145222585,361.34096672001334,30,1.5,4.8,1.5,8.700000000000001,inspect_top30_uncertainty_x_consequence,top_uncertainty_consequence,30,0.05,shared,69,18.17456527167718,343.16640144833616
195.5857667213627,179.13543111489474,374.72119783625743,60,3.0,0.8999999999999999,3.0,8.700000000000001,inspect_top60_uncertainty_x_consequence,top_uncertainty_consequence,60,0.05,shared,69,31.55479638792127,343.16640144833616
188.91061906438603,173.0747326957346,361.98535176012064,30,1.5,4.8,1.5,8.700000000000001,inspect_top30_uncertainty_x_graph_consequence,top_uncertainty_graph_consequence,30,0.05,shared,69,18.818950311784477,343.16640144833616
195.57984532260855,179.34579674720945,374.92564206981797,60,3.0,0.8999999999999999,3.0,8.700000000000001,inspect_top60_uncertainty_x_graph_consequence,top_uncertainty_graph_consequence,60,0.05,shared,69,31.75924062148181,343.16640144833616
195.83337817383844,180.03458386898717,375.86796204282564,60,3.0,0.8999999999999999,3.0,8.700000000000001,inspect_random60,random,60,0.05,shared,69,32.70156059448948,343.16640144833616
165.20652024091612,148.68665467788048,313.8931749187966,30,1.5,4.8,1.5,8.700000000000001,inspect_top30_consequence,top_consequence,30,0.05,shared,70,16.365312721826456,297.52786219697015
172.31368676548732,155.4492322605613,327.7629190260486,60,3.0,0.8999999999999999,3.0,8.700000000000001,inspect_top60_consequence,top_consequence,60,0.05,shared,70,30.235056829078474,297.52786219697015
165.227587715915,148.66042150805137,313.8880092239664,30,1.5,4.8,1.5,8.700000000000001,inspect_top30_consequence_no_graph,top_consequence_no_graph,30,0.05,shared,70,16.36014702699623,297.52786219697015
172.31788002183745,155.41923823060546,327.7371182524429,60,3.0,0.8999999999999999,3.0,8.700000000000001,inspect_top60_consequence_no_graph,top_consequence_no_graph,60,0.05,shared,70,30.209256055472736,297.52786219697015
166.11138261046193,149.98456837152406,316.095950981986,30,1.5,4.8,1.5,8.700000000000001,inspect_top30_uncertainty_x_consequence,top_uncertainty_consequence,30,0.05,shared,70,18.568088785015846,297.52786219697015
172.52337505501367,156.2957295263324,328.8191045813461,60,3.0,0.8999999999999999,3.0,8.700000000000001,inspect_top60_uncertainty_x_consequence,top_uncertainty_consequence,60,0.05,shared,70,31.29124238437595,297.52786219697015
166.00990729154208,149.98456837152406,315.99447566306617,30,1.5,4.8,1.5,8.700000000000001,inspect_top30_uncertainty_x_graph_consequence,top_uncertainty_graph_consequence,30,0.05,shared,70,18.46661346609602,297.52786219697015
173.14994464933136,156.9430988004239,330.09304344975527,60,3.0,0.8999999999999999,3.0,8.700000000000001,inspect_top60_uncertainty_x_graph_consequence,top_uncertainty_graph_consequence,60,0.05,shared,70,32.56518125278512,297.52786219697015
172.90321582607345,156.5365251194715,329.43974094554494,60,3.0,0.8999999999999999,3.0,8.700000000000001,inspect_random60,random,60,0.05,shared,70,31.911878748574793,297.52786219697015
167.07643186813834,150.63034216251475,317.7067740306531,30,1.5,4.8,1.5,8.700000000000001,inspect_top30_consequence,top_consequence,30,0.05,shared,71,16.27641597872565,301.43035805192744
174.0046653350243,157.33248207931473,331.33714741433903,60,3.0,0.8999999999999999,3.0,8.700000000000001,inspect_top60_consequence,top_consequence,60,0.05,shared,71,29.906789362411587,301.43035805192744
167.34942380764306,150.8071731639294,318.15659697157247,30,1.5,4.8,1.5,8.700000000000001,inspect_top30_consequence_no_graph,top_consequence_no_graph,30,0.05,shared,71,16.726238919645027,301.43035805192744
173.97750466433206,157.778043499879,331.75554816421106,60,3.0,0.8999999999999999,3.0,8.700000000000001,inspect_top60_consequence_no_graph,top_consequence_no_graph,60,0.05,shared,71,30.32519011228362,301.43035805192744
167.19172000092246,151.39635410687538,318.58807410779787,30,1.5,4.8,1.5,8.700000000000001,inspect_top30_uncertainty_x_consequence,top_uncertainty_consequence,30,0.05,shared,71,17.157716055870424,301.43035805192744
174.00383249668872,157.88146952859887,331.8853020252876,60,3.0,0.8999999999999999,3.0,8.700000000000001,inspect_top60_uncertainty_x_consequence,top_uncertainty_consequence,60,0.05,shared,71,30.454943973360173,301.43035805192744
166.73900349867995,151.29196578503633,318.0309692837163,30,1.5,4.8,1.5,8.700000000000001,inspect_top30_uncertainty_x_graph_consequence,top_uncertainty_graph_consequence,30,0.05,shared,71,16.600611231788832,301.43035805192744
173.84491695786124,157.78746644385117,331.63238340171245,60,3.0,0.8999999999999999,3.0,8.700000000000001,inspect_top60_uncertainty_x_graph_consequence,top_uncertainty_graph_consequence,60,0.05,shared,71,30.202025349785004,301.43035805192744
174.5200218626444,158.78793916687644,333.3079610295208,60,3.0,0.8999999999999999,3.0,8.700000000000001,inspect_random60,random,60,0.05,shared,71,31.87760297759337,301.43035805192744
190.7626749277908,174.67184134401936,365.43451627181014,30,1.5,4.8,1.5,8.700000000000001,inspect_top30_consequence,top_consequence,30,0.05,shared,72,17.929783920103887,347.50473235170625
197.8310776614074,181.30077750460032,379.1318551660077,60,3.0,0.8999999999999999,3.0,8.700000000000001,inspect_top60_consequence,top_consequence,60,0.05,shared,72,31.627122814301458,347.50473235170625
191.00640772132047,174.49387186176153,365.50027958308203,30,1.5,4.8,1.5,8.700000000000001,inspect_top30_consequence_no_graph,top_consequence_no_graph,30,0.05,shared,72,17.99554723137578,347.50473235170625
197.80042078685113,181.72896176728494,379.5293825541361,60,3.0,0.8999999999999999,3.0,8.700000000000001,inspect_top60_consequence_no_graph,top_consequence_no_graph,60,0.05,shared,72,32.024650202429825,347.50473235170625
190.99063670200604,175.31440014347513,366.30503684548114,30,1.5,4.8,1.5,8.700000000000001,inspect_top30_uncertainty_x_consequence,top_uncertainty_consequence,30,0.05,shared,72,18.800304493774888,347.50473235170625
197.77345676778816,181.50506798977818,379.27852475756634,60,3.0,0.8999999999999999,3.0,8.700000000000001,inspect_top60_uncertainty_x_consequence,top_uncertainty_consequence,60,0.05,shared,72,31.773792405860092,347.50473235170625
191.09042161421354,174.83584716057146,365.926268774785,30,1.5,4.8,1.5,8.700000000000001,inspect_top30_uncertainty_x_graph_consequence,top_uncertainty_graph_consequence,30,0.05,shared,72,18.42153642307875,347.50473235170625
197.8037395010767,181.4860856928264,379.2898251939031,60,3.0,0.8999999999999999,3.0,8.700000000000001,inspect_top60_uncertainty_x_graph_consequence,top_uncertainty_graph_consequence,60,0.05,shared,72,31.785092842196832,347.50473235170625
197.73633303246183,181.96778570018262,379.7041187326445,60,3.0,0.8999999999999999,3.0,8.700000000000001,inspect_random60,random,60,0.05,shared,72,32.19938638093822,347.50473235170625
169.33191785896702,153.18871759372902,322.52063545269607,30,1.5,4.8,1.5,8.700000000000001,inspect_top30_consequence,top_consequence,30,0.05,shared,73,18.184297008184444,304.3363384445116
176.21070012521932,159.58797370848714,335.79867383370646,60,3.0,0.8999999999999999,3.0,8.700000000000001,inspect_top60_consequence,top_consequence,60,0.05,shared,73,31.462335389194834,304.3363384445116
169.49964437468392,152.55107676194183,322.0507211366257,30,1.5,4.8,1.5,8.700000000000001,inspect_top30_consequence_no_graph,top_consequence_no_graph,30,0.05,shared,73,17.7143826921141,304.3363384445116
176.30344164803594,159.63621095101004,335.939652599046,60,3.0,0.8999999999999999,3.0,8.700000000000001,inspect_top60_consequence_no_graph,top_consequence_no_graph,60,0.05,shared,73,31.60331415453436,304.3363384445116
169.41051922080615,154.36101713064338,323.7715363514495,30,1.5,4.8,1.5,8.700000000000001,inspect_top30_uncertainty_x_consequence,top_uncertainty_consequence,30,0.05,shared,73,19.4351979069379,304.3363384445116
175.9649969785148,159.8120788968725,335.77707587538725,60,3.0,0.8999999999999999,3.0,8.700000000000001,inspect_top60_uncertainty_x_consequence,top_uncertainty_consequence,60,0.05,shared,73,31.44073743087563,304.3363384445116
168.66407245246404,153.7687310881886,322.4328035406526,30,1.5,4.8,1.5,8.700000000000001,inspect_top30_uncertainty_x_graph_consequence,top_uncertainty_graph_consequence,30,0.05,shared,73,18.096465096141003,304.3363384445116
176.0362407110252,159.8316689575173,335.8679096685425,60,3.0,0.8999999999999999,3.0,8.700000000000001,inspect_top60_uncertainty_x_graph_consequence,top_uncertainty_graph_consequence,60,0.05,shared,73,31.53157122403087,304.3363384445116
176.04429529325043,160.7505958912554,336.7948911845058,60,3.0,0.8999999999999999,3.0,8.700000000000001,inspect_random60,random,60,0.05,shared,73,32.45855273999416,304.3363384445116
171.89958756032937,155.1218878504443,327.02147541077363,30,1.5,4.8,1.5,8.700000000000001,inspect_top30_consequence,top_consequence,30,0.05,shared,74,17.319883974486743,309.7015914362869
178.7441342457236,162.26361398437,341.0077482300936,60,3.0,0.8999999999999999,3.0,8.700000000000001,inspect_top60_consequence,top_consequence,60,0.05,shared,74,31.306156793806736,309.7015914362869
171.88827110453707,155.23503468336276,327.1233057878998,30,1.5,4.8,1.5,8.700000000000001,inspect_top30_consequence_no_graph,top_consequence_no_graph,30,0.05,shared,74,17.421714351612934,309.7015914362869
178.71108948776987,161.65114220601384,340.3622316937837,60,3.0,0.8999999999999999,3.0,8.700000000000001,inspect_top60_consequence_no_graph,top_consequence_no_graph,60,0.05,shared,74,30.660640257496823,309.7015914362869
171.8444027784006,155.4883795665853,327.3327823449859,30,1.5,4.8,1.5,8.700000000000001,inspect_top30_uncertainty_x_consequence,top_uncertainty_consequence,30,0.05,shared,74,17.63119090869901,309.7015914362869
178.68337138279364,161.98055453508275,340.6639259178764,60,3.0,0.8999999999999999,3.0,8.700000000000001,inspect_top60_uncertainty_x_consequence,top_uncertainty_consequence,60,0.05,shared,74,30.962334481589494,309.7015914362869
171.4798581451603,155.20316352768546,326.68302167284577,30,1.5,4.8,1.5,8.700000000000001,inspect_top30_uncertainty_x_graph_consequence,top_uncertainty_graph_consequence,30,0.05,shared,74,16.98143023655888,309.7015914362869
178.6221319329409,161.90862342486247,340.5307553578034,60,3.0,0.8999999999999999,3.0,8.700000000000001,inspect_top60_uncertainty_x_graph_consequence,top_uncertainty_graph_consequence,60,0.05,shared,74,30.82916392151651,309.7015914362869
178.5664676421945,162.89500695962423,341.46147460181874,60,3.0,0.8999999999999999,3.0,8.700000000000001,inspect_random60,random,60,0.05,shared,74,31.759883165531846,309.7015914362869
182.03206619715053,165.19118208302677,347.2232482801773,30,1.5,4.8,1.5,8.700000000000001,inspect_top30_consequence,top_consequence,30,0.05,shared,75,16.979743901863344,330.24350437831396
189.05512285891257,172.38182577310369,361.43694863201625,60,3.0,0.8999999999999999,3.0,8.700000000000001,inspect_top60_consequence,top_consequence,60,0.05,shared,75,31.193444253702296,330.24350437831396
182.88673714152657,166.11050652196803,348.9972436634946,30,1.5,4.8,1.5,8.700000000000001,inspect_top30_consequence_no_graph,top_consequence_no_graph,30,0.05,shared,75,18.753739285180643,330.24350437831396
190.01644090804473,173.11641024364974,363.13285115169447,60,3.0,0.8999999999999999,3.0,8.700000000000001,inspect_top60_consequence_no_graph,top_consequence_no_graph,60,0.05,shared,75,32.88934677338051,330.24350437831396
182.35912420886802,167.18199600373916,349.5411202126072,30,1.5,4.8,1.5,8.700000000000001,inspect_top30_uncertainty_x_consequence,top_uncertainty_consequence,30,0.05,shared,75,19.297615834293254,330.24350437831396
189.13618028442087,172.64829014789117,361.78447043231205,60,3.0,0.8999999999999999,3.0,8.700000000000001,inspect_top60_uncertainty_x_consequence,top_uncertainty_consequence,60,0.05,shared,75,31.54096605399809,330.24350437831396
181.86201198703577,166.70971510588652,348.5717270929223,30,1.5,4.8,1.5,8.700000000000001,inspect_top30_uncertainty_x_graph_consequence,top_uncertainty_graph_consequence,30,0.05,shared,75,18.32822271460833,330.24350437831396
189.00042787548546,172.64016020264813,361.6405880781336,60,3.0,0.8999999999999999,3.0,8.700000000000001,inspect_top60_uncertainty_x_graph_consequence,top_uncertainty_graph_consequence,60,0.05,shared,75,31.397083699819632,330.24350437831396
189.44999011093907,172.9768975908467,362.42688770178574,60,3.0,0.8999999999999999,3.0,8.700000000000001,inspect_random60,random,60,0.05,shared,75,32.18338332347179,330.24350437831396
186.65380099725508,169.91919929030877,356.57300028756384,30,1.5,4.8,1.5,8.700000000000001,inspect_top30_consequence,top_consequence,30,0.05,shared,76,17.750660885639036,338.8223394019248
193.3270482807555,176.5099548013173,369.8370030820728,60,3.0,0.8999999999999999,3.0,8.700000000000001,inspect_top60_consequence,top_consequence,60,0.05,shared,76,31.014663680147976,338.8223394019248
187.11322885152126,170.8491094847336,357.96233833625485,30,1.5,4.8,1.5,8.700000000000001,inspect_top30_consequence_no_graph,top_consequence_no_graph,30,0.05,shared,76,19.139998934330038,338.8223394019248
193.9527807761694,177.4675710132455,371.4203517894149,60,3.0,0.8999999999999999,3.0,8.700000000000001,inspect_top60_consequence_no_graph,top_consequence_no_graph,60,0.05,shared,76,32.59801238749009,338.8223394019248
186.64747964842448,170.8774548033499,357.52493445177436,30,1.5,4.8,1.5,8.700000000000001,inspect_top30_uncertainty_x_consequence,top_uncertainty_consequence,30,0.05,shared,76,18.70259504984955,338.8223394019248
193.39980335758617,177.10751043009344,370.5073137876796,60,3.0,0.8999999999999999,3.0,8.700000000000001,inspect_top60_uncertainty_x_consequence,top_uncertainty_consequence,60,0.05,shared,76,31.6849743857548,338.8223394019248
186.10799787094209,170.35592691741806,356.46392478836015,30,1.5,4.8,1.5,8.700000000000001,inspect_top30_uncertainty_x_graph_consequence,top_uncertainty_graph_consequence,30,0.05,shared,76,17.641585386435338,338.8223394019248
193.41301675791735,177.10905625628516,370.52207301420253,60,3.0,0.8999999999999999,3.0,8.700000000000001,inspect_top60_uncertainty_x_graph_consequence,top_uncertainty_graph_consequence,60,0.05,shared,76,31.699733612277726,338.8223394019248
193.34671836232297,178.4851647905221,371.8318831528451,60,3.0,0.8999999999999999,3.0,8.700000000000001,inspect_random60,random,60,0.05,shared,76,33.00954375092027,338.8223394019248
184.86934252980336,168.51506550677436,353.3844080365777,30,1.5,4.8,1.5,8.700000000000001,inspect_top30_consequence,top_consequence,30,0.05,shared,77,17.901818049891403,335.4825899866863
191.94187328056066,175.18301510259533,367.12488838315596,60,3.0,0.8999999999999999,3.0,8.700000000000001,inspect_top60_consequence,top_consequence,60,0.05,shared,77,31.64229839646964,335.4825899866863
184.82866612985248,168.90681967253138,353.7354858023839,30,1.5,4.8,1.5,8.700000000000001,inspect_top30_consequence_no_graph,top_consequence_no_graph,30,0.05,shared,77,18.25289581569757,335.4825899866863
191.87551390198,175.25433170044812,367.12984560242813,60,3.0,0.8999999999999999,3.0,8.700000000000001,inspect_top60_consequence_no_graph,top_consequence_no_graph,60,0.05,shared,77,31.647255615741813,335.4825899866863
185.88508901749958,169.67789279157753,355.5629818090771,30,1.5,4.8,1.5,8.700000000000001,inspect_top30_uncertainty_x_consequence,top_uncertainty_consequence,30,0.05,shared,77,20.080391822390766,335.4825899866863
192.39575526091858,175.97926980670542,368.375025067624,60,3.0,0.8999999999999999,3.0,8.700000000000001,inspect_top60_uncertainty_x_consequence,top_uncertainty_consequence,60,0.05,shared,77,32.89243508093767,335.4825899866863
185.09720534170734,169.15193911638437,354.2491444580917,30,1.5,4.8,1.5,8.700000000000001,inspect_top30_uncertainty_x_graph_consequence,top_uncertainty_graph_consequence,30,0.05,shared,77,18.766554471405357,335.4825899866863
191.80673433597,175.58867443550693,367.3954087714769,60,3.0,0.8999999999999999,3.0,8.700000000000001,inspect_top60_uncertainty_x_graph_consequence,top_uncertainty_graph_consequence,60,0.05,shared,77,31.912818784790602,335.4825899866863
191.85215120228116,176.1987642391197,368.0509154414009,60,3.0,0.8999999999999999,3.0,8.700000000000001,inspect_random60,random,60,0.05,shared,77,32.56832545471457,335.4825899866863
166.95328320913796,150.73528837302217,317.68857158216014,30,1.5,4.8,1.5,8.700000000000001,inspect_top30_consequence,top_consequence,30,0.05,shared,78,16.371065639074402,301.31750594308573
174.20965396598123,157.4455774848252,331.65523145080647,60,3.0,0.8999999999999999,3.0,8.700000000000001,inspect_top60_consequence,top_consequence,60,0.05,shared,78,30.337725507720734,301.31750594308573
166.8673151570572,150.40001122832538,317.2673263853826,30,1.5,4.8,1.5,8.700000000000001,inspect_top30_consequence_no_graph,top_consequence_no_graph,30,0.05,shared,78,15.949820442296868,301.31750594308573
174.18775937580935,157.30504903868527,331.4928084144946,60,3.0,0.8999999999999999,3.0,8.700000000000001,inspect_top60_consequence_no_graph,top_consequence_no_graph,60,0.05,shared,78,30.175302471408884,301.31750594308573
167.4490873709677,151.92274546479038,319.3718328357581,30,1.5,4.8,1.5,8.700000000000001,inspect_top30_uncertainty_x_consequence,top_uncertainty_consequence,30,0.05,shared,78,18.05432689267235,301.31750594308573
174.5964352230423,158.386257122242,332.9826923452843,60,3.0,0.8999999999999999,3.0,8.700000000000001,inspect_top60_uncertainty_x_consequence,top_uncertainty_consequence,60,0.05,shared,78,31.66518640219857,301.31750594308573
167.5572774189774,151.41713452560322,318.97441194458065,30,1.5,4.8,1.5,8.700000000000001,inspect_top30_uncertainty_x_graph_consequence,top_uncertainty_graph_consequence,30,0.05,shared,78,17.656906001494917,301.31750594308573
173.98879463118504,157.8586224864045,331.84741711758954,60,3.0,0.8999999999999999,3.0,8.700000000000001,inspect_top60_uncertainty_x_graph_consequence,top_uncertainty_graph_consequence,60,0.05,shared,78,30.52991117450381,301.31750594308573
173.93103322670703,157.9286296552091,331.85966288191617,60,3.0,0.8999999999999999,3.0,8.700000000000001,inspect_random60,random,60,0.05,shared,78,30.54215693883043,301.31750594308573
183.8025064683958,167.2250854168068,351.0275918852026,30,1.5,4.8,1.5,8.700000000000001,inspect_top30_consequence,top_consequence,30,0.05,shared,79,16.817735368440765,334.2098565167618
191.062781724402,173.98059766229096,365.04337938669295,60,3.0,0.8999999999999999,3.0,8.700000000000001,inspect_top60_consequence,top_consequence,60,0.05,shared,79,30.83352286993113,334.2098565167618
183.62389183567137,167.18145628161744,350.8053481172888,30,1.5,4.8,1.5,8.700000000000001,inspect_top30_consequence_no_graph,top_consequence_no_graph,30,0.05,shared,79,16.595491600526998,334.2098565167618
191.0476976655765,173.95838724365893,365.0060849092354,60,3.0,0.8999999999999999,3.0,8.700000000000001,inspect_top60_consequence_no_graph,top_consequence_no_graph,60,0.05,shared,79,30.79622839247361,334.2098565167618
183.50070798548083,167.5908171033929,351.0915250888737,30,1.5,4.8,1.5,8.700000000000001,inspect_top30_uncertainty_x_consequence,top_uncertainty_consequence,30,0.05,shared,79,16.88166857211189,334.2098565167618
190.96647322250854,174.10765259741046,365.074125819919,60,3.0,0.8999999999999999,3.0,8.700000000000001,inspect_top60_uncertainty_x_consequence,top_uncertainty_consequence,60,0.05,shared,79,30.864269303157187,334.2098565167618
183.49971729668738,167.49203022406283,350.9917475207502,30,1.5,4.8,1.5,8.700000000000001,inspect_top30_uncertainty_x_graph_consequence,top_uncertainty_graph_consequence,30,0.05,shared,79,16.78189100398839,334.2098565167618
190.93121636556745,174.18364670208123,365.1148630676487,60,3.0,0.8999999999999999,3.0,8.700000000000001,inspect_top60_uncertainty_x_graph_consequence,top_uncertainty_graph_consequence,60,0.05,shared,79,30.905006550886867,334.2098565167618
190.948132309919,174.8121486080014,365.7602809179204,60,3.0,0.8999999999999999,3.0,8.700000000000001,inspect_random60,random,60,0.05,shared,79,31.55042440115858,334.2098565167618
164.60884668103571,149.2863250660203,313.895171747056,30,1.5,4.8,1.5,8.700000000000001,inspect_top30_consequence,top_consequence,30,0.05,shared,80,18.1050248534782,295.7901468935778
171.16657605727448,154.45763759221458,325.6242136494891,60,3.0,0.8999999999999999,3.0,8.700000000000001,inspect_top60_consequence,top_consequence,60,0.05,shared,80,29.834066755911294,295.7901468935778
164.58122673881383,149.88695034705876,314.4681770858726,30,1.5,4.8,1.5,8.700000000000001,inspect_top30_consequence_no_graph,top_consequence_no_graph,30,0.05,shared,80,18.678030192294784,295.7901468935778
171.17536963029642,154.4447866985259,325.6201563288223,60,3.0,0.8999999999999999,3.0,8.700000000000001,inspect_top60_consequence_no_graph,top_consequence_no_graph,60,0.05,shared,80,29.830009435244506,295.7901468935778
165.1360475451574,150.6065787686448,315.7426263138022,30,1.5,4.8,1.5,8.700000000000001,inspect_top30_uncertainty_x_consequence,top_uncertainty_consequence,30,0.05,shared,80,19.952479420224392,295.7901468935778
171.46972341758033,155.5975869498106,327.0673103673909,60,3.0,0.8999999999999999,3.0,8.700000000000001,inspect_top60_uncertainty_x_consequence,top_uncertainty_consequence,60,0.05,shared,80,31.27716347381312,295.7901468935778
164.98244228729175,149.95082152431146,314.9332638116032,30,1.5,4.8,1.5,8.700000000000001,inspect_top30_uncertainty_x_graph_consequence,top_uncertainty_graph_consequence,30,0.05,shared,80,19.143116918025385,295.7901468935778
171.3116194693052,155.26202726180938,326.5736467311146,60,3.0,0.8999999999999999,3.0,8.700000000000001,inspect_top60_uncertainty_x_graph_consequence,top_uncertainty_graph_consequence,60,0.05,shared,80,30.783499837536795,295.7901468935778
170.98234306303084,155.76662139414833,326.74896445717917,60,3.0,0.8999999999999999,3.0,8.700000000000001,inspect_random60,random,60,0.05,shared,80,30.95881756360137,295.7901468935778
173.11096969710363,157.30066736152688,330.4116370586305,30,1.5,4.8,1.5,8.700000000000001,inspect_top30_consequence,top_consequence,30,0.05,shared,81,18.27719206348371,312.1344449951468
179.66528281803258,163.31075167672742,342.97603449476003,60,3.0,0.8999999999999999,3.0,8.700000000000001,inspect_top60_consequence,top_consequence,60,0.05,shared,81,30.841589499613235,312.1344449951468
172.9641594637073,156.58181870338385,329.5459781670911,30,1.5,4.8,1.5,8.700000000000001,inspect_top30_consequence_no_graph,top_consequence_no_graph,30,0.05,shared,81,17.411533171944313,312.1344449951468
179.58789800397528,163.652945413223,343.2408434171983,60,3.0,0.8999999999999999,3.0,8.700000000000001,inspect_top60_consequence_no_graph,top_consequence_no_graph,60,0.05,shared,81,31.106398422051484,312.1344449951468
173.1902815174264,157.52477057404516,330.71505209147153,30,1.5,4.8,1.5,8.700000000000001,inspect_top30_uncertainty_x_consequence,top_uncertainty_consequence,30,0.05,shared,81,18.58060709632474,312.1344449951468
179.76091489348357,163.98382344449686,343.74473833798044,60,3.0,0.8999999999999999,3.0,8.700000000000001,inspect_top60_uncertainty_x_consequence,top_uncertainty_consequence,60,0.05,shared,81,31.610293342833643,312.1344449951468
172.82356337425847,157.1570010776367,329.98056445189513,30,1.5,4.8,1.5,8.700000000000001,inspect_top30_uncertainty_x_graph_consequence,top_uncertainty_graph_consequence,30,0.05,shared,81,17.84611945674834,312.1344449951468
179.6604127858481,163.8422472679474,343.5026600537955,60,3.0,0.8999999999999999,3.0,8.700000000000001,inspect_top60_uncertainty_x_graph_consequence,top_uncertainty_graph_consequence,60,0.05,shared,81,31.36821505864873,312.1344449951468
179.45336948522478,164.0861920668163,343.53956155204105,60,3.0,0.8999999999999999,3.0,8.700000000000001,inspect_random60,random,60,0.05,shared,81,31.405116556894257,312.1344449951468
179.35218691173634,162.83318335215608,342.1853702638924,30,1.5,4.8,1.5,8.700000000000001,inspect_top30_consequence,top_consequence,30,0.05,shared,82,17.011627995398044,325.1737422684944
186.339620623567,169.4688746886038,355.80849531217075,60,3.0,0.8999999999999999,3.0,8.700000000000001,inspect_top60_consequence,top_consequence,60,0.05,shared,82,30.63475304367637,325.1737422684944
179.92636716404485,163.22443615053092,343.1508033145758,30,1.5,4.8,1.5,8.700000000000001,inspect_top30_consequence_no_graph,top_consequence_no_graph,30,0.05,shared,82,17.977061046081417,325.1737422684944
186.32721830524684,169.50715174502432,355.83437005027116,60,3.0,0.8999999999999999,3.0,8.700000000000001,inspect_top60_consequence_no_graph,top_consequence_no_graph,60,0.05,shared,82,30.660627781776782,325.1737422684944
179.35654474741108,163.70163869079425,343.05818343820533,30,1.5,4.8,1.5,8.700000000000001,inspect_top30_uncertainty_x_consequence,top_uncertainty_consequence,30,0.05,shared,82,17.884441169710954,325.1737422684944
186.4566059192617,170.16082151966305,356.6174274389248,60,3.0,0.8999999999999999,3.0,8.700000000000001,inspect_top60_uncertainty_x_consequence,top_uncertainty_consequence,60,0.05,shared,82,31.4436851704304,325.1737422684944
179.15368630327777,163.44688148003416,342.60056778331193,30,1.5,4.8,1.5,8.700000000000001,inspect_top30_uncertainty_x_graph_consequence,top_uncertainty_graph_consequence,30,0.05,shared,82,17.42682551481755,325.1737422684944
186.41010231817077,170.27532975125376,356.68543206942456,60,3.0,0.8999999999999999,3.0,8.700000000000001,inspect_top60_uncertainty_x_graph_consequence,top_uncertainty_graph_consequence,60,0.05,shared,82,31.511689800930185,325.1737422684944
186.6533600464315,170.70027075151262,357.3536307979441,60,3.0,0.8999999999999999,3.0,8.700000000000001,inspect_random60,random,60,0.05,shared,82,32.17988852944973,325.1737422684944
181.7427719879334,165.01307067651368,346.7558426644471,30,1.5,4.8,1.5,8.700000000000001,inspect_top30_consequence,top_consequence,30,0.05,shared,83,17.794917962407624,328.96092470203945
188.31502657859224,171.65317599746044,359.9682025760527,60,3.0,0.8999999999999999,3.0,8.700000000000001,inspect_top60_consequence,top_consequence,60,0.05,shared,83,31.007277874013255,328.96092470203945
181.67555101976188,165.62454751641224,347.3000985361741,30,1.5,4.8,1.5,8.700000000000001,inspect_top30_consequence_no_graph,top_consequence_no_graph,30,0.05,shared,83,18.33917383413467,328.96092470203945
188.32738476407238,172.09922643764094,360.4266112017133,60,3.0,0.8999999999999999,3.0,8.700000000000001,inspect_top60_consequence_no_graph,top_consequence_no_graph,60,0.05,shared,83,31.465686499673836,328.96092470203945
182.19177260116868,166.10013466459262,348.2919072657613,30,1.5,4.8,1.5,8.700000000000001,inspect_top30_uncertainty_x_consequence,top_uncertainty_consequence,30,0.05,shared,83,19.330982563721875,328.96092470203945
188.67724934905462,173.24441990019739,361.921669249252,60,3.0,0.8999999999999999,3.0,8.700000000000001,inspect_top60_uncertainty_x_consequence,top_uncertainty_consequence,60,0.05,shared,83,32.96074454721253,328.96092470203945
182.13040366656577,166.10013466459262,348.2305383311584,30,1.5,4.8,1.5,8.700000000000001,inspect_top30_uncertainty_x_graph_consequence,top_uncertainty_graph_consequence,30,0.05,shared,83,19.269613629118965,328.96092470203945
188.0587427607005,172.54608198499568,360.6048247456962,60,3.0,0.8999999999999999,3.0,8.700000000000001,inspect_top60_uncertainty_x_graph_consequence,top_uncertainty_graph_consequence,60,0.05,shared,83,31.643900043656743,328.96092470203945
188.26270313045796,172.96462690464728,361.22733003510524,60,3.0,0.8999999999999999,3.0,8.700000000000001,inspect_random60,random,60,0.05,shared,83,32.26640533306579,328.96092470203945
174.69074812921383,158.55674501902467,333.2474931482385,30,1.5,4.8,1.5,8.700000000000001,inspect_top30_consequence,top_consequence,30,0.05,shared,84,17.192687040382452,316.05480610785605
181.7603479021501,164.9976770632495,346.7580249653996,60,3.0,0.8999999999999999,3.0,8.700000000000001,inspect_top60_consequence,top_consequence,60,0.05,shared,84,30.70321885754356,316.05480610785605
174.8248438692575,157.94240688004294,332.76725074930044,30,1.5,4.8,1.5,8.700000000000001,inspect_top30_consequence_no_graph,top_consequence_no_graph,30,0.05,shared,84,16.712444641444392,316.05480610785605
181.80137101414527,164.94205174130656,346.74342275545183,60,3.0,0.8999999999999999,3.0,8.700000000000001,inspect_top60_consequence_no_graph,top_consequence_no_graph,60,0.05,shared,84,30.68861664759578,316.05480610785605
175.13931550653035,159.427538591149,334.5668540976793,30,1.5,4.8,1.5,8.700000000000001,inspect_top30_uncertainty_x_consequence,top_uncertainty_consequence,30,0.05,shared,84,18.51204798982326,316.05480610785605
181.8857483010294,165.3792710154848,347.2650193165142,60,3.0,0.8999999999999999,3.0,8.700000000000001,inspect_top60_uncertainty_x_consequence,top_uncertainty_consequence,60,0.05,shared,84,31.21021320865816,316.05480610785605
175.17260015395308,158.96518539643296,334.13778555038607,30,1.5,4.8,1.5,8.700000000000001,inspect_top30_uncertainty_x_graph_consequence,top_uncertainty_graph_consequence,30,0.05,shared,84,18.082979442530018,316.05480610785605
181.73107276410894,165.4310479650613,347.1621207291703,60,3.0,0.8999999999999999,3.0,8.700000000000001,inspect_top60_uncertainty_x_graph_consequence,top_uncertainty_graph_consequence,60,0.05,shared,84,31.10731462131423,316.05480610785605
182.02837847651773,165.70233927315445,347.7307177496722,60,3.0,0.8999999999999999,3.0,8.700000000000001,inspect_random60,random,60,0.05,shared,84,31.67591164181613,316.05480610785605
182.2239340750434,165.7309042521952,347.9548383272386,30,1.5,4.8,1.5,8.700000000000001,inspect_top30_consequence,top_consequence,30,0.05,shared,85,16.825016497815966,331.1298218294226
189.4657308612184,172.5893826950333,362.0551135562517,60,3.0,0.8999999999999999,3.0,8.700000000000001,inspect_top60_consequence,top_consequence,60,0.05,shared,85,30.925291726829073,331.1298218294226
182.6239721787327,166.05620784858104,348.6801800273138,30,1.5,4.8,1.5,8.700000000000001,inspect_top30_consequence_no_graph,top_consequence_no_graph,30,0.05,shared,85,17.55035819789117,331.1298218294226
189.43832791176672,172.99888154034153,362.4372094521083,60,3.0,0.8999999999999999,3.0,8.700000000000001,inspect_top60_consequence_no_graph,top_consequence_no_graph,60,0.05,shared,85,31.307387622685667,331.1298218294226
183.20015329410927,167.02614691962785,350.2263002137371,30,1.5,4.8,1.5,8.700000000000001,inspect_top30_uncertainty_x_consequence,top_uncertainty_consequence,30,0.05,shared,85,19.09647838431448,331.1298218294226
190.02547396132817,173.35384527713552,363.3793192384637,60,3.0,0.8999999999999999,3.0,8.700000000000001,inspect_top60_uncertainty_x_consequence,top_uncertainty_consequence,60,0.05,shared,85,32.24949740904111,331.1298218294226
182.73167184143796,166.47269307878705,349.204364920225,30,1.5,4.8,1.5,8.700000000000001,inspect_top30_uncertainty_x_graph_consequence,top_uncertainty_graph_consequence,30,0.05,shared,85,18.074543090802365,331.1298218294226
189.40912172680018,172.8577119028019,362.26683362960205,60,3.0,0.8999999999999999,3.0,8.700000000000001,inspect_top60_uncertainty_x_graph_consequence,top_uncertainty_graph_consequence,60,0.05,shared,85,31.137011800179437,331.1298218294226
189.39894898475728,173.38906574679186,362.78801473154914,60,3.0,0.8999999999999999,3.0,8.700000000000001,inspect_random60,random,60,0.05,shared,85,31.65819290212653,331.1298218294226
167.57548804443047,150.58137970179342,318.1568677462239,30,1.5,4.8,1.5,8.700000000000001,inspect_top30_consequence,top_consequence,30,0.05,shared,86,17.257723491099966,300.89914425512393
174.64583408679403,157.65789295704428,332.3037270438383,60,3.0,0.8999999999999999,3.0,8.700000000000001,inspect_top60_consequence,top_consequence,60,0.05,shared,86,31.40458278871438,300.89914425512393
167.52582569661507,150.47197715610298,317.99780285271805,30,1.5,4.8,1.5,8.700000000000001,inspect_top30_consequence_no_graph,top_consequence_no_graph,30,0.05,shared,86,17.098658597594124,300.89914425512393
174.5808111605025,157.73167305271485,332.3124842132173,60,3.0,0.8999999999999999,3.0,8.700000000000001,inspect_top60_consequence_no_graph,top_consequence_no_graph,60,0.05,shared,86,31.41333995809339,300.89914425512393
167.86243166476805,152.20977509923,320.07220676399805,30,1.5,4.8,1.5,8.700000000000001,inspect_top30_uncertainty_x_consequence,top_uncertainty_consequence,30,0.05,shared,86,19.173062508874125,300.89914425512393
174.7330388638802,158.39544890984163,333.1284877737219,60,3.0,0.8999999999999999,3.0,8.700000000000001,inspect_top60_uncertainty_x_consequence,top_uncertainty_consequence,60,0.05,shared,86,32.22934351859794,300.89914425512393
168.02625404344434,152.13370326731055,320.15995731075486,30,1.5,4.8,1.5,8.700000000000001,inspect_top30_uncertainty_x_graph_consequence,top_uncertainty_graph_consequence,30,0.05,shared,86,19.260813055630933,300.89914425512393
174.64980117205744,158.43124872502773,333.08104989708517,60,3.0,0.8999999999999999,3.0,8.700000000000001,inspect_top60_uncertainty_x_graph_consequence,top_uncertainty_graph_consequence,60,0.05,shared,86,32.18190564196124,300.89914425512393
174.4282874570639,157.967869344677,332.3961568017409,60,3.0,0.8999999999999999,3.0,8.700000000000001,inspect_random60,random,60,0.05,shared,86,31.497012546616986,300.89914425512393
185.95029636791116,169.50432821214133,355.4546245800525,30,1.5,4.8,1.5,8.700000000000001,inspect_top30_consequence,top_consequence,30,0.05,shared,87,17.48591465255197,337.9687099275005
192.62329219494,175.88509602177476,368.50838821671476,60,3.0,0.8999999999999999,3.0,8.700000000000001,inspect_top60_consequence,top_consequence,60,0.05,shared,87,30.539678289214237,337.9687099275005
186.18931880668947,170.21825595429266,356.40757476098213,30,1.5,4.8,1.5,8.700000000000001,inspect_top30_consequence_no_graph,top_consequence_no_graph,30,0.05,shared,87,18.438864833481603,337.9687099275005
192.65925893180054,175.8983887031429,368.55764763494346,60,3.0,0.8999999999999999,3.0,8.700000000000001,inspect_top60_consequence_no_graph,top_consequence_no_graph,60,0.05,shared,87,30.588937707442938,337.9687099275005
186.80463242907845,171.29431937367474,358.09895180275316,30,1.5,4.8,1.5,8.700000000000001,inspect_top30_uncertainty_x_consequence,top_uncertainty_consequence,30,0.05,shared,87,20.130241875252636,337.9687099275005
193.09329027966254,177.1731059989543,370.26639627861687,60,3.0,0.8999999999999999,3.0,8.700000000000001,inspect_top60_uncertainty_x_consequence,top_uncertainty_consequence,60,0.05,shared,87,32.29768635111634,337.9687099275005
186.06159816552713,170.60918005813193,356.67077822365906,30,1.5,4.8,1.5,8.700000000000001,inspect_top30_uncertainty_x_graph_consequence,top_uncertainty_graph_consequence,30,0.05,shared,87,18.70206829615853,337.9687099275005
192.92404521031995,176.79894526933,369.72299047965,60,3.0,0.8999999999999999,3.0,8.700000000000001,inspect_top60_uncertainty_x_graph_consequence,top_uncertainty_graph_consequence,60,0.05,shared,87,31.754280552149453,337.9687099275005
192.8415153961484,177.01422148283467,369.85573687898307,60,3.0,0.8999999999999999,3.0,8.700000000000001,inspect_random60,random,60,0.05,shared,87,31.88702695148254,337.9687099275005
173.06111516168806,158.17120791294246,331.23232307463053,30,1.5,4.8,1.5,8.700000000000001,inspect_top30_consequence,top_consequence,30,0.05,shared,88,17.909300616989583,313.32302245764095
180.28678451526366,163.61262685161722,343.8994113668809,60,3.0,0.8999999999999999,3.0,8.700000000000001,inspect_top60_consequence,top_consequence,60,0.05,shared,88,30.576388909239938,313.32302245764095
173.4986313841951,157.9559972300038,331.4546286141989,30,1.5,4.8,1.5,8.700000000000001,inspect_top30_consequence_no_graph,top_consequence_no_graph,30,0.05,shared,88,18.13160615655795,313.32302245764095
180.164801527434,163.46851373210595,343.6333152595399,60,3.0,0.8999999999999999,3.0,8.700000000000001,inspect_top60_consequence_no_graph,top_consequence_no_graph,60,0.05,shared,88,30.31029280189898,313.32302245764095
172.89367712082685,157.8134966411701,330.70717376199696,30,1.5,4.8,1.5,8.700000000000001,inspect_top30_uncertainty_x_consequence,top_uncertainty_consequence,30,0.05,shared,88,17.38415130435601,313.32302245764095
180.14843154447138,163.84432604862928,343.9927575931007,60,3.0,0.8999999999999999,3.0,8.700000000000001,inspect_top60_uncertainty_x_consequence,top_uncertainty_consequence,60,0.05,shared,88,30.669735135459746,313.32302245764095
172.83808232992345,157.6705276204591,330.50860995038255,30,1.5,4.8,1.5,8.700000000000001,inspect_top30_uncertainty_x_graph_consequence,top_uncertainty_graph_consequence,30,0.05,shared,88,17.185587492741604,313.32302245764095
180.1330020578352,163.86061926982745,343.99362132766265,60,3.0,0.8999999999999999,3.0,8.700000000000001,inspect_top60_uncertainty_x_graph_consequence,top_uncertainty_graph_consequence,60,0.05,shared,88,30.670598870021706,313.32302245764095
180.69419988211766,164.26408392576005,344.9582838078777,60,3.0,0.8999999999999999,3.0,8.700000000000001,inspect_random60,random,60,0.05,shared,88,31.63526135023676,313.32302245764095
171.77749848446797,155.8164895015011,327.5939879859691,30,1.5,4.8,1.5,8.700000000000001,inspect_top30_consequence,top_consequence,30,0.05,shared,89,17.34981168579793,310.24417630017115
178.63959073895882,161.79041958555126,340.4300103245101,60,3.0,0.8999999999999999,3.0,8.700000000000001,inspect_top60_consequence,top_consequence,60,0.05,shared,89,30.18583402433893,310.24417630017115
172.1491656318367,155.478069492916,327.6272351247527,30,1.5,4.8,1.5,8.700000000000001,inspect_top30_consequence_no_graph,top_consequence_no_graph,30,0.05,shared,89,17.383058824581553,310.24417630017115
178.8572472242879,162.07363580755742,340.9308830318453,60,3.0,0.8999999999999999,3.0,8.700000000000001,inspect_top60_consequence_no_graph,top_consequence_no_graph,60,0.05,shared,89,30.686706731674178,310.24417630017115
172.4272424272067,157.05925018452248,329.4864926117292,30,1.5,4.8,1.5,8.700000000000001,inspect_top30_uncertainty_x_consequence,top_uncertainty_consequence,30,0.05,shared,89,19.242316311558056,310.24417630017115
179.60140552578002,163.6748482569749,343.2762537827549,60,3.0,0.8999999999999999,3.0,8.700000000000001,inspect_top60_uncertainty_x_consequence,top_uncertainty_consequence,60,0.05,shared,89,33.03207748258376,310.24417630017115
172.31441102090935,157.05925018452248,329.37366120543186,30,1.5,4.8,1.5,8.700000000000001,inspect_top30_uncertainty_x_graph_consequence,top_uncertainty_graph_consequence,30,0.05,shared,89,19.12948490526071,310.24417630017115
178.9515543858061,162.82339310038503,341.77494748619114,60,3.0,0.8999999999999999,3.0,8.700000000000001,inspect_top60_uncertainty_x_graph_consequence,top_uncertainty_graph_consequence,60,0.05,shared,89,31.53077118601999,310.24417630017115
178.57947256443845,163.45161334657243,342.0310859110109,60,3.0,0.8999999999999999,3.0,8.700000000000001,inspect_random60,random,60,0.05,shared,89,31.786909610839757,310.24417630017115
180.15594912298104,163.31594540196062,343.47189452494166,30,1.5,4.8,1.5,8.700000000000001,inspect_top30_consequence,top_consequence,30,0.05,shared,90,16.600230446378646,326.871664078563
187.53887663737459,170.47200587627498,358.01088251364956,60,3.0,0.8999999999999999,3.0,8.700000000000001,inspect_top60_consequence,top_consequence,60,0.05,shared,90,31.139218435086548,326.871664078563
180.25713004160545,163.45110517242784,343.70823521403327,30,1.5,4.8,1.5,8.700000000000001,inspect_top30_consequence_no_graph,top_consequence_no_graph,30,0.05,shared,90,16.83657113547025,326.871664078563
187.51129313332007,170.3000594798494,357.81135261316945,60,3.0,0.8999999999999999,3.0,8.700000000000001,inspect_top60_consequence_no_graph,top_consequence_no_graph,60,0.05,shared,90,30.939688534606432,326.871664078563
180.18655065106856,164.4109582836703,344.59750893473887,30,1.5,4.8,1.5,8.700000000000001,inspect_top30_uncertainty_x_consequence,top_uncertainty_consequence,30,0.05,shared,90,17.725844856175854,326.871664078563
187.43247073009408,170.73879670021807,358.1712674303121,60,3.0,0.8999999999999999,3.0,8.700000000000001,inspect_top60_uncertainty_x_consequence,top_uncertainty_consequence,60,0.05,shared,90,31.299603351749113,326.871664078563
180.72946924625114,164.9269551363378,345.65642438258897,30,1.5,4.8,1.5,8.700000000000001,inspect_top30_uncertainty_x_graph_consequence,top_uncertainty_graph_consequence,30,0.05,shared,90,18.78476030402595,326.871664078563
187.55195466991682,170.76461553814775,358.3165702080646,60,3.0,0.8999999999999999,3.0,8.700000000000001,inspect_top60_uncertainty_x_graph_consequence,top_uncertainty_graph_consequence,60,0.05,shared,90,31.44490612950159,326.871664078563
187.48193138346198,171.4008690976509,358.8828004811129,60,3.0,0.8999999999999999,3.0,8.700000000000001,inspect_random60,random,60,0.05,shared,90,32.01113640254988,326.871664078563
177.56627314249556,160.87418292417667,338.44045606667225,30,1.5,4.8,1.5,8.700000000000001,inspect_top30_consequence,top_consequence,30,0.05,shared,91,15.994337575900374,322.4461184907719
184.7916456181345,168.08415480568414,352.87580042381865,60,3.0,0.8999999999999999,3.0,8.700000000000001,inspect_top60_consequence,top_consequence,60,0.05,shared,91,30.429681933046766,322.4461184907719
177.5203437883495,161.99110462603954,339.51144841438906,30,1.5,4.8,1.5,8.700000000000001,inspect_top30_consequence_no_graph,top_consequence_no_graph,30,0.05,shared,91,17.065329923617185,322.4461184907719
184.7916456181345,167.83086010517331,352.6225057233078,60,3.0,0.8999999999999999,3.0,8.700000000000001,inspect_top60_consequence_no_graph,top_consequence_no_graph,60,0.05,shared,91,30.176387232535944,322.4461184907719
177.76348595019812,162.52752527425042,340.29101122444854,30,1.5,4.8,1.5,8.700000000000001,inspect_top30_uncertainty_x_consequence,top_uncertainty_consequence,30,0.05,shared,91,17.84489273367666,322.4461184907719
184.73350126637698,168.87062639145006,353.604127657827,60,3.0,0.8999999999999999,3.0,8.700000000000001,inspect_top60_uncertainty_x_consequence,top_uncertainty_consequence,60,0.05,shared,91,31.158009167055127,322.4461184907719
177.85143411083095,162.04223266512406,339.893666775955,30,1.5,4.8,1.5,8.700000000000001,inspect_top30_uncertainty_x_graph_consequence,top_uncertainty_graph_consequence,30,0.05,shared,91,17.44754828518313,322.4461184907719
184.6548085870102,168.89836059088879,353.553169177899,60,3.0,0.8999999999999999,3.0,8.700000000000001,inspect_top60_uncertainty_x_graph_consequence,top_uncertainty_graph_consequence,60,0.05,shared,91,31.107050687127128,322.4461184907719
184.98110991406367,168.62624544112083,353.6073553551845,60,3.0,0.8999999999999999,3.0,8.700000000000001,inspect_random60,random,60,0.05,shared,91,31.161236864412615,322.4461184907719
168.70116504822062,152.8320643555706,321.5332294037912,30,1.5,4.8,1.5,8.700000000000001,inspect_top30_consequence,top_consequence,30,0.2,shared,42,17.66193611886888,303.87129328492233
175.71555242249283,159.2542683227967,334.96982074528955,60,3.0,0.8999999999999999,3.0,8.700000000000001,inspect_top60_consequence,top_consequence,60,0.2,shared,42,31.098527460367222,303.87129328492233
169.19229751865987,153.0590360835651,322.251333602225,30,1.5,4.8,1.5,8.700000000000001,inspect_top30_consequence_no_graph,top_consequence_no_graph,30,0.2,shared,42,18.380040317302644,303.87129328492233
175.70583567949507,159.21644558262574,334.9222812621208,60,3.0,0.8999999999999999,3.0,8.700000000000001,inspect_top60_consequence_no_graph,top_consequence_no_graph,60,0.2,shared,42,31.050987977198474,303.87129328492233
169.3580744936154,154.19970921067454,323.55778370428993,30,1.5,4.8,1.5,8.700000000000001,inspect_top30_uncertainty_x_consequence,top_uncertainty_consequence,30,0.2,shared,42,19.6864904193676,303.87129328492233
175.85941404627096,160.3305528171253,336.18996686339625,60,3.0,0.8999999999999999,3.0,8.700000000000001,inspect_top60_uncertainty_x_consequence,top_uncertainty_consequence,60,0.2,shared,42,32.31867357847392,303.87129328492233
168.82421434237136,154.06795307939552,322.8921674217669,30,1.5,4.8,1.5,8.700000000000001,inspect_top30_uncertainty_x_graph_consequence,top_uncertainty_graph_consequence,30,0.2,shared,42,19.020874136844554,303.87129328492233
175.77625313866395,160.15203861736413,335.9282917560281,60,3.0,0.8999999999999999,3.0,8.700000000000001,inspect_top60_uncertainty_x_graph_consequence,top_uncertainty_graph_consequence,60,0.2,shared,42,32.05699847110577,303.87129328492233
176.1600875915321,161.00603901502438,337.1661266065565,60,3.0,0.8999999999999999,3.0,8.700000000000001,inspect_random60,random,60,0.2,shared,42,33.294833321634144,303.87129328492233
183.88936372345552,167.52660635897578,351.4159700824313,30,1.5,4.8,1.5,8.700000000000001,inspect_top30_consequence,top_consequence,30,0.2,shared,43,16.93085585681081,334.48511422562046
191.06008552745743,174.71394090665893,365.77402643411637,60,3.0,0.8999999999999999,3.0,8.700000000000001,inspect_top60_consequence,top_consequence,60,0.2,shared,43,31.2889122084959,334.48511422562046
184.0136402866885,167.6731264604188,351.6867667471073,30,1.5,4.8,1.5,8.700000000000001,inspect_top30_consequence_no_graph,top_consequence_no_graph,30,0.2,shared,43,17.201652521486835,334.48511422562046
190.9337294989449,174.57995301739518,365.51368251634005,60,3.0,0.8999999999999999,3.0,8.700000000000001,inspect_top60_consequence_no_graph,top_consequence_no_graph,60,0.2,shared,43,31.02856829071959,334.48511422562046
183.7668321823948,168.329306433347,352.0961386157418,30,1.5,4.8,1.5,8.700000000000001,inspect_top30_uncertainty_x_consequence,top_uncertainty_consequence,30,0.2,shared,43,17.611024390121315,334.48511422562046
191.0474532826019,174.72207380580255,365.76952708840446,60,3.0,0.8999999999999999,3.0,8.700000000000001,inspect_top60_uncertainty_x_consequence,top_uncertainty_consequence,60,0.2,shared,43,31.284412862783995,334.48511422562046
183.8528097901886,168.2636997178187,352.1165095080073,30,1.5,4.8,1.5,8.700000000000001,inspect_top30_uncertainty_x_graph_consequence,top_uncertainty_graph_consequence,30,0.2,shared,43,17.631395282386848,334.48511422562046
190.84414403746825,174.96023315354927,365.8043771910175,60,3.0,0.8999999999999999,3.0,8.700000000000001,inspect_top60_uncertainty_x_graph_consequence,top_uncertainty_graph_consequence,60,0.2,shared,43,31.31926296539706,334.48511422562046
190.8416382531862,174.7054102062566,365.5470484594428,60,3.0,0.8999999999999999,3.0,8.700000000000001,inspect_random60,random,60,0.2,shared,43,31.061934233822342,334.48511422562046
180.1685416523496,164.06306349322062,344.23160514557026,30,1.5,4.8,1.5,8.700000000000001,inspect_top30_consequence,top_consequence,30,0.2,shared,44,19.393467891711566,324.8381372538587
186.89549374282888,170.24556457751575,357.14105832034465,60,3.0,0.8999999999999999,3.0,8.700000000000001,inspect_top60_consequence,top_consequence,60,0.2,shared,44,32.302921066485965,324.8381372538587
180.36148119831938,164.57290639082282,344.9343875891422,30,1.5,4.8,1.5,8.700000000000001,inspect_top30_consequence_no_graph,top_consequence_no_graph,30,0.2,shared,44,20.096250335283514,324.8381372538587
186.88116042281507,170.06137279778713,356.9425332206022,60,3.0,0.8999999999999999,3.0,8.700000000000001,inspect_top60_consequence_no_graph,top_consequence_no_graph,60,0.2,shared,44,32.10439596674348,324.8381372538587
179.89859072185448,164.1226624705963,344.0212531924508,30,1.5,4.8,1.5,8.700000000000001,inspect_top30_uncertainty_x_consequence,top_uncertainty_consequence,30,0.2,shared,44,19.183115938592096,324.8381372538587
187.26709556651082,171.03421448345514,358.301310049966,60,3.0,0.8999999999999999,3.0,8.700000000000001,inspect_top60_uncertainty_x_consequence,top_uncertainty_consequence,60,0.2,shared,44,33.4631727961073,324.8381372538587
179.58647066742685,163.82988998825164,343.4163606556785,30,1.5,4.8,1.5,8.700000000000001,inspect_top30_uncertainty_x_graph_consequence,top_uncertainty_graph_consequence,30,0.2,shared,44,18.5782234018198,324.8381372538587
186.79859093445387,170.59799878724178,357.39658972169565,60,3.0,0.8999999999999999,3.0,8.700000000000001,inspect_top60_uncertainty_x_graph_consequence,top_uncertainty_graph_consequence,60,0.2,shared,44,32.55845246783696,324.8381372538587
186.26205015620042,172.28830838816026,358.5503585443607,60,3.0,0.8999999999999999,3.0,8.700000000000001,inspect_random60,random,60,0.2,shared,44,33.71222129050199,324.8381372538587
178.81207606862296,162.77439294479376,341.5864690134167,30,1.5,4.8,1.5,8.700000000000001,inspect_top30_consequence,top_consequence,30,0.2,shared,45,18.520108669714944,323.0663603437018
185.62427094778946,168.94623128423115,354.5705022320206,60,3.0,0.8999999999999999,3.0,8.700000000000001,inspect_top60_consequence,top_consequence,60,0.2,shared,45,31.504141888318827,323.0663603437018
178.73556597249043,162.82608522439557,341.56165119688603,30,1.5,4.8,1.5,8.700000000000001,inspect_top30_consequence_no_graph,top_consequence_no_graph,30,0.2,shared,45,18.495290853184258,323.0663603437018
185.61706778967095,169.11323455115814,354.7303023408291,60,3.0,0.8999999999999999,3.0,8.700000000000001,inspect_top60_consequence_no_graph,top_consequence_no_graph,60,0.2,shared,45,31.663941997127324,323.0663603437018
178.6579875562296,163.9944203470822,342.6524079033118,30,1.5,4.8,1.5,8.700000000000001,inspect_top30_uncertainty_x_consequence,top_uncertainty_consequence,30,0.2,shared,45,19.58604755961005,323.0663603437018
185.43382180162655,169.31669325030947,354.750515051936,60,3.0,0.8999999999999999,3.0,8.700000000000001,inspect_top60_uncertainty_x_consequence,top_uncertainty_consequence,60,0.2,shared,45,31.684154708234246,323.0663603437018
178.86775934967136,163.82825177968448,342.69601112935584,30,1.5,4.8,1.5,8.700000000000001,inspect_top30_uncertainty_x_graph_consequence,top_uncertainty_graph_consequence,30,0.2,shared,45,19.629650785654064,323.0663603437018
185.43382180162655,169.96082649393634,355.3946482955629,60,3.0,0.8999999999999999,3.0,8.700000000000001,inspect_top60_uncertainty_x_graph_consequence,top_uncertainty_graph_consequence,60,0.2,shared,45,32.328287951861114,323.0663603437018
186.08115902648132,170.26253722497393,356.34369625145524,60,3.0,0.8999999999999999,3.0,8.700000000000001,inspect_random60,random,60,0.2,shared,45,33.27733590775347,323.0663603437018
182.55018470270733,165.86120028752475,348.4113849902321,30,1.5,4.8,1.5,8.700000000000001,inspect_top30_consequence,top_consequence,30,0.2,shared,46,16.481724905352394,331.9296600848797
189.61050979392877,173.05887939932546,362.66938919325423,60,3.0,0.8999999999999999,3.0,8.700000000000001,inspect_top60_consequence,top_consequence,60,0.2,shared,46,30.739729108374547,331.9296600848797
182.62543061575684,166.48099402312783,349.1064246388847,30,1.5,4.8,1.5,8.700000000000001,inspect_top30_consequence_no_graph,top_consequence_no_graph,30,0.2,shared,46,17.17676455400499,331.9296600848797
189.57126124408256,173.22797814001723,362.7992393840998,60,3.0,0.8999999999999999,3.0,8.700000000000001,inspect_top60_consequence_no_graph,top_consequence_no_graph,60,0.2,shared,46,30.869579299220106,331.9296600848797
182.3203070479408,166.13164365764445,348.4519507055852,30,1.5,4.8,1.5,8.700000000000001,inspect_top30_uncertainty_x_consequence,top_uncertainty_consequence,30,0.2,shared,46,16.52229062070552,331.9296600848797
189.63033494349912,173.07911236313657,362.7094473066357,60,3.0,0.8999999999999999,3.0,8.700000000000001,inspect_top60_uncertainty_x_consequence,top_uncertainty_consequence,60,0.2,shared,46,30.77978722175601,331.9296600848797
182.04656899762156,165.87449136831978,347.92106036594134,30,1.5,4.8,1.5,8.700000000000001,inspect_top30_uncertainty_x_graph_consequence,top_uncertainty_graph_consequence,30,0.2,shared,46,15.991400281061658,331.9296600848797
189.42341791912733,173.09480514987564,362.51822306900294,60,3.0,0.8999999999999999,3.0,8.700000000000001,inspect_top60_uncertainty_x_graph_consequence,top_uncertainty_graph_consequence,60,0.2,shared,46,30.588562984123257,331.9296600848797
189.5151350494429,173.7126866905922,363.2278217400351,60,3.0,0.8999999999999999,3.0,8.700000000000001,inspect_random60,random,60,0.2,shared,46,31.29816165515541,331.9296600848797
172.01366964741962,156.26411831882535,328.277787966245,30,1.5,4.8,1.5,8.700000000000001,inspect_top30_consequence,top_consequence,30,0.2,shared,47,17.84472411116343,310.43306385508157
179.0149670900184,162.480600009939,341.4955670999574,60,3.0,0.8999999999999999,3.0,8.700000000000001,inspect_top60_consequence,top_consequence,60,0.2,shared,47,31.062503244875813,310.43306385508157
171.87854864389206,156.07961402767836,327.95816267157045,30,1.5,4.8,1.5,8.700000000000001,inspect_top30_consequence_no_graph,top_consequence_no_graph,30,0.2,shared,47,17.525098816488878,310.43306385508157
178.9675636699381,162.57385135359087,341.541415023529,60,3.0,0.8999999999999999,3.0,8.700000000000001,inspect_top60_consequence_no_graph,top_consequence_no_graph,60,0.2,shared,47,31.108351168447427,310.43306385508157
172.15060620975186,156.53681037807604,328.6874165878279,30,1.5,4.8,1.5,8.700000000000001,inspect_top30_uncertainty_x_consequence,top_uncertainty_consequence,30,0.2,shared,47,18.254352732746327,310.43306385508157
178.99616406213607,162.97187350369435,341.9680375658304,60,3.0,0.8999999999999999,3.0,8.700000000000001,inspect_top60_uncertainty_x_consequence,top_uncertainty_consequence,60,0.2,shared,47,31.53497371074883,310.43306385508157
172.17144414703395,156.47749387714833,328.64893802418226,30,1.5,4.8,1.5,8.700000000000001,inspect_top30_uncertainty_x_graph_consequence,top_uncertainty_graph_consequence,30,0.2,shared,47,18.215874169100687,310.43306385508157
178.9880730570789,162.93069009356964,341.91876315064854,60,3.0,0.8999999999999999,3.0,8.700000000000001,inspect_top60_uncertainty_x_graph_consequence,top_uncertainty_graph_consequence,60,0.2,shared,47,31.485699295566974,310.43306385508157
178.89868455575765,162.64816098163334,341.546845537391,60,3.0,0.8999999999999999,3.0,8.700000000000001,inspect_random60,random,60,0.2,shared,47,31.113781682309423,310.43306385508157
181.38668646488327,165.00887164469955,346.3955581095828,30,1.5,4.8,1.5,8.700000000000001,inspect_top30_consequence,top_consequence,30,0.2,shared,48,16.796470418597323,329.59908769098547
188.50052721717472,172.1046982637394,360.6052254809141,60,3.0,0.8999999999999999,3.0,8.700000000000001,inspect_top60_consequence,top_consequence,60,0.2,shared,48,31.00613778992863,329.59908769098547
181.87715281063603,165.1986469143158,347.0757997249518,30,1.5,4.8,1.5,8.700000000000001,inspect_top30_consequence_no_graph,top_consequence_no_graph,30,0.2,shared,48,17.47671203396635,329.59908769098547
188.93910438721434,172.43885383659256,361.3779582238069,60,3.0,0.8999999999999999,3.0,8.700000000000001,inspect_top60_consequence_no_graph,top_consequence_no_graph,60,0.2,shared,48,31.77887053282143,329.59908769098547
181.3481086927164,165.67373875887984,347.0218474515963,30,1.5,4.8,1.5,8.700000000000001,inspect_top30_uncertainty_x_consequence,top_uncertainty_consequence,30,0.2,shared,48,17.422759760610802,329.59908769098547
188.41021575067873,172.2391155760008,360.64933132667954,60,3.0,0.8999999999999999,3.0,8.700000000000001,inspect_top60_uncertainty_x_consequence,top_uncertainty_consequence,60,0.2,shared,48,31.050243635694073,329.59908769098547
181.0650995221278,165.5368810801917,346.6019806023195,30,1.5,4.8,1.5,8.700000000000001,inspect_top30_uncertainty_x_graph_consequence,top_uncertainty_graph_consequence,30,0.2,shared,48,17.002892911334015,329.59908769098547
188.38619810361075,172.42636503257575,360.8125631361865,60,3.0,0.8999999999999999,3.0,8.700000000000001,inspect_top60_uncertainty_x_graph_consequence,top_uncertainty_graph_consequence,60,0.2,shared,48,31.213475445201027,329.59908769098547
188.88978116924676,172.69884691216868,361.58862808141544,60,3.0,0.8999999999999999,3.0,8.700000000000001,inspect_random60,random,60,0.2,shared,48,31.989540390429966,329.59908769098547
177.60170698776875,162.12838984160885,339.7300968293776,30,1.5,4.8,1.5,8.700000000000001,inspect_top30_consequence,top_consequence,30,0.2,shared,49,18.272537753453037,321.45755907592456
184.65485586007645,167.87102993582783,352.5258857959043,60,3.0,0.8999999999999999,3.0,8.700000000000001,inspect_top60_consequence,top_consequence,60,0.2,shared,49,31.068326719979723,321.45755907592456
177.9047532909087,162.16177095240525,340.06652424331395,30,1.5,4.8,1.5,8.700000000000001,inspect_top30_consequence_no_graph,top_consequence_no_graph,30,0.2,shared,49,18.608965167389385,321.45755907592456
184.77151582976967,167.95986943152002,352.7313852612897,60,3.0,0.8999999999999999,3.0,8.700000000000001,inspect_top60_consequence_no_graph,top_consequence_no_graph,60,0.2,shared,49,31.273826185365124,321.45755907592456
178.17515658392517,162.5484232465361,340.7235798304613,30,1.5,4.8,1.5,8.700000000000001,inspect_top30_uncertainty_x_consequence,top_uncertainty_consequence,30,0.2,shared,49,19.266020754536726,321.45755907592456
184.45969569981048,169.1824575927405,353.642153292551,60,3.0,0.8999999999999999,3.0,8.700000000000001,inspect_top60_uncertainty_x_consequence,top_uncertainty_consequence,60,0.2,shared,49,32.18459421662641,321.45755907592456
177.96083449898958,162.5021159282662,340.4629504272558,30,1.5,4.8,1.5,8.700000000000001,inspect_top30_uncertainty_x_graph_consequence,top_uncertainty_graph_consequence,30,0.2,shared,49,19.00539135133124,321.45755907592456
184.5054852255055,169.04215251324996,353.5476377387555,60,3.0,0.8999999999999999,3.0,8.700000000000001,inspect_top60_uncertainty_x_graph_consequence,top_uncertainty_graph_consequence,60,0.2,shared,49,32.09007866283093,321.45755907592456
184.59426368631273,169.41540266516435,354.0096663514771,60,3.0,0.8999999999999999,3.0,8.700000000000001,inspect_random60,random,60,0.2,shared,49,32.552107275552544,321.45755907592456
176.67248208056765,161.13291838218777,337.8054004627554,30,1.5,4.8,1.5,8.700000000000001,inspect_top30_consequence,top_consequence,30,0.2,shared,50,18.179902345733467,319.62549811702195
183.6602881403373,167.49056999066227,351.15085813099955,60,3.0,0.8999999999999999,3.0,8.700000000000001,inspect_top60_consequence,top_consequence,60,0.2,shared,50,31.525360013977604,319.62549811702195
178.04513110080285,162.61514064852656,340.6602717493294,30,1.5,4.8,1.5,8.700000000000001,inspect_top30_consequence_no_graph,top_consequence_no_graph,30,0.2,shared,50,21.034773632307463,319.62549811702195
183.81301455918725,167.64366927700232,351.45668383618954,60,3.0,0.8999999999999999,3.0,8.700000000000001,inspect_top60_consequence_no_graph,top_consequence_no_graph,60,0.2,shared,50,31.831185719167593,319.62549811702195
177.6058894826446,162.02196781913491,339.6278573017795,30,1.5,4.8,1.5,8.700000000000001,inspect_top30_uncertainty_x_consequence,top_uncertainty_consequence,30,0.2,shared,50,20.00235918475755,319.62549811702195
183.9374358722757,169.1104305082879,353.0478663805636,60,3.0,0.8999999999999999,3.0,8.700000000000001,inspect_top60_uncertainty_x_consequence,top_uncertainty_consequence,60,0.2,shared,50,33.42236826354167,319.62549811702195
177.34018687036047,161.84777123611485,339.1879581064753,30,1.5,4.8,1.5,8.700000000000001,inspect_top30_uncertainty_x_graph_consequence,top_uncertainty_graph_consequence,30,0.2,shared,50,19.562459989453373,319.62549811702195
184.17900900427162,168.51603679887376,352.6950458031454,60,3.0,0.8999999999999999,3.0,8.700000000000001,inspect_top60_uncertainty_x_graph_consequence,top_uncertainty_graph_consequence,60,0.2,shared,50,33.06954768612343,319.62549811702195
183.6354167748574,168.78556589837302,352.4209826732304,60,3.0,0.8999999999999999,3.0,8.700000000000001,inspect_random60,random,60,0.2,shared,50,32.795484556208464,319.62549811702195
192.50189778860138,176.3137739777525,368.8156717663539,30,1.5,4.8,1.5,8.700000000000001,inspect_top30_consequence,top_consequence,30,0.2,shared,51,17.75481172168213,351.06086004467176
199.22833842193722,182.6124518497236,381.8407902716608,60,3.0,0.8999999999999999,3.0,8.700000000000001,inspect_top60_consequence,top_consequence,60,0.2,shared,51,30.779930226989052,351.06086004467176
192.51694274098816,176.69593181327664,369.2128745542648,30,1.5,4.8,1.5,8.700000000000001,inspect_top30_consequence_no_graph,top_consequence_no_graph,30,0.2,shared,51,18.152014509593016,351.06086004467176
199.20177778429695,183.28388838754216,382.4856661718391,60,3.0,0.8999999999999999,3.0,8.700000000000001,inspect_top60_consequence_no_graph,top_consequence_no_graph,60,0.2,shared,51,31.424806127167358,351.06086004467176
192.53554930438912,176.60889487647523,369.14444418086435,30,1.5,4.8,1.5,8.700000000000001,inspect_top30_uncertainty_x_consequence,top_uncertainty_consequence,30,0.2,shared,51,18.0835841361926,351.06086004467176
199.0837284867606,183.15757691076794,382.24130539752855,60,3.0,0.8999999999999999,3.0,8.700000000000001,inspect_top60_uncertainty_x_consequence,top_uncertainty_consequence,60,0.2,shared,51,31.180445352856793,351.06086004467176
192.4928274533588,176.60810456460297,369.1009320179618,30,1.5,4.8,1.5,8.700000000000001,inspect_top30_uncertainty_x_graph_consequence,top_uncertainty_graph_consequence,30,0.2,shared,51,18.040071973290026,351.06086004467176
198.9757128817988,183.3568284132606,382.3325412950594,60,3.0,0.8999999999999999,3.0,8.700000000000001,inspect_top60_uncertainty_x_graph_consequence,top_uncertainty_graph_consequence,60,0.2,shared,51,31.271681250387644,351.06086004467176
199.25922243295048,183.50478616958708,382.76400860253756,60,3.0,0.8999999999999999,3.0,8.700000000000001,inspect_random60,random,60,0.2,shared,51,31.703148557865802,351.06086004467176
174.11237755222064,158.938245497282,333.05062304950263,30,1.5,4.8,1.5,8.700000000000001,inspect_top30_consequence,top_consequence,30,0.2,shared,52,19.629952989039452,313.4206700604632
180.29018609179778,163.91678473744076,344.20697082923857,60,3.0,0.8999999999999999,3.0,8.700000000000001,inspect_top60_consequence,top_consequence,60,0.2,shared,52,30.78630076877539,313.4206700604632
174.26330915541507,158.48166083351555,332.7449699889306,30,1.5,4.8,1.5,8.700000000000001,inspect_top30_consequence_no_graph,top_consequence_no_graph,30,0.2,shared,52,19.32429992846744,313.4206700604632
180.3254164139563,164.1649838352743,344.4904002492306,60,3.0,0.8999999999999999,3.0,8.700000000000001,inspect_top60_consequence_no_graph,top_consequence_no_graph,60,0.2,shared,52,31.069730188767437,313.4206700604632
173.7245348445982,157.9656705512678,331.690205395866,30,1.5,4.8,1.5,8.700000000000001,inspect_top30_uncertainty_x_consequence,top_uncertainty_consequence,30,0.2,shared,52,18.269535335402793,313.4206700604632
180.17120080997256,164.24217868869138,344.41337949866397,60,3.0,0.8999999999999999,3.0,8.700000000000001,inspect_top60_uncertainty_x_consequence,top_uncertainty_consequence,60,0.2,shared,52,30.99270943820079,313.4206700604632
173.80003942434791,158.0156929989106,331.8157324232585,30,1.5,4.8,1.5,8.700000000000001,inspect_top30_uncertainty_x_graph_consequence,top_uncertainty_graph_consequence,30,0.2,shared,52,18.39506236279533,313.4206700604632
180.17120080997256,163.84640177948876,344.0176025894613,60,3.0,0.8999999999999999,3.0,8.700000000000001,inspect_top60_uncertainty_x_graph_consequence,top_uncertainty_graph_consequence,60,0.2,shared,52,30.59693252899814,313.4206700604632
180.31998494430573,164.42438626071169,344.7443712050174,60,3.0,0.8999999999999999,3.0,8.700000000000001,inspect_random60,random,60,0.2,shared,52,31.323701144554207,313.4206700604632
184.91142755258008,168.98017912991236,353.89160668249247,30,1.5,4.8,1.5,8.700000000000001,inspect_top30_consequence,top_consequence,30,0.2,shared,53,18.21240585718192,335.67920082531055
191.50998030471112,175.1302112056706,366.6401915103817,60,3.0,0.8999999999999999,3.0,8.700000000000001,inspect_top60_consequence,top_consequence,60,0.2,shared,53,30.96099068507118,335.67920082531055
184.29402084413334,168.41815151341993,352.7121723575533,30,1.5,4.8,1.5,8.700000000000001,inspect_top30_consequence_no_graph,top_consequence_no_graph,30,0.2,shared,53,17.032971532242755,335.67920082531055
191.5267303597968,175.0505909047044,366.57732126450117,60,3.0,0.8999999999999999,3.0,8.700000000000001,inspect_top60_consequence_no_graph,top_consequence_no_graph,60,0.2,shared,53,30.89812043919062,335.67920082531055
184.2385385977816,169.0101383728412,353.2486769706228,30,1.5,4.8,1.5,8.700000000000001,inspect_top30_uncertainty_x_consequence,top_uncertainty_consequence,30,0.2,shared,53,17.56947614531225,335.67920082531055
191.5337674332328,175.31608326824988,366.8498507014827,60,3.0,0.8999999999999999,3.0,8.700000000000001,inspect_top60_uncertainty_x_consequence,top_uncertainty_consequence,60,0.2,shared,53,31.17064987617215,335.67920082531055
184.94069901228528,169.27864458547185,354.21934359775713,30,1.5,4.8,1.5,8.700000000000001,inspect_top30_uncertainty_x_graph_consequence,top_uncertainty_graph_consequence,30,0.2,shared,53,18.540142772446586,335.67920082531055
191.47382866799893,174.993490653851,366.4673193218499,60,3.0,0.8999999999999999,3.0,8.700000000000001,inspect_top60_uncertainty_x_graph_consequence,top_uncertainty_graph_consequence,60,0.2,shared,53,30.78811849653937,335.67920082531055
191.36618132148607,175.15540692806962,366.5215882495557,60,3.0,0.8999999999999999,3.0,8.700000000000001,inspect_random60,random,60,0.2,shared,53,30.842387424245146,335.67920082531055
175.59266827337413,159.2724603153585,334.86512858873266,30,1.5,4.8,1.5,8.700000000000001,inspect_top30_consequence,top_consequence,30,0.2,shared,54,16.930688192427624,317.93444039630504
182.7270525211863,166.13761399608455,348.86466651727085,60,3.0,0.8999999999999999,3.0,8.700000000000001,inspect_top60_consequence,top_consequence,60,0.2,shared,54,30.930226120965813,317.93444039630504
175.46657546357795,160.0179011568096,335.48447662038757,30,1.5,4.8,1.5,8.700000000000001,inspect_top30_consequence_no_graph,top_consequence_no_graph,30,0.2,shared,54,17.550036224082532,317.93444039630504
182.70138527267503,166.08216470136549,348.7835499740405,60,3.0,0.8999999999999999,3.0,8.700000000000001,inspect_top60_consequence_no_graph,top_consequence_no_graph,60,0.2,shared,54,30.849109577735476,317.93444039630504
177.60480180353056,161.98529354194977,339.59009534548034,30,1.5,4.8,1.5,8.700000000000001,inspect_top30_uncertainty_x_consequence,top_uncertainty_consequence,30,0.2,shared,54,21.6556549491753,317.93444039630504
183.32087890242394,167.83916251753627,351.1600414199602,60,3.0,0.8999999999999999,3.0,8.700000000000001,inspect_top60_uncertainty_x_consequence,top_uncertainty_consequence,60,0.2,shared,54,33.225601023655145,317.93444039630504
177.5903757097529,161.61257005603625,339.20294576578914,30,1.5,4.8,1.5,8.700000000000001,inspect_top30_uncertainty_x_graph_consequence,top_uncertainty_graph_consequence,30,0.2,shared,54,21.268505369484103,317.93444039630504
183.20225781962833,166.7728872663909,349.9751450860192,60,3.0,0.8999999999999999,3.0,8.700000000000001,inspect_top60_uncertainty_x_graph_consequence,top_uncertainty_graph_consequence,60,0.2,shared,54,32.040704689714175,317.93444039630504
182.62987373462687,167.52755691345547,350.15743064808237,60,3.0,0.8999999999999999,3.0,8.700000000000001,inspect_random60,random,60,0.2,shared,54,32.22299025177733,317.93444039630504
178.08466125817512,161.80358760255604,339.88824886073115,30,1.5,4.8,1.5,8.700000000000001,inspect_top30_consequence,top_consequence,30,0.2,shared,55,17.40622461719937,322.4820242435318
185.0634622336097,168.7353544624179,353.7988166960276,60,3.0,0.8999999999999999,3.0,8.700000000000001,inspect_top60_consequence,top_consequence,60,0.2,shared,55,31.316792452495804,322.4820242435318
178.20114742608888,161.58380937171538,339.7849567978043,30,1.5,4.8,1.5,8.700000000000001,inspect_top30_consequence_no_graph,top_consequence_no_graph,30,0.2,shared,55,17.302932554272502,322.4820242435318
185.07063466932783,168.3862779936218,353.45691266294966,60,3.0,0.8999999999999999,3.0,8.700000000000001,inspect_top60_consequence_no_graph,top_consequence_no_graph,60,0.2,shared,55,30.97488841941788,322.4820242435318
177.79366712042628,162.45171835757253,340.2453854779988,30,1.5,4.8,1.5,8.700000000000001,inspect_top30_uncertainty_x_consequence,top_uncertainty_consequence,30,0.2,shared,55,17.763361234467027,322.4820242435318
185.14054966808942,169.14587469070486,354.2864243587943,60,3.0,0.8999999999999999,3.0,8.700000000000001,inspect_top60_uncertainty_x_consequence,top_uncertainty_consequence,60,0.2,shared,55,31.804400115262524,322.4820242435318
177.79203583028686,162.56762177523,340.3596576055169,30,1.5,4.8,1.5,8.700000000000001,inspect_top30_uncertainty_x_graph_consequence,top_uncertainty_graph_consequence,30,0.2,shared,55,17.87763336198509,322.4820242435318
184.86234794658134,168.84553952448977,353.7078874710711,60,3.0,0.8999999999999999,3.0,8.700000000000001,inspect_top60_uncertainty_x_graph_consequence,top_uncertainty_graph_consequence,60,0.2,shared,55,31.22586322753932,322.4820242435318
185.37270423294888,169.4324553011752,354.8051595341241,60,3.0,0.8999999999999999,3.0,8.700000000000001,inspect_random60,random,60,0.2,shared,55,32.32313529059229,322.4820242435318
169.14144206208033,153.81172718866281,322.95316925074314,30,1.5,4.8,1.5,8.700000000000001,inspect_top30_consequence,top_consequence,30,0.2,shared,56,17.34307284470134,305.6100964060418
176.4041857132577,160.02439698010966,336.4285826933674,60,3.0,0.8999999999999999,3.0,8.700000000000001,inspect_top60_consequence,top_consequence,60,0.2,shared,56,30.818486287325584,305.6100964060418
169.18128373546944,153.98457150790568,323.1658552433751,30,1.5,4.8,1.5,8.700000000000001,inspect_top30_consequence_no_graph,top_consequence_no_graph,30,0.2,shared,56,17.555758837333315,305.6100964060418
176.48637442488254,160.0945598402094,336.58093426509197,60,3.0,0.8999999999999999,3.0,8.700000000000001,inspect_top60_consequence_no_graph,top_consequence_no_graph,60,0.2,shared,56,30.970837859050164,305.6100964060418
170.528418849275,154.86354823610884,325.39196708538384,30,1.5,4.8,1.5,8.700000000000001,inspect_top30_uncertainty_x_consequence,top_uncertainty_consequence,30,0.2,shared,56,19.781870679342035,305.6100964060418
177.017927964302,161.28986173986019,338.3077897041622,60,3.0,0.8999999999999999,3.0,8.700000000000001,inspect_top60_uncertainty_x_consequence,top_uncertainty_consequence,60,0.2,shared,56,32.697693298120384,305.6100964060418
170.5207423361145,155.14942378582558,325.67016612194004,30,1.5,4.8,1.5,8.700000000000001,inspect_top30_uncertainty_x_graph_consequence,top_uncertainty_graph_consequence,30,0.2,shared,56,20.060069715898237,305.6100964060418
176.50875426031655,160.3660963941091,336.87485065442564,60,3.0,0.8999999999999999,3.0,8.700000000000001,inspect_top60_uncertainty_x_graph_consequence,top_uncertainty_graph_consequence,60,0.2,shared,56,31.264754248383838,305.6100964060418
176.41107512129344,160.67537088515144,337.0864460064449,60,3.0,0.8999999999999999,3.0,8.700000000000001,inspect_random60,random,60,0.2,shared,56,31.47634960040307,305.6100964060418
172.43352286447228,156.32912208515685,328.76264494962913,30,1.5,4.8,1.5,8.700000000000001,inspect_top30_consequence,top_consequence,30,0.2,shared,57,17.37472081944469,311.38792413018444
179.1339661456222,162.79014850203095,341.92411464765314,60,3.0,0.8999999999999999,3.0,8.700000000000001,inspect_top60_consequence,top_consequence,60,0.2,shared,57,30.536190517468697,311.38792413018444
172.85602542685365,156.32171388241616,329.1777393092698,30,1.5,4.8,1.5,8.700000000000001,inspect_top30_consequence_no_graph,top_consequence_no_graph,30,0.2,shared,57,17.789815179085338,311.38792413018444
179.18806534717964,162.69386018611854,341.88192553329816,60,3.0,0.8999999999999999,3.0,8.700000000000001,inspect_top60_consequence_no_graph,top_consequence_no_graph,60,0.2,shared,57,30.494001403113714,311.38792413018444
172.5647414549632,156.92613821002794,329.49087966499116,30,1.5,4.8,1.5,8.700000000000001,inspect_top30_uncertainty_x_consequence,top_uncertainty_consequence,30,0.2,shared,57,18.10295553480671,311.38792413018444
179.04173179344528,163.43831727296836,342.48004906641364,60,3.0,0.8999999999999999,3.0,8.700000000000001,inspect_top60_uncertainty_x_consequence,top_uncertainty_consequence,60,0.2,shared,57,31.092124936229197,311.38792413018444
172.7835822764543,156.9513586527056,329.7349409291599,30,1.5,4.8,1.5,8.700000000000001,inspect_top30_uncertainty_x_graph_consequence,top_uncertainty_graph_consequence,30,0.2,shared,57,18.34701679897546,311.38792413018444
179.03960659081608,163.42357543072484,342.4631820215409,60,3.0,0.8999999999999999,3.0,8.700000000000001,inspect_top60_uncertainty_x_graph_consequence,top_uncertainty_graph_consequence,60,0.2,shared,57,31.075257891356443,311.38792413018444
179.69993231443593,164.18306872273163,343.88300103716756,60,3.0,0.8999999999999999,3.0,8.700000000000001,inspect_random60,random,60,0.2,shared,57,32.495076906983115,311.38792413018444
175.8400282484401,160.2823869725074,336.12241522094746,30,1.5,4.8,1.5,8.700000000000001,inspect_top30_consequence,top_consequence,30,0.2,shared,58,19.608299044054206,316.51411617689325
181.90052311170317,165.4485725054924,347.34909561719553,60,3.0,0.8999999999999999,3.0,8.700000000000001,inspect_top60_consequence,top_consequence,60,0.2,shared,58,30.834979440302277,316.51411617689325
176.09563721129763,159.83116769794373,335.92680490924135,30,1.5,4.8,1.5,8.700000000000001,inspect_top30_consequence_no_graph,top_consequence_no_graph,30,0.2,shared,58,19.4126887323481,316.51411617689325
181.89076705586274,166.92534133154356,348.8161083874063,60,3.0,0.8999999999999999,3.0,8.700000000000001,inspect_top60_consequence_no_graph,top_consequence_no_graph,60,0.2,shared,58,32.30199221051305,316.51411617689325
175.2160505214087,159.36486199156192,334.5809125129706,30,1.5,4.8,1.5,8.700000000000001,inspect_top30_uncertainty_x_consequence,top_uncertainty_consequence,30,0.2,shared,58,18.066796336077346,316.51411617689325
182.35610712235672,166.42581012730318,348.7819172496599,60,3.0,0.8999999999999999,3.0,8.700000000000001,inspect_top60_uncertainty_x_consequence,top_uncertainty_consequence,60,0.2,shared,58,32.267801072766645,316.51411617689325
175.24797932274606,159.53950904611753,334.7874883688636,30,1.5,4.8,1.5,8.700000000000001,inspect_top30_uncertainty_x_graph_consequence,top_uncertainty_graph_consequence,30,0.2,shared,58,18.27337219197034,316.51411617689325
181.8381462778423,166.1447873037361,347.98293358157844,60,3.0,0.8999999999999999,3.0,8.700000000000001,inspect_top60_uncertainty_x_graph_consequence,top_uncertainty_graph_consequence,60,0.2,shared,58,31.468817404685183,316.51411617689325
182.4270332669272,167.2643164148283,349.69134968175547,60,3.0,0.8999999999999999,3.0,8.700000000000001,inspect_random60,random,60,0.2,shared,58,33.177233504862215,316.51411617689325
178.16128234068557,162.2292890706661,340.3905714113517,30,1.5,4.8,1.5,8.700000000000001,inspect_top30_consequence,top_consequence,30,0.2,shared,59,19.23621230069665,321.15435911065504
184.3088133834711,167.93830061540797,352.24711399887906,60,3.0,0.8999999999999999,3.0,8.700000000000001,inspect_top60_consequence,top_consequence,60,0.2,shared,59,31.09275488822402,321.15435911065504
178.8324204229206,162.25578379665876,341.0882042195793,30,1.5,4.8,1.5,8.700000000000001,inspect_top30_consequence_no_graph,top_consequence_no_graph,30,0.2,shared,59,19.933845108924288,321.15435911065504
184.80902078665088,169.01111185344354,353.8201326400944,60,3.0,0.8999999999999999,3.0,8.700000000000001,inspect_top60_consequence_no_graph,top_consequence_no_graph,60,0.2,shared,59,32.66577352943938,321.15435911065504
177.14359800067274,162.13488232916689,339.2784803298396,30,1.5,4.8,1.5,8.700000000000001,inspect_top30_uncertainty_x_consequence,top_uncertainty_consequence,30,0.2,shared,59,18.124121219184588,321.15435911065504
184.3678554236743,168.78530092121542,353.15315634488974,60,3.0,0.8999999999999999,3.0,8.700000000000001,inspect_top60_uncertainty_x_consequence,top_uncertainty_consequence,60,0.2,shared,59,31.9987972342347,321.15435911065504
177.16999659029972,162.06635124298217,339.2363478332819,30,1.5,4.8,1.5,8.700000000000001,inspect_top30_uncertainty_x_graph_consequence,top_uncertainty_graph_consequence,30,0.2,shared,59,18.081988722626875,321.15435911065504
184.16614698283757,168.06692271270055,352.2330696955381,60,3.0,0.8999999999999999,3.0,8.700000000000001,inspect_top60_uncertainty_x_graph_consequence,top_uncertainty_graph_consequence,60,0.2,shared,59,31.078710584883083,321.15435911065504
184.2340052022285,169.23027665994357,353.4642818621721,60,3.0,0.8999999999999999,3.0,8.700000000000001,inspect_random60,random,60,0.2,shared,59,32.309922751517036,321.15435911065504
169.63320028141635,153.8619053462693,323.4951056276857,30,1.5,4.8,1.5,8.700000000000001,inspect_top30_consequence,top_consequence,30,0.2,shared,60,18.346299341524002,305.1488062861617
176.28587626727594,160.31526319189066,336.6011394591666,60,3.0,0.8999999999999999,3.0,8.700000000000001,inspect_top60_consequence,top_consequence,60,0.2,shared,60,31.452333173004888,305.1488062861617
169.3042066863634,153.48330069300204,322.7875073793654,30,1.5,4.8,1.5,8.700000000000001,inspect_top30_consequence_no_graph,top_consequence_no_graph,30,0.2,shared,60,17.638701093203736,305.1488062861617
176.33681226478433,160.04483804415088,336.3816503089352,60,3.0,0.8999999999999999,3.0,8.700000000000001,inspect_top60_consequence_no_graph,top_consequence_no_graph,60,0.2,shared,60,31.23284402277352,305.1488062861617
169.46845339473487,153.54765933124492,323.0161127259798,30,1.5,4.8,1.5,8.700000000000001,inspect_top30_uncertainty_x_consequence,top_uncertainty_consequence,30,0.2,shared,60,17.867306439818094,305.1488062861617
176.2554828252999,160.20364876106083,336.45913158636074,60,3.0,0.8999999999999999,3.0,8.700000000000001,inspect_top60_uncertainty_x_consequence,top_uncertainty_consequence,60,0.2,shared,60,31.310325300199054,305.1488062861617
169.4781728161483,153.67731881108563,323.1554916272339,30,1.5,4.8,1.5,8.700000000000001,inspect_top30_uncertainty_x_graph_consequence,top_uncertainty_graph_consequence,30,0.2,shared,60,18.006685341072227,305.1488062861617
176.3094525286548,160.29766711718446,336.60711964583925,60,3.0,0.8999999999999999,3.0,8.700000000000001,inspect_top60_uncertainty_x_graph_consequence,top_uncertainty_graph_consequence,60,0.2,shared,60,31.45831335967756,305.1488062861617
176.25036451705182,160.56397767482474,336.81434219187656,60,3.0,0.8999999999999999,3.0,8.700000000000001,inspect_random60,random,60,0.2,shared,60,31.665535905714876,305.1488062861617
178.63304155494632,163.10762660813845,341.74066816308476,30,1.5,4.8,1.5,8.700000000000001,inspect_top30_consequence,top_consequence,30,0.2,shared,61,18.11772959002701,323.62293857305775
185.76197284506435,169.54313142046317,355.3051042655275,60,3.0,0.8999999999999999,3.0,8.700000000000001,inspect_top60_consequence,top_consequence,60,0.2,shared,61,31.682165692469766,323.62293857305775
178.49461165428596,163.4667691819326,341.96138083621855,30,1.5,4.8,1.5,8.700000000000001,inspect_top30_consequence_no_graph,top_consequence_no_graph,30,0.2,shared,61,18.3384422631608,323.62293857305775
185.7192964185887,170.00109479625797,355.7203912148467,60,3.0,0.8999999999999999,3.0,8.700000000000001,inspect_top60_consequence_no_graph,top_consequence_no_graph,60,0.2,shared,61,32.09745264178895,323.62293857305775
178.89339691260682,163.1789371953031,342.0723341079099,30,1.5,4.8,1.5,8.700000000000001,inspect_top30_uncertainty_x_consequence,top_uncertainty_consequence,30,0.2,shared,61,18.449395534852158,323.62293857305775
185.67470106234822,169.94963067087178,355.62433173322,60,3.0,0.8999999999999999,3.0,8.700000000000001,inspect_top60_uncertainty_x_consequence,top_uncertainty_consequence,60,0.2,shared,61,32.00139316016225,323.62293857305775
178.87793265195424,163.3411861122907,342.21911876424497,30,1.5,4.8,1.5,8.700000000000001,inspect_top30_uncertainty_x_graph_consequence,top_uncertainty_graph_consequence,30,0.2,shared,61,18.596180191187216,323.62293857305775
186.15824028327012,170.21238682384592,356.37062710711604,60,3.0,0.8999999999999999,3.0,8.700000000000001,inspect_top60_uncertainty_x_graph_consequence,top_uncertainty_graph_consequence,60,0.2,shared,61,32.747688534058284,323.62293857305775
185.60594886216327,169.95268666529884,355.5586355274621,60,3.0,0.8999999999999999,3.0,8.700000000000001,inspect_random60,random,60,0.2,shared,61,31.935696954404364,323.62293857305775
182.23347284501307,166.68570158853126,348.9191744335443,30,1.5,4.8,1.5,8.700000000000001,inspect_top30_consequence,top_consequence,30,0.2,shared,62,18.996036409283533,329.92313802426077
188.8990263980721,172.3809820065984,361.2800084046705,60,3.0,0.8999999999999999,3.0,8.700000000000001,inspect_top60_consequence,top_consequence,60,0.2,shared,62,31.35687038040976,329.92313802426077
182.21038381114488,167.2577026437338,349.4680864548787,30,1.5,4.8,1.5,8.700000000000001,inspect_top30_consequence_no_graph,top_consequence_no_graph,30,0.2,shared,62,19.54494843061792,329.92313802426077
188.8928539533669,172.39629577304865,361.28914972641553,60,3.0,0.8999999999999999,3.0,8.700000000000001,inspect_top60_consequence_no_graph,top_consequence_no_graph,60,0.2,shared,62,31.366011702154765,329.92313802426077
182.49911466641248,167.7251499213197,350.2242645877322,30,1.5,4.8,1.5,8.700000000000001,inspect_top30_uncertainty_x_consequence,top_uncertainty_consequence,30,0.2,shared,62,20.301126563471428,329.92313802426077
188.8159172349416,173.2186891957052,362.0346064306468,60,3.0,0.8999999999999999,3.0,8.700000000000001,inspect_top60_uncertainty_x_consequence,top_uncertainty_consequence,60,0.2,shared,62,32.11146840638605,329.92313802426077
181.939860689535,166.9110158776299,348.8508765671649,30,1.5,4.8,1.5,8.700000000000001,inspect_top30_uncertainty_x_graph_consequence,top_uncertainty_graph_consequence,30,0.2,shared,62,18.927738542904137,329.92313802426077
188.690220533307,172.62758281256828,361.3178033458753,60,3.0,0.8999999999999999,3.0,8.700000000000001,inspect_top60_uncertainty_x_graph_consequence,top_uncertainty_graph_consequence,60,0.2,shared,62,31.394665321614525,329.92313802426077
188.79933914703813,173.5641771346656,362.3635162817037,60,3.0,0.8999999999999999,3.0,8.700000000000001,inspect_random60,random,60,0.2,shared,62,32.440378257442944,329.92313802426077
182.86754097928275,166.2666714737513,349.134212453034,30,1.5,4.8,1.5,8.700000000000001,inspect_top30_consequence,top_consequence,30,0.2,shared,63,17.878417656443787,331.25579479659024
189.5649811461329,173.4222722063737,362.9872533525066,60,3.0,0.8999999999999999,3.0,8.700000000000001,inspect_top60_consequence,top_consequence,60,0.2,shared,63,31.73145855591639,331.25579479659024
182.7005920370218,166.43223507078312,349.1328271078049,30,1.5,4.8,1.5,8.700000000000001,inspect_top30_consequence_no_graph,top_consequence_no_graph,30,0.2,shared,63,17.87703231121469,331.25579479659024
189.86940460314906,173.97088476869496,363.84028937184405,60,3.0,0.8999999999999999,3.0,8.700000000000001,inspect_top60_consequence_no_graph,top_consequence_no_graph,60,0.2,shared,63,32.584494575253814,331.25579479659024
182.25662552921645,166.53719723134583,348.7938227605623,30,1.5,4.8,1.5,8.700000000000001,inspect_top30_uncertainty_x_consequence,top_uncertainty_consequence,30,0.2,shared,63,17.53802796397207,331.25579479659024
189.51041584371947,173.1731625046176,362.68357834833705,60,3.0,0.8999999999999999,3.0,8.700000000000001,inspect_top60_uncertainty_x_consequence,top_uncertainty_consequence,60,0.2,shared,63,31.427783551746813,331.25579479659024
182.16532368282932,166.49000883055402,348.6553325133833,30,1.5,4.8,1.5,8.700000000000001,inspect_top30_uncertainty_x_graph_consequence,top_uncertainty_graph_consequence,30,0.2,shared,63,17.399537716793077,331.25579479659024
189.99249429147415,173.63874402336504,363.63123831483915,60,3.0,0.8999999999999999,3.0,8.700000000000001,inspect_top60_uncertainty_x_graph_consequence,top_uncertainty_graph_consequence,60,0.2,shared,63,32.375443518248915,331.25579479659024
190.43605074669446,175.21682642841796,365.6528771751124,60,3.0,0.8999999999999999,3.0,8.700000000000001,inspect_random60,random,60,0.2,shared,63,34.39708237852216,331.25579479659024
176.3972684215818,160.57338411701863,336.97065253860046,30,1.5,4.8,1.5,8.700000000000001,inspect_top30_consequence,top_consequence,30,0.2,shared,64,18.778150617276253,318.1925019213242
183.067532449453,166.5221543189279,349.58968676838094,60,3.0,0.8999999999999999,3.0,8.700000000000001,inspect_top60_consequence,top_consequence,60,0.2,shared,64,31.397184847056735,318.1925019213242
177.27032342909968,160.36244706765154,337.6327704967512,30,1.5,4.8,1.5,8.700000000000001,inspect_top30_consequence_no_graph,top_consequence_no_graph,30,0.2,shared,64,19.440268575427012,318.1925019213242
183.11625886750306,167.02533441882616,350.1415932863292,60,3.0,0.8999999999999999,3.0,8.700000000000001,inspect_top60_consequence_no_graph,top_consequence_no_graph,60,0.2,shared,64,31.949091365005017,318.1925019213242
177.05917374816568,161.00022318921566,338.05939693738134,30,1.5,4.8,1.5,8.700000000000001,inspect_top30_uncertainty_x_consequence,top_uncertainty_consequence,30,0.2,shared,64,19.86689501605713,318.1925019213242
183.00229096158807,166.96028224626033,349.96257320784844,60,3.0,0.8999999999999999,3.0,8.700000000000001,inspect_top60_uncertainty_x_consequence,top_uncertainty_consequence,60,0.2,shared,64,31.770071286524228,318.1925019213242
175.5813379898899,159.85288916273737,335.4342271526273,30,1.5,4.8,1.5,8.700000000000001,inspect_top30_uncertainty_x_graph_consequence,top_uncertainty_graph_consequence,30,0.2,shared,64,17.241725231303064,318.1925019213242
182.9953362461267,166.9017651486079,349.8971013947346,60,3.0,0.8999999999999999,3.0,8.700000000000001,inspect_top60_uncertainty_x_graph_consequence,top_uncertainty_graph_consequence,60,0.2,shared,64,31.704599473410383,318.1925019213242
182.9341764617593,168.59066837153676,351.5248448332961,60,3.0,0.8999999999999999,3.0,8.700000000000001,inspect_random60,random,60,0.2,shared,64,33.332342911971864,318.1925019213242
170.1679977998997,153.70943842468984,323.87743622458953,30,1.5,4.8,1.5,8.700000000000001,inspect_top30_consequence,top_consequence,30,0.2,shared,65,16.006498851273136,307.8709373733164
177.59234022644134,160.7797623056111,338.3721025320524,60,3.0,0.8999999999999999,3.0,8.700000000000001,inspect_top60_consequence,top_consequence,60,0.2,shared,65,30.501165158736,307.8709373733164
170.25472491234888,154.06342858995166,324.31815350230056,30,1.5,4.8,1.5,8.700000000000001,inspect_top30_consequence_no_graph,top_consequence_no_graph,30,0.2,shared,65,16.447216128984167,307.8709373733164
177.57214527531534,160.81369725290546,338.3858425282208,60,3.0,0.8999999999999999,3.0,8.700000000000001,inspect_top60_consequence_no_graph,top_consequence_no_graph,60,0.2,shared,65,30.514905154904397,307.8709373733164
171.3681067570688,154.8878460927383,326.2559528498071,30,1.5,4.8,1.5,8.700000000000001,inspect_top30_uncertainty_x_consequence,top_uncertainty_consequence,30,0.2,shared,65,18.385015476490707,307.8709373733164
177.94996887673784,162.0994289823149,340.04939785905276,60,3.0,0.8999999999999999,3.0,8.700000000000001,inspect_top60_uncertainty_x_consequence,top_uncertainty_consequence,60,0.2,shared,65,32.178460485736366,307.8709373733164
171.2747149892406,154.85945848344232,326.13417347268296,30,1.5,4.8,1.5,8.700000000000001,inspect_top30_uncertainty_x_graph_consequence,top_uncertainty_graph_consequence,30,0.2,shared,65,18.263236099366566,307.8709373733164
178.5109846609654,162.27271819616266,340.78370285712805,60,3.0,0.8999999999999999,3.0,8.700000000000001,inspect_top60_uncertainty_x_graph_consequence,top_uncertainty_graph_consequence,60,0.2,shared,65,32.912765483811654,307.8709373733164
177.47834371357393,160.8764344871264,338.35477820070037,60,3.0,0.8999999999999999,3.0,8.700000000000001,inspect_random60,random,60,0.2,shared,65,30.483840827383972,307.8709373733164
185.83115241207764,169.74027751405416,355.5714299261318,30,1.5,4.8,1.5,8.700000000000001,inspect_top30_consequence,top_consequence,30,0.2,shared,66,18.39825264031265,337.1731772858192
192.32438039335818,175.96548094611524,368.2898613394734,60,3.0,0.8999999999999999,3.0,8.700000000000001,inspect_top60_consequence,top_consequence,60,0.2,shared,66,31.11668405365424,337.1731772858192
186.38933873227938,170.05955251788487,356.44889125016425,30,1.5,4.8,1.5,8.700000000000001,inspect_top30_consequence_no_graph,top_consequence_no_graph,30,0.2,shared,66,19.275713964345073,337.1731772858192
192.2848431984528,176.296107278467,368.5809504769198,60,3.0,0.8999999999999999,3.0,8.700000000000001,inspect_top60_consequence_no_graph,top_consequence_no_graph,60,0.2,shared,66,31.407773191100603,337.1731772858192
185.6853716656801,170.31396191779737,355.99933358347744,30,1.5,4.8,1.5,8.700000000000001,inspect_top30_uncertainty_x_consequence,top_uncertainty_consequence,30,0.2,shared,66,18.826156297658258,337.1731772858192
192.53761690834008,177.1061390898779,369.643755998218,60,3.0,0.8999999999999999,3.0,8.700000000000001,inspect_top60_uncertainty_x_consequence,top_uncertainty_consequence,60,0.2,shared,66,32.47057871239883,337.1731772858192
185.56518682767677,170.0089455722367,355.5741323999135,30,1.5,4.8,1.5,8.700000000000001,inspect_top30_uncertainty_x_graph_consequence,top_uncertainty_graph_consequence,30,0.2,shared,66,18.4009551140943,337.1731772858192
192.5877898850262,176.75177703376173,369.3395669187879,60,3.0,0.8999999999999999,3.0,8.700000000000001,inspect_top60_uncertainty_x_graph_consequence,top_uncertainty_graph_consequence,60,0.2,shared,66,32.16638963296873,337.1731772858192
192.13125235047076,177.07108595599294,369.20233830646373,60,3.0,0.8999999999999999,3.0,8.700000000000001,inspect_random60,random,60,0.2,shared,66,32.02916102064455,337.1731772858192
173.02302170620055,157.066421226947,330.08944293314755,30,1.5,4.8,1.5,8.700000000000001,inspect_top30_consequence,top_consequence,30,0.2,shared,67,17.620399592855506,312.46904334029205
180.2121085268223,163.70575236811183,343.91786089493417,60,3.0,0.8999999999999999,3.0,8.700000000000001,inspect_top60_consequence,top_consequence,60,0.2,shared,67,31.44881755464212,312.46904334029205
173.09520470270417,157.24801093469966,330.34321563740383,30,1.5,4.8,1.5,8.700000000000001,inspect_top30_consequence_no_graph,top_consequence_no_graph,30,0.2,shared,67,17.874172297111784,312.46904334029205
180.3312519584167,163.85508117512848,344.1863331335452,60,3.0,0.8999999999999999,3.0,8.700000000000001,inspect_top60_consequence_no_graph,top_consequence_no_graph,60,0.2,shared,67,31.717289793253144,312.46904334029205
173.24038919529596,157.72605919858768,330.96644839388364,30,1.5,4.8,1.5,8.700000000000001,inspect_top30_uncertainty_x_consequence,top_uncertainty_consequence,30,0.2,shared,67,18.497405053591592,312.46904334029205
180.39496298369772,163.87521062844178,344.2701736121395,60,3.0,0.8999999999999999,3.0,8.700000000000001,inspect_top60_uncertainty_x_consequence,top_uncertainty_consequence,60,0.2,shared,67,31.801130271847455,312.46904334029205
173.10402308000914,157.7259539844822,330.82997706449135,30,1.5,4.8,1.5,8.700000000000001,inspect_top30_uncertainty_x_graph_consequence,top_uncertainty_graph_consequence,30,0.2,shared,67,18.3609337241993,312.46904334029205
180.0408220189723,163.78024900549207,343.82107102446435,60,3.0,0.8999999999999999,3.0,8.700000000000001,inspect_top60_uncertainty_x_graph_consequence,top_uncertainty_graph_consequence,60,0.2,shared,67,31.3520276841723,312.46904334029205
180.09248536764164,163.85326410304697,343.9457494706886,60,3.0,0.8999999999999999,3.0,8.700000000000001,inspect_random60,random,60,0.2,shared,67,31.476706130396565,312.46904334029205
181.64417279707914,165.0805746284356,346.72474742551475,30,1.5,4.8,1.5,8.700000000000001,inspect_top30_consequence,top_consequence,30,0.2,shared,68,19.988818139661248,326.7359292858535
187.5571046193963,171.37185973658225,358.92896435597856,60,3.0,0.8999999999999999,3.0,8.700000000000001,inspect_top60_consequence,top_consequence,60,0.2,shared,68,32.19303507012506,326.7359292858535
181.91996678540397,164.96142749840755,346.8813942838115,30,1.5,4.8,1.5,8.700000000000001,inspect_top30_consequence_no_graph,top_consequence_no_graph,30,0.2,shared,68,20.145464997958015,326.7359292858535
187.57103528544332,171.228730073941,358.7997653593843,60,3.0,0.8999999999999999,3.0,8.700000000000001,inspect_top60_consequence_no_graph,top_consequence_no_graph,60,0.2,shared,68,32.06383607353081,326.7359292858535
180.45169614305962,165.95360880803008,346.4053049510897,30,1.5,4.8,1.5,8.700000000000001,inspect_top30_uncertainty_x_consequence,top_uncertainty_consequence,30,0.2,shared,68,19.669375665236203,326.7359292858535
187.77615715558665,171.46726397980655,359.2434211353932,60,3.0,0.8999999999999999,3.0,8.700000000000001,inspect_top60_uncertainty_x_consequence,top_uncertainty_consequence,60,0.2,shared,68,32.50749184953969,326.7359292858535
180.44824321635755,165.83400468148213,346.2822478978397,30,1.5,4.8,1.5,8.700000000000001,inspect_top30_uncertainty_x_graph_consequence,top_uncertainty_graph_consequence,30,0.2,shared,68,19.54631861198618,326.7359292858535
187.40470359689232,171.67998477870955,359.0846883756019,60,3.0,0.8999999999999999,3.0,8.700000000000001,inspect_top60_uncertainty_x_graph_consequence,top_uncertainty_graph_consequence,60,0.2,shared,68,32.3487590897484,326.7359292858535
187.4353916085615,173.1692111380955,360.604602746657,60,3.0,0.8999999999999999,3.0,8.700000000000001,inspect_random60,random,60,0.2,shared,68,33.86867346080351,326.7359292858535
188.3990532248656,172.10239420522728,360.50144743009287,30,1.5,4.8,1.5,8.700000000000001,inspect_top30_consequence,top_consequence,30,0.2,shared,69,17.335045981756707,343.16640144833616
195.73322539010854,179.2399903350744,374.97321572518297,60,3.0,0.8999999999999999,3.0,8.700000000000001,inspect_top60_consequence,top_consequence,60,0.2,shared,69,31.806814276846808,343.16640144833616
189.1574824214881,172.8961776194125,362.0536600409006,30,1.5,4.8,1.5,8.700000000000001,inspect_top30_consequence_no_graph,top_consequence_no_graph,30,0.2,shared,69,18.88725859256442,343.16640144833616
195.66026384196914,179.87613480268254,375.5363986446517,60,3.0,0.8999999999999999,3.0,8.700000000000001,inspect_top60_consequence_no_graph,top_consequence_no_graph,60,0.2,shared,69,32.36999719631552,343.16640144833616
188.3536052677875,173.59524616394728,361.94885143173474,30,1.5,4.8,1.5,8.700000000000001,inspect_top30_uncertainty_x_consequence,top_uncertainty_consequence,30,0.2,shared,69,18.78244998339858,343.16640144833616
195.5857667213627,179.65392381238019,375.2396905337429,60,3.0,0.8999999999999999,3.0,8.700000000000001,inspect_top60_uncertainty_x_consequence,top_uncertainty_consequence,60,0.2,shared,69,32.073289085406714,343.16640144833616
188.91061906438603,174.1521073606271,363.0627264250131,30,1.5,4.8,1.5,8.700000000000001,inspect_top30_uncertainty_x_graph_consequence,top_uncertainty_graph_consequence,30,0.2,shared,69,19.896324976676965,343.16640144833616
195.57984532260855,179.63405421427905,375.2138995368876,60,3.0,0.8999999999999999,3.0,8.700000000000001,inspect_top60_uncertainty_x_graph_consequence,top_uncertainty_graph_consequence,60,0.2,shared,69,32.047498088551436,343.16640144833616
195.83337817383844,180.13031583589742,375.96369400973583,60,3.0,0.8999999999999999,3.0,8.700000000000001,inspect_random60,random,60,0.2,shared,69,32.79729256139967,343.16640144833616
165.20652024091612,148.82003371054356,314.0265539514597,30,1.5,4.8,1.5,8.700000000000001,inspect_top30_consequence,top_consequence,30,0.2,shared,70,16.498691754489528,297.52786219697015
172.31368676548732,155.50092707876595,327.81461384425324,60,3.0,0.8999999999999999,3.0,8.700000000000001,inspect_top60_consequence,top_consequence,60,0.2,shared,70,30.286751647283097,297.52786219697015
165.227587715915,148.87817066085793,314.10575837677294,30,1.5,4.8,1.5,8.700000000000001,inspect_top30_consequence_no_graph,top_consequence_no_graph,30,0.2,shared,70,16.577896179802792,297.52786219697015
172.31788002183745,155.49295783459434,327.8108378564318,60,3.0,0.8999999999999999,3.0,8.700000000000001,inspect_top60_consequence_no_graph,top_consequence_no_graph,60,0.2,shared,70,30.28297565946167,297.52786219697015
166.11138261046193,150.48694531986385,316.5983279303258,30,1.5,4.8,1.5,8.700000000000001,inspect_top30_uncertainty_x_consequence,top_uncertainty_consequence,30,0.2,shared,70,19.07046573335566,297.52786219697015
172.52337505501367,157.0329567636093,329.556331818623,60,3.0,0.8999999999999999,3.0,8.700000000000001,inspect_top60_uncertainty_x_consequence,top_uncertainty_consequence,60,0.2,shared,70,32.028469621652846,297.52786219697015
166.00990729154208,150.70715979268664,316.7170670842287,30,1.5,4.8,1.5,8.700000000000001,inspect_top30_uncertainty_x_graph_consequence,top_uncertainty_graph_consequence,30,0.2,shared,70,19.18920488725854,297.52786219697015
173.14994464933136,157.0847707248683,330.23471537419965,60,3.0,0.8999999999999999,3.0,8.700000000000001,inspect_top60_uncertainty_x_graph_consequence,top_uncertainty_graph_consequence,60,0.2,shared,70,32.706853177229505,297.52786219697015
172.90321582607345,156.59942660996046,329.5026424360339,60,3.0,0.8999999999999999,3.0,8.700000000000001,inspect_random60,random,60,0.2,shared,70,31.97478023906376,297.52786219697015
167.07643186813834,151.51221913273102,318.5886510008694,30,1.5,4.8,1.5,8.700000000000001,inspect_top30_consequence,top_consequence,30,0.2,shared,71,17.15829294894195,301.43035805192744
174.0046653350243,157.48277075059315,331.48743608561745,60,3.0,0.8999999999999999,3.0,8.700000000000001,inspect_top60_consequence,top_consequence,60,0.2,shared,71,30.057078033690004,301.43035805192744
167.34942380764306,151.3181965252757,318.6676203329188,30,1.5,4.8,1.5,8.700000000000001,inspect_top30_consequence_no_graph,top_consequence_no_graph,30,0.2,shared,71,17.23726228099133,301.43035805192744
173.97750466433206,157.87906712173356,331.8565717860656,60,3.0,0.8999999999999999,3.0,8.700000000000001,inspect_top60_consequence_no_graph,top_consequence_no_graph,60,0.2,shared,71,30.426213734138173,301.43035805192744
167.19172000092246,151.43982209145923,318.63154209238166,30,1.5,4.8,1.5,8.700000000000001,inspect_top30_uncertainty_x_consequence,top_uncertainty_consequence,30,0.2,shared,71,17.201184040454223,301.43035805192744
174.00383249668872,157.930067579326,331.9339000760147,60,3.0,0.8999999999999999,3.0,8.700000000000001,inspect_top60_uncertainty_x_consequence,top_uncertainty_consequence,60,0.2,shared,71,30.503542024087267,301.43035805192744
166.73900349867995,151.22164100676173,317.9606445054417,30,1.5,4.8,1.5,8.700000000000001,inspect_top30_uncertainty_x_graph_consequence,top_uncertainty_graph_consequence,30,0.2,shared,71,16.530286453514236,301.43035805192744
173.84491695786124,157.9968605701321,331.8417775279934,60,3.0,0.8999999999999999,3.0,8.700000000000001,inspect_top60_uncertainty_x_graph_consequence,top_uncertainty_graph_consequence,60,0.2,shared,71,30.41141947606593,301.43035805192744
174.5200218626444,158.84372040780403,333.3637422704484,60,3.0,0.8999999999999999,3.0,8.700000000000001,inspect_random60,random,60,0.2,shared,71,31.933384218520985,301.43035805192744
190.7626749277908,174.82402280485204,365.58669773264285,30,1.5,4.8,1.5,8.700000000000001,inspect_top30_consequence,top_consequence,30,0.2,shared,72,18.081965380936595,347.50473235170625
197.8310776614074,181.38074866413,379.2118263255374,60,3.0,0.8999999999999999,3.0,8.700000000000001,inspect_top60_consequence,top_consequence,60,0.2,shared,72,31.70709397383115,347.50473235170625
191.00640772132047,174.5706876239225,365.577095345243,30,1.5,4.8,1.5,8.700000000000001,inspect_top30_consequence_no_graph,top_consequence_no_graph,30,0.2,shared,72,18.07236299353673,347.50473235170625
197.80042078685113,181.76321155769068,379.5636323445418,60,3.0,0.8999999999999999,3.0,8.700000000000001,inspect_top60_consequence_no_graph,top_consequence_no_graph,60,0.2,shared,72,32.05889999283556,347.50473235170625
190.99063670200604,175.34642915056622,366.33706585257227,30,1.5,4.8,1.5,8.700000000000001,inspect_top30_uncertainty_x_consequence,top_uncertainty_consequence,30,0.2,shared,72,18.832333500866014,347.50473235170625
197.77345676778816,181.68106891502717,379.4545256828153,60,3.0,0.8999999999999999,3.0,8.700000000000001,inspect_top60_uncertainty_x_consequence,top_uncertainty_consequence,60,0.2,shared,72,31.94979333110905,347.50473235170625
191.09042161421354,174.58772511559556,365.6781467298091,30,1.5,4.8,1.5,8.700000000000001,inspect_top30_uncertainty_x_graph_consequence,top_uncertainty_graph_consequence,30,0.2,shared,72,18.173414378102848,347.50473235170625
197.8037395010767,181.470021114671,379.27376061574773,60,3.0,0.8999999999999999,3.0,8.700000000000001,inspect_top60_uncertainty_x_graph_consequence,top_uncertainty_graph_consequence,60,0.2,shared,72,31.76902826404148,347.50473235170625
197.73633303246183,182.0648068670243,379.8011398994861,60,3.0,0.8999999999999999,3.0,8.700000000000001,inspect_random60,random,60,0.2,shared,72,32.296407547779836,347.50473235170625
169.33191785896702,154.26522542252644,323.59714328149346,30,1.5,4.8,1.5,8.700000000000001,inspect_top30_consequence,top_consequence,30,0.2,shared,73,19.260804836981833,304.3363384445116
176.21070012521932,159.72293472412107,335.93363484934036,60,3.0,0.8999999999999999,3.0,8.700000000000001,inspect_top60_consequence,top_consequence,60,0.2,shared,73,31.59729640482874,304.3363384445116
169.49964437468392,152.7652833288625,322.2649277035464,30,1.5,4.8,1.5,8.700000000000001,inspect_top30_consequence_no_graph,top_consequence_no_graph,30,0.2,shared,73,17.928589259034766,304.3363384445116
176.30344164803594,160.00753386155264,336.3109755095886,60,3.0,0.8999999999999999,3.0,8.700000000000001,inspect_top60_consequence_no_graph,top_consequence_no_graph,60,0.2,shared,73,31.97463706507699,304.3363384445116
169.41051922080615,154.3546090410831,323.76512826188923,30,1.5,4.8,1.5,8.700000000000001,inspect_top30_uncertainty_x_consequence,top_uncertainty_consequence,30,0.2,shared,73,19.428789817377606,304.3363384445116
175.9649969785148,159.8214216501738,335.7864186286886,60,3.0,0.8999999999999999,3.0,8.700000000000001,inspect_top60_uncertainty_x_consequence,top_uncertainty_consequence,60,0.2,shared,73,31.450080184176954,304.3363384445116
168.66407245246404,154.22815655253493,322.89222900499897,30,1.5,4.8,1.5,8.700000000000001,inspect_top30_uncertainty_x_graph_consequence,top_uncertainty_graph_consequence,30,0.2,shared,73,18.55589056048734,304.3363384445116
176.0362407110252,160.08352809403345,336.11976880505864,60,3.0,0.8999999999999999,3.0,8.700000000000001,inspect_top60_uncertainty_x_graph_consequence,top_uncertainty_graph_consequence,60,0.2,shared,73,31.783430360547015,304.3363384445116
176.04429529325043,160.8151309836083,336.8594262768587,60,3.0,0.8999999999999999,3.0,8.700000000000001,inspect_random60,random,60,0.2,shared,73,32.52308783234707,304.3363384445116
171.89958756032937,155.36171467985554,327.26130224018493,30,1.5,4.8,1.5,8.700000000000001,inspect_top30_consequence,top_consequence,30,0.2,shared,74,17.559710803898042,309.7015914362869
178.7441342457236,162.47928365260253,341.22341789832615,60,3.0,0.8999999999999999,3.0,8.700000000000001,inspect_top60_consequence,top_consequence,60,0.2,shared,74,31.521826462039257,309.7015914362869
171.88827110453707,155.7853556161657,327.67362672070277,30,1.5,4.8,1.5,8.700000000000001,inspect_top30_consequence_no_graph,top_consequence_no_graph,30,0.2,shared,74,17.97203528441588,309.7015914362869
178.71108948776987,161.87231516397333,340.5834046517432,60,3.0,0.8999999999999999,3.0,8.700000000000001,inspect_top60_consequence_no_graph,top_consequence_no_graph,60,0.2,shared,74,30.881813215456305,309.7015914362869
171.8444027784006,156.16884088985464,328.0132436682552,30,1.5,4.8,1.5,8.700000000000001,inspect_top30_uncertainty_x_consequence,top_uncertainty_consequence,30,0.2,shared,74,18.31165223196831,309.7015914362869
178.68337138279364,162.04293858493378,340.7263099677274,60,3.0,0.8999999999999999,3.0,8.700000000000001,inspect_top60_uncertainty_x_consequence,top_uncertainty_consequence,60,0.2,shared,74,31.0247185314405,309.7015914362869
171.4798581451603,155.71262318508568,327.192481330246,30,1.5,4.8,1.5,8.700000000000001,inspect_top30_uncertainty_x_graph_consequence,top_uncertainty_graph_consequence,30,0.2,shared,74,17.490889893959093,309.7015914362869
178.6221319329409,162.2164428632247,340.83857479616563,60,3.0,0.8999999999999999,3.0,8.700000000000001,inspect_top60_uncertainty_x_graph_consequence,top_uncertainty_graph_consequence,60,0.2,shared,74,31.13698335987874,309.7015914362869
178.5664676421945,162.96207024785184,341.5285378900463,60,3.0,0.8999999999999999,3.0,8.700000000000001,inspect_random60,random,60,0.2,shared,74,31.826946453759433,309.7015914362869
182.03206619715053,166.28971353972983,348.32177973688033,30,1.5,4.8,1.5,8.700000000000001,inspect_top30_consequence,top_consequence,30,0.2,shared,75,18.078275358566373,330.24350437831396
189.05512285891257,172.523036483522,361.57815934243456,60,3.0,0.8999999999999999,3.0,8.700000000000001,inspect_top60_consequence,top_consequence,60,0.2,shared,75,31.334654964120602,330.24350437831396
182.88673714152657,166.55208869952565,349.4388258410522,30,1.5,4.8,1.5,8.700000000000001,inspect_top30_consequence_no_graph,top_consequence_no_graph,30,0.2,shared,75,19.195321462738264,330.24350437831396
190.01644090804473,173.3005928650511,363.31703377309583,60,3.0,0.8999999999999999,3.0,8.700000000000001,inspect_top60_consequence_no_graph,top_consequence_no_graph,60,0.2,shared,75,33.07352939478187,330.24350437831396
182.35912420886802,167.05845433527543,349.41757854414345,30,1.5,4.8,1.5,8.700000000000001,inspect_top30_uncertainty_x_consequence,top_uncertainty_consequence,30,0.2,shared,75,19.174074165829495,330.24350437831396
189.13618028442087,172.68617186167796,361.82235214609886,60,3.0,0.8999999999999999,3.0,8.700000000000001,inspect_top60_uncertainty_x_consequence,top_uncertainty_consequence,60,0.2,shared,75,31.578847767784907,330.24350437831396
181.86201198703577,166.4903683947742,348.35238038181,30,1.5,4.8,1.5,8.700000000000001,inspect_top30_uncertainty_x_graph_consequence,top_uncertainty_graph_consequence,30,0.2,shared,75,18.10887600349605,330.24350437831396
189.00042787548546,173.48351707640603,362.4839449518915,60,3.0,0.8999999999999999,3.0,8.700000000000001,inspect_top60_uncertainty_x_graph_consequence,top_uncertainty_graph_consequence,60,0.2,shared,75,32.24044057357753,330.24350437831396
189.44999011093907,173.31176489569143,362.7617550066305,60,3.0,0.8999999999999999,3.0,8.700000000000001,inspect_random60,random,60,0.2,shared,75,32.51825062831654,330.24350437831396
186.65380099725508,170.1684739432485,356.8222749405036,30,1.5,4.8,1.5,8.700000000000001,inspect_top30_consequence,top_consequence,30,0.2,shared,76,17.999935538578768,338.8223394019248
193.3270482807555,176.66590218456278,369.99295046531824,60,3.0,0.8999999999999999,3.0,8.700000000000001,inspect_top60_consequence,top_consequence,60,0.2,shared,76,31.170611063393437,338.8223394019248
187.11322885152126,171.08016992855164,358.1933987800729,30,1.5,4.8,1.5,8.700000000000001,inspect_top30_consequence_no_graph,top_consequence_no_graph,30,0.2,shared,76,19.371059378148118,338.8223394019248
193.9527807761694,177.7694639082987,371.7222446844681,60,3.0,0.8999999999999999,3.0,8.700000000000001,inspect_top60_consequence_no_graph,top_consequence_no_graph,60,0.2,shared,76,32.89990528254327,338.8223394019248
186.64747964842448,170.88929176815196,357.53677141657647,30,1.5,4.8,1.5,8.700000000000001,inspect_top30_uncertainty_x_consequence,top_uncertainty_consequence,30,0.2,shared,76,18.714432014651663,338.8223394019248
193.39980335758617,177.31690547469287,370.71670883227904,60,3.0,0.8999999999999999,3.0,8.700000000000001,inspect_top60_uncertainty_x_consequence,top_uncertainty_consequence,60,0.2,shared,76,31.89436943035423,338.8223394019248
186.10799787094209,170.33533707916848,356.44333495011057,30,1.5,4.8,1.5,8.700000000000001,inspect_top30_uncertainty_x_graph_consequence,top_uncertainty_graph_consequence,30,0.2,shared,76,17.62099554818576,338.8223394019248
193.41301675791735,177.19833727169782,370.6113540296152,60,3.0,0.8999999999999999,3.0,8.700000000000001,inspect_top60_uncertainty_x_graph_consequence,top_uncertainty_graph_consequence,60,0.2,shared,76,31.789014627690392,338.8223394019248
193.34671836232297,178.58668457582368,371.9334029381466,60,3.0,0.8999999999999999,3.0,8.700000000000001,inspect_random60,random,60,0.2,shared,76,33.11106353622182,338.8223394019248
184.86934252980336,168.88969829040258,353.75904082020594,30,1.5,4.8,1.5,8.700000000000001,inspect_top30_consequence,top_consequence,30,0.2,shared,77,18.27645083351962,335.4825899866863
191.94187328056066,175.36538056894472,367.3072538495054,60,3.0,0.8999999999999999,3.0,8.700000000000001,inspect_top60_consequence,top_consequence,60,0.2,shared,77,31.82466386281908,335.4825899866863
184.82866612985248,169.18234846600743,354.01101459585993,30,1.5,4.8,1.5,8.700000000000001,inspect_top30_consequence_no_graph,top_consequence_no_graph,30,0.2,shared,77,18.528424609173612,335.4825899866863
191.87551390198,175.41784119561032,367.29335509759034,60,3.0,0.8999999999999999,3.0,8.700000000000001,inspect_top60_consequence_no_graph,top_consequence_no_graph,60,0.2,shared,77,31.810765110904015,335.4825899866863
185.88508901749958,169.63468308147694,355.51977209897655,30,1.5,4.8,1.5,8.700000000000001,inspect_top30_uncertainty_x_consequence,top_uncertainty_consequence,30,0.2,shared,77,20.037182112290225,335.4825899866863
192.39575526091858,176.21114247326244,368.606897734181,60,3.0,0.8999999999999999,3.0,8.700000000000001,inspect_top60_uncertainty_x_consequence,top_uncertainty_consequence,60,0.2,shared,77,33.1243077474947,335.4825899866863
185.09720534170734,169.09479622713445,354.19200156884176,30,1.5,4.8,1.5,8.700000000000001,inspect_top30_uncertainty_x_graph_consequence,top_uncertainty_graph_consequence,30,0.2,shared,77,18.70941158215544,335.4825899866863
191.80673433597,175.73115734296482,367.5378916789348,60,3.0,0.8999999999999999,3.0,8.700000000000001,inspect_top60_uncertainty_x_graph_consequence,top_uncertainty_graph_consequence,60,0.2,shared,77,32.05530169224846,335.4825899866863
191.85215120228116,176.25146904743082,368.103620249712,60,3.0,0.8999999999999999,3.0,8.700000000000001,inspect_random60,random,60,0.2,shared,77,32.62103026302566,335.4825899866863
166.95328320913796,151.47758221989744,318.4308654290354,30,1.5,4.8,1.5,8.700000000000001,inspect_top30_consequence,top_consequence,30,0.2,shared,78,17.113359485949672,301.31750594308573
174.20965396598123,157.40329492104019,331.6129488870214,60,3.0,0.8999999999999999,3.0,8.700000000000001,inspect_top60_consequence,top_consequence,60,0.2,shared,78,30.295442943935655,301.31750594308573
166.8673151570572,150.67442780590417,317.5417429629614,30,1.5,4.8,1.5,8.700000000000001,inspect_top30_consequence_no_graph,top_consequence_no_graph,30,0.2,shared,78,16.22423701987566,301.31750594308573
174.18775937580935,157.42255176806884,331.6103111438782,60,3.0,0.8999999999999999,3.0,8.700000000000001,inspect_top60_consequence_no_graph,top_consequence_no_graph,60,0.2,shared,78,30.292805200792486,301.31750594308573
167.4490873709677,151.88928161031464,319.3383689812823,30,1.5,4.8,1.5,8.700000000000001,inspect_top30_uncertainty_x_consequence,top_uncertainty_consequence,30,0.2,shared,78,18.02086303819658,301.31750594308573
174.5964352230423,158.48226129990513,333.07869652294744,60,3.0,0.8999999999999999,3.0,8.700000000000001,inspect_top60_uncertainty_x_consequence,top_uncertainty_consequence,60,0.2,shared,78,31.761190579861704,301.31750594308573
167.5572774189774,151.41713452560322,318.97441194458065,30,1.5,4.8,1.5,8.700000000000001,inspect_top30_uncertainty_x_graph_consequence,top_uncertainty_graph_consequence,30,0.2,shared,78,17.656906001494917,301.31750594308573
173.98879463118504,157.98009804998276,331.9688926811678,60,3.0,0.8999999999999999,3.0,8.700000000000001,inspect_top60_uncertainty_x_graph_consequence,top_uncertainty_graph_consequence,60,0.2,shared,78,30.651386738082067,301.31750594308573
173.93103322670703,157.91599451064658,331.84702773735364,60,3.0,0.8999999999999999,3.0,8.700000000000001,inspect_random60,random,60,0.2,shared,78,30.529521794267907,301.31750594308573
183.8025064683958,167.73152692974992,351.5340333981457,30,1.5,4.8,1.5,8.700000000000001,inspect_top30_consequence,top_consequence,30,0.2,shared,79,17.32417688138389,334.2098565167618
191.062781724402,174.08761893196328,365.15040065636526,60,3.0,0.8999999999999999,3.0,8.700000000000001,inspect_top60_consequence,top_consequence,60,0.2,shared,79,30.940544139603446,334.2098565167618
183.62389183567137,167.5356297104629,351.1595215461343,30,1.5,4.8,1.5,8.700000000000001,inspect_top30_consequence_no_graph,top_consequence_no_graph,30,0.2,shared,79,16.949665029372454,334.2098565167618
191.0476976655765,174.00548472970434,365.0531823952808,60,3.0,0.8999999999999999,3.0,8.700000000000001,inspect_top60_consequence_no_graph,top_consequence_no_graph,60,0.2,shared,79,30.84332587851901,334.2098565167618
183.50070798548083,167.7204645800583,351.2211725655391,30,1.5,4.8,1.5,8.700000000000001,inspect_top30_uncertainty_x_consequence,top_uncertainty_consequence,30,0.2,shared,79,17.011316048777303,334.2098565167618
190.96647322250854,174.2991252521685,365.26559847467706,60,3.0,0.8999999999999999,3.0,8.700000000000001,inspect_top60_uncertainty_x_consequence,top_uncertainty_consequence,60,0.2,shared,79,31.055741957915245,334.2098565167618
183.49971729668738,167.73947203141608,351.23918932810346,30,1.5,4.8,1.5,8.700000000000001,inspect_top30_uncertainty_x_graph_consequence,top_uncertainty_graph_consequence,30,0.2,shared,79,17.029332811341646,334.2098565167618
190.93121636556745,174.26871409619898,365.1999304617664,60,3.0,0.8999999999999999,3.0,8.700000000000001,inspect_top60_uncertainty_x_graph_consequence,top_uncertainty_graph_consequence,60,0.2,shared,79,30.99007394500461,334.2098565167618
190.948132309919,174.89904888795317,365.84718119787215,60,3.0,0.8999999999999999,3.0,8.700000000000001,inspect_random60,random,60,0.2,shared,79,31.63732468111033,334.2098565167618
164.60884668103571,149.9065602552258,314.5154069362615,30,1.5,4.8,1.5,8.700000000000001,inspect_top30_consequence,top_consequence,30,0.2,shared,80,18.725260042683715,295.7901468935778
171.16657605727448,154.46315655644872,325.6297326137232,60,3.0,0.8999999999999999,3.0,8.700000000000001,inspect_top60_consequence,top_consequence,60,0.2,shared,80,29.839585720145408,295.7901468935778
164.58122673881383,150.04067034952584,314.62189708833967,30,1.5,4.8,1.5,8.700000000000001,inspect_top30_consequence_no_graph,top_consequence_no_graph,30,0.2,shared,80,18.831750194761867,295.7901468935778
171.17536963029642,154.96226299326017,326.13763262355656,60,3.0,0.8999999999999999,3.0,8.700000000000001,inspect_top60_consequence_no_graph,top_consequence_no_graph,60,0.2,shared,80,30.347485729978757,295.7901468935778
165.1360475451574,150.65601078891333,315.7920583340707,30,1.5,4.8,1.5,8.700000000000001,inspect_top30_uncertainty_x_consequence,top_uncertainty_consequence,30,0.2,shared,80,20.001911440492904,295.7901468935778
171.46972341758033,155.6550300748271,327.1247534924074,60,3.0,0.8999999999999999,3.0,8.700000000000001,inspect_top60_uncertainty_x_consequence,top_uncertainty_consequence,60,0.2,shared,80,31.334606598829623,295.7901468935778
164.98244228729175,150.07556894839135,315.0580112356831,30,1.5,4.8,1.5,8.700000000000001,inspect_top30_uncertainty_x_graph_consequence,top_uncertainty_graph_consequence,30,0.2,shared,80,19.267864342105327,295.7901468935778
171.3116194693052,155.21814125289592,326.5297607222011,60,3.0,0.8999999999999999,3.0,8.700000000000001,inspect_top60_uncertainty_x_graph_consequence,top_uncertainty_graph_consequence,60,0.2,shared,80,30.739613828623305,295.7901468935778
170.98234306303084,156.11626952415497,327.0986125871858,60,3.0,0.8999999999999999,3.0,8.700000000000001,inspect_random60,random,60,0.2,shared,80,31.308465693608014,295.7901468935778
173.11096969710363,157.72207973301596,330.83304943011956,30,1.5,4.8,1.5,8.700000000000001,inspect_top30_consequence,top_consequence,30,0.2,shared,81,18.698604434972765,312.1344449951468
179.66528281803258,163.5457180289025,343.2110008469351,60,3.0,0.8999999999999999,3.0,8.700000000000001,inspect_top60_consequence,top_consequence,60,0.2,shared,81,31.076555851788328,312.1344449951468
172.9641594637073,157.2924367747922,330.25659623849947,30,1.5,4.8,1.5,8.700000000000001,inspect_top30_consequence_no_graph,top_consequence_no_graph,30,0.2,shared,81,18.122151243352675,312.1344449951468
179.58789800397528,163.56714015164604,343.15503815562136,60,3.0,0.8999999999999999,3.0,8.700000000000001,inspect_top60_consequence_no_graph,top_consequence_no_graph,60,0.2,shared,81,31.02059316047456,312.1344449951468
173.1902815174264,157.57148050299128,330.7617620204177,30,1.5,4.8,1.5,8.700000000000001,inspect_top30_uncertainty_x_consequence,top_uncertainty_consequence,30,0.2,shared,81,18.627317025270884,312.1344449951468
179.76091489348357,164.14902621814582,343.9099411116294,60,3.0,0.8999999999999999,3.0,8.700000000000001,inspect_top60_uncertainty_x_consequence,top_uncertainty_consequence,60,0.2,shared,81,31.7754961164826,312.1344449951468
172.82356337425847,157.2376850234112,330.06124839766966,30,1.5,4.8,1.5,8.700000000000001,inspect_top30_uncertainty_x_graph_consequence,top_uncertainty_graph_consequence,30,0.2,shared,81,17.926803402522864,312.1344449951468
179.6604127858481,163.92776406239966,343.58817684824777,60,3.0,0.8999999999999999,3.0,8.700000000000001,inspect_top60_uncertainty_x_graph_consequence,top_uncertainty_graph_consequence,60,0.2,shared,81,31.453731853100976,312.1344449951468
179.45336948522478,164.0861920668163,343.53956155204105,60,3.0,0.8999999999999999,3.0,8.700000000000001,inspect_random60,random,60,0.2,shared,81,31.405116556894257,312.1344449951468
179.35218691173634,163.08144631290753,342.43363322464387,30,1.5,4.8,1.5,8.700000000000001,inspect_top30_consequence,top_consequence,30,0.2,shared,82,17.25989095614949,325.1737422684944
186.339620623567,169.697986060538,356.03760668410496,60,3.0,0.8999999999999999,3.0,8.700000000000001,inspect_top60_consequence,top_consequence,60,0.2,shared,82,30.86386441561058,325.1737422684944
179.92636716404485,163.38783345899793,343.3142006230428,30,1.5,4.8,1.5,8.700000000000001,inspect_top30_consequence_no_graph,top_consequence_no_graph,30,0.2,shared,82,18.1404583545484,325.1737422684944
186.32721830524684,169.55773834528867,355.8849566505355,60,3.0,0.8999999999999999,3.0,8.700000000000001,inspect_top60_consequence_no_graph,top_consequence_no_graph,60,0.2,shared,82,30.711214382041135,325.1737422684944
179.35654474741108,163.61077560721418,342.96732035462526,30,1.5,4.8,1.5,8.700000000000001,inspect_top30_uncertainty_x_consequence,top_uncertainty_consequence,30,0.2,shared,82,17.79357808613088,325.1737422684944
186.4566059192617,170.26595720199825,356.72256312125995,60,3.0,0.8999999999999999,3.0,8.700000000000001,inspect_top60_uncertainty_x_consequence,top_uncertainty_consequence,60,0.2,shared,82,31.548820852765573,325.1737422684944
179.15368630327777,163.37416984608925,342.52785614936704,30,1.5,4.8,1.5,8.700000000000001,inspect_top30_uncertainty_x_graph_consequence,top_uncertainty_graph_consequence,30,0.2,shared,82,17.35411388087266,325.1737422684944
186.41010231817077,170.28508869283723,356.695191011008,60,3.0,0.8999999999999999,3.0,8.700000000000001,inspect_top60_uncertainty_x_graph_consequence,top_uncertainty_graph_consequence,60,0.2,shared,82,31.5214487425136,325.1737422684944
186.6533600464315,170.70175031897364,357.35511036540515,60,3.0,0.8999999999999999,3.0,8.700000000000001,inspect_random60,random,60,0.2,shared,82,32.181368096910774,325.1737422684944
181.7427719879334,165.38752065057912,347.1302926385125,30,1.5,4.8,1.5,8.700000000000001,inspect_top30_consequence,top_consequence,30,0.2,shared,83,18.169367936473066,328.96092470203945
188.31502657859224,171.83248147892635,360.1475080575186,60,3.0,0.8999999999999999,3.0,8.700000000000001,inspect_top60_consequence,top_consequence,60,0.2,shared,83,31.186583355479172,328.96092470203945
181.67555101976188,166.10458074457642,347.7801317643383,30,1.5,4.8,1.5,8.700000000000001,inspect_top30_consequence_no_graph,top_consequence_no_graph,30,0.2,shared,83,18.819207062298858,328.96092470203945
188.32738476407238,172.61957121082625,360.94695597489863,60,3.0,0.8999999999999999,3.0,8.700000000000001,inspect_top60_consequence_no_graph,top_consequence_no_graph,60,0.2,shared,83,31.98603127285918,328.96092470203945
182.19177260116868,166.18374619597407,348.3755187971427,30,1.5,4.8,1.5,8.700000000000001,inspect_top30_uncertainty_x_consequence,top_uncertainty_consequence,30,0.2,shared,83,19.41459409510327,328.96092470203945
188.67724934905462,173.20734166887792,361.8845910179325,60,3.0,0.8999999999999999,3.0,8.700000000000001,inspect_top60_uncertainty_x_consequence,top_uncertainty_consequence,60,0.2,shared,83,32.92366631589306,328.96092470203945
182.13040366656577,166.12033444286848,348.2507381094342,30,1.5,4.8,1.5,8.700000000000001,inspect_top30_uncertainty_x_graph_consequence,top_uncertainty_graph_consequence,30,0.2,shared,83,19.289813407394774,328.96092470203945
188.0587427607005,172.4134574369499,360.4722001976504,60,3.0,0.8999999999999999,3.0,8.700000000000001,inspect_top60_uncertainty_x_graph_consequence,top_uncertainty_graph_consequence,60,0.2,shared,83,31.51127549561096,328.96092470203945
188.26270313045796,173.09562852200688,361.3583316524648,60,3.0,0.8999999999999999,3.0,8.700000000000001,inspect_random60,random,60,0.2,shared,83,32.39740695042536,328.96092470203945
174.69074812921383,159.29623713143857,333.98698526065243,30,1.5,4.8,1.5,8.700000000000001,inspect_top30_consequence,top_consequence,30,0.2,shared,84,17.93217915279638,316.05480610785605
181.7603479021501,165.01583787632057,346.7761857784707,60,3.0,0.8999999999999999,3.0,8.700000000000001,inspect_top60_consequence,top_consequence,60,0.2,shared,84,30.721379670614624,316.05480610785605
174.8248438692575,158.81311413077063,333.6379580000281,30,1.5,4.8,1.5,8.700000000000001,inspect_top30_consequence_no_graph,top_consequence_no_graph,30,0.2,shared,84,17.583151892172054,316.05480610785605
181.80137101414527,165.18663881600304,346.9880098301483,60,3.0,0.8999999999999999,3.0,8.700000000000001,inspect_top60_consequence_no_graph,top_consequence_no_graph,60,0.2,shared,84,30.933203722292262,316.05480610785605
175.13931550653035,159.7603543423494,334.89966984887974,30,1.5,4.8,1.5,8.700000000000001,inspect_top30_uncertainty_x_consequence,top_uncertainty_consequence,30,0.2,shared,84,18.844863741023687,316.05480610785605
181.8857483010294,165.54202067046506,347.42776897149446,60,3.0,0.8999999999999999,3.0,8.700000000000001,inspect_top60_uncertainty_x_consequence,top_uncertainty_consequence,60,0.2,shared,84,31.372962863638406,316.05480610785605
175.17260015395308,158.95464418332182,334.1272443372749,30,1.5,4.8,1.5,8.700000000000001,inspect_top30_uncertainty_x_graph_consequence,top_uncertainty_graph_consequence,30,0.2,shared,84,18.07243822941882,316.05480610785605
181.73107276410894,165.5009205918107,347.23199335591966,60,3.0,0.8999999999999999,3.0,8.700000000000001,inspect_top60_uncertainty_x_graph_consequence,top_uncertainty_graph_consequence,60,0.2,shared,84,31.177187248063603,316.05480610785605
182.02837847651773,166.43000433003996,348.45838280655767,60,3.0,0.8999999999999999,3.0,8.700000000000001,inspect_random60,random,60,0.2,shared,84,32.40357669870161,316.05480610785605
182.2239340750434,166.00116622561106,348.22510030065445,30,1.5,4.8,1.5,8.700000000000001,inspect_top30_consequence,top_consequence,30,0.2,shared,85,17.095278471231836,331.1298218294226
189.4657308612184,172.50974084356397,361.97547170478236,60,3.0,0.8999999999999999,3.0,8.700000000000001,inspect_top60_consequence,top_consequence,60,0.2,shared,85,30.845649875359754,331.1298218294226
182.6239721787327,166.47884588088905,349.10281805962177,30,1.5,4.8,1.5,8.700000000000001,inspect_top30_consequence_no_graph,top_consequence_no_graph,30,0.2,shared,85,17.972996230199158,331.1298218294226
189.43832791176672,173.11025658926496,362.54858450103166,60,3.0,0.8999999999999999,3.0,8.700000000000001,inspect_top60_consequence_no_graph,top_consequence_no_graph,60,0.2,shared,85,31.418762671609045,331.1298218294226
183.20015329410927,167.17639290429588,350.37654619840515,30,1.5,4.8,1.5,8.700000000000001,inspect_top30_uncertainty_x_consequence,top_uncertainty_consequence,30,0.2,shared,85,19.24672436898254,331.1298218294226
190.02547396132817,173.7752066088279,363.80068057015603,60,3.0,0.8999999999999999,3.0,8.700000000000001,inspect_top60_uncertainty_x_consequence,top_uncertainty_consequence,60,0.2,shared,85,32.67085874073342,331.1298218294226
182.73167184143796,166.5290022570321,349.2606740984701,30,1.5,4.8,1.5,8.700000000000001,inspect_top30_uncertainty_x_graph_consequence,top_uncertainty_graph_consequence,30,0.2,shared,85,18.130852269047466,331.1298218294226
189.40912172680018,172.9333385477683,362.34246027456845,60,3.0,0.8999999999999999,3.0,8.700000000000001,inspect_top60_uncertainty_x_graph_consequence,top_uncertainty_graph_consequence,60,0.2,shared,85,31.212638445145842,331.1298218294226
189.39894898475728,173.4399868807037,362.838935865461,60,3.0,0.8999999999999999,3.0,8.700000000000001,inspect_random60,random,60,0.2,shared,85,31.709114036038386,331.1298218294226
167.57548804443047,150.95118664145662,318.5266746858871,30,1.5,4.8,1.5,8.700000000000001,inspect_top30_consequence,top_consequence,30,0.2,shared,86,17.62753043076316,300.89914425512393
174.64583408679403,157.65904793198476,332.3048820187788,60,3.0,0.8999999999999999,3.0,8.700000000000001,inspect_top60_consequence,top_consequence,60,0.2,shared,86,31.405737763654884,300.89914425512393
167.52582569661507,151.00698617192575,318.5328118685408,30,1.5,4.8,1.5,8.700000000000001,inspect_top30_consequence_no_graph,top_consequence_no_graph,30,0.2,shared,86,17.63366761341689,300.89914425512393
174.5808111605025,157.68073135381053,332.261542514313,60,3.0,0.8999999999999999,3.0,8.700000000000001,inspect_top60_consequence_no_graph,top_consequence_no_graph,60,0.2,shared,86,31.362398259189092,300.89914425512393
167.86243166476805,151.9831308061835,319.84556247095156,30,1.5,4.8,1.5,8.700000000000001,inspect_top30_uncertainty_x_consequence,top_uncertainty_consequence,30,0.2,shared,86,18.946418215827634,300.89914425512393
174.7330388638802,158.47757443445676,333.21061329833697,60,3.0,0.8999999999999999,3.0,8.700000000000001,inspect_top60_uncertainty_x_consequence,top_uncertainty_consequence,60,0.2,shared,86,32.31146904321304,300.89914425512393
168.02625404344434,152.10216457102138,320.1284186144657,30,1.5,4.8,1.5,8.700000000000001,inspect_top30_uncertainty_x_graph_consequence,top_uncertainty_graph_consequence,30,0.2,shared,86,19.229274359341787,300.89914425512393
174.64980117205744,158.45388126874911,333.10368244080655,60,3.0,0.8999999999999999,3.0,8.700000000000001,inspect_top60_uncertainty_x_graph_consequence,top_uncertainty_graph_consequence,60,0.2,shared,86,32.20453818568262,300.89914425512393
174.4282874570639,157.967869344677,332.3961568017409,60,3.0,0.8999999999999999,3.0,8.700000000000001,inspect_random60,random,60,0.2,shared,86,31.497012546616986,300.89914425512393
185.95029636791116,170.46963164258065,356.41992801049184,30,1.5,4.8,1.5,8.700000000000001,inspect_top30_consequence,top_consequence,30,0.2,shared,87,18.451218082991318,337.9687099275005
192.62329219494,176.0654054510079,368.6886976459479,60,3.0,0.8999999999999999,3.0,8.700000000000001,inspect_top60_consequence,top_consequence,60,0.2,shared,87,30.719987718447385,337.9687099275005
186.18931880668947,170.4172855915566,356.6066043982461,30,1.5,4.8,1.5,8.700000000000001,inspect_top30_consequence_no_graph,top_consequence_no_graph,30,0.2,shared,87,18.63789447074555,337.9687099275005
192.65925893180054,176.29720893154666,368.9564678633472,60,3.0,0.8999999999999999,3.0,8.700000000000001,inspect_top60_consequence_no_graph,top_consequence_no_graph,60,0.2,shared,87,30.987757935846673,337.9687099275005
186.80463242907845,171.48396555903554,358.288597988114,30,1.5,4.8,1.5,8.700000000000001,inspect_top30_uncertainty_x_consequence,top_uncertainty_consequence,30,0.2,shared,87,20.319888060613494,337.9687099275005
193.09329027966254,177.41662996924921,370.5099202489117,60,3.0,0.8999999999999999,3.0,8.700000000000001,inspect_top60_uncertainty_x_consequence,top_uncertainty_consequence,60,0.2,shared,87,32.5412103214112,337.9687099275005
186.06159816552713,170.8564235035371,356.9180216690642,30,1.5,4.8,1.5,8.700000000000001,inspect_top30_uncertainty_x_graph_consequence,top_uncertainty_graph_consequence,30,0.2,shared,87,18.94931174156369,337.9687099275005
192.92404521031995,176.86533620205307,369.789381412373,60,3.0,0.8999999999999999,3.0,8.700000000000001,inspect_top60_uncertainty_x_graph_consequence,top_uncertainty_graph_consequence,60,0.2,shared,87,31.82067148487249,337.9687099275005
192.8415153961484,177.01422148283467,369.85573687898307,60,3.0,0.8999999999999999,3.0,8.700000000000001,inspect_random60,random,60,0.2,shared,87,31.88702695148254,337.9687099275005
173.06111516168806,158.43145125102737,331.4925664127154,30,1.5,4.8,1.5,8.700000000000001,inspect_top30_consequence,top_consequence,30,0.2,shared,88,18.16954395507446,313.32302245764095
180.28678451526366,163.98254420521113,344.2693287204748,60,3.0,0.8999999999999999,3.0,8.700000000000001,inspect_top60_consequence,top_consequence,60,0.2,shared,88,30.946306262833843,313.32302245764095
173.4986313841951,158.3643124334771,331.8629438176722,30,1.5,4.8,1.5,8.700000000000001,inspect_top30_consequence_no_graph,top_consequence_no_graph,30,0.2,shared,88,18.539921360031258,313.32302245764095
180.164801527434,163.61299669289855,343.77779822033256,60,3.0,0.8999999999999999,3.0,8.700000000000001,inspect_top60_consequence_no_graph,top_consequence_no_graph,60,0.2,shared,88,30.45477576269161,313.32302245764095
172.89367712082685,157.72192692117028,330.61560404199713,30,1.5,4.8,1.5,8.700000000000001,inspect_top30_uncertainty_x_consequence,top_uncertainty_consequence,30,0.2,shared,88,17.292581584356185,313.32302245764095
180.14843154447138,163.94558568027264,344.094017224744,60,3.0,0.8999999999999999,3.0,8.700000000000001,inspect_top60_uncertainty_x_consequence,top_uncertainty_consequence,60,0.2,shared,88,30.770994767103048,313.32302245764095
172.83808232992345,157.79383914876075,330.6319214786842,30,1.5,4.8,1.5,8.700000000000001,inspect_top30_uncertainty_x_graph_consequence,top_uncertainty_graph_consequence,30,0.2,shared,88,17.30889902104326,313.32302245764095
180.1330020578352,164.5222514831027,344.6552535409379,60,3.0,0.8999999999999999,3.0,8.700000000000001,inspect_top60_uncertainty_x_graph_consequence,top_uncertainty_graph_consequence,60,0.2,shared,88,31.33223108329696,313.32302245764095
180.69419988211766,164.23036622910436,344.924566111222,60,3.0,0.8999999999999999,3.0,8.700000000000001,inspect_random60,random,60,0.2,shared,88,31.601543653581075,313.32302245764095
171.77749848446797,156.0629810360074,327.84047952047536,30,1.5,4.8,1.5,8.700000000000001,inspect_top30_consequence,top_consequence,30,0.2,shared,89,17.596303220304208,310.24417630017115
178.63959073895882,161.83953156132,340.47912230027885,60,3.0,0.8999999999999999,3.0,8.700000000000001,inspect_top60_consequence,top_consequence,60,0.2,shared,89,30.234946000107698,310.24417630017115
172.1491656318367,155.62794512838852,327.77711076022524,30,1.5,4.8,1.5,8.700000000000001,inspect_top30_consequence_no_graph,top_consequence_no_graph,30,0.2,shared,89,17.532934460054094,310.24417630017115
178.8572472242879,162.257828238032,341.1150754623199,60,3.0,0.8999999999999999,3.0,8.700000000000001,inspect_top60_consequence_no_graph,top_consequence_no_graph,60,0.2,shared,89,30.87089916214876,310.24417630017115
172.4272424272067,157.03857692650402,329.4658193537107,30,1.5,4.8,1.5,8.700000000000001,inspect_top30_uncertainty_x_consequence,top_uncertainty_consequence,30,0.2,shared,89,19.221643053539538,310.24417630017115
179.60140552578002,163.70839031506722,343.30979584084724,60,3.0,0.8999999999999999,3.0,8.700000000000001,inspect_top60_uncertainty_x_consequence,top_uncertainty_consequence,60,0.2,shared,89,33.065619540676096,310.24417630017115
172.31441102090935,157.24081923594997,329.5552302568593,30,1.5,4.8,1.5,8.700000000000001,inspect_top30_uncertainty_x_graph_consequence,top_uncertainty_graph_consequence,30,0.2,shared,89,19.31105395668817,310.24417630017115
178.9515543858061,163.1292635676979,342.08081795350404,60,3.0,0.8999999999999999,3.0,8.700000000000001,inspect_top60_uncertainty_x_graph_consequence,top_uncertainty_graph_consequence,60,0.2,shared,89,31.83664165333289,310.24417630017115
178.57947256443845,163.50845722381058,342.087929788249,60,3.0,0.8999999999999999,3.0,8.700000000000001,inspect_random60,random,60,0.2,shared,89,31.84375348807788,310.24417630017115
180.15594912298104,164.39709688593436,344.55304600891543,30,1.5,4.8,1.5,8.700000000000001,inspect_top30_consequence,top_consequence,30,0.2,shared,90,17.681381930352416,326.871664078563
187.53887663737459,170.56953049542474,358.10840713279936,60,3.0,0.8999999999999999,3.0,8.700000000000001,inspect_top60_consequence,top_consequence,60,0.2,shared,90,31.236743054236342,326.871664078563
180.25713004160545,164.10006481455173,344.3571948561572,30,1.5,4.8,1.5,8.700000000000001,inspect_top30_consequence_no_graph,top_consequence_no_graph,30,0.2,shared,90,17.485530777594192,326.871664078563
187.51129313332007,170.4369160929368,357.94820922625684,60,3.0,0.8999999999999999,3.0,8.700000000000001,inspect_top60_consequence_no_graph,top_consequence_no_graph,60,0.2,shared,90,31.07654514769382,326.871664078563
180.18655065106856,164.43390571445372,344.6204563655223,30,1.5,4.8,1.5,8.700000000000001,inspect_top30_uncertainty_x_consequence,top_uncertainty_consequence,30,0.2,shared,90,17.748792286959258,326.871664078563
187.43247073009408,170.87091220327335,358.3033829333674,60,3.0,0.8999999999999999,3.0,8.700000000000001,inspect_top60_uncertainty_x_consequence,top_uncertainty_consequence,60,0.2,shared,90,31.431718854804387,326.871664078563
180.72946924625114,164.94296820495495,345.67243745120606,30,1.5,4.8,1.5,8.700000000000001,inspect_top30_uncertainty_x_graph_consequence,top_uncertainty_graph_consequence,30,0.2,shared,90,18.80077337264305,326.871664078563
187.55195466991682,170.7738782024296,358.3258328723464,60,3.0,0.8999999999999999,3.0,8.700000000000001,inspect_top60_uncertainty_x_graph_consequence,top_uncertainty_graph_consequence,60,0.2,shared,90,31.454168793783367,326.871664078563
187.48193138346198,171.4712980092412,358.9532293927032,60,3.0,0.8999999999999999,3.0,8.700000000000001,inspect_random60,random,60,0.2,shared,90,32.081565314140164,326.871664078563
177.56627314249556,162.03405070366338,339.600323846159,30,1.5,4.8,1.5,8.700000000000001,inspect_top30_consequence,top_consequence,30,0.2,shared,91,17.15420535538709,322.4461184907719
184.7916456181345,168.31866184442595,353.11030746256046,60,3.0,0.8999999999999999,3.0,8.700000000000001,inspect_top60_consequence,top_consequence,60,0.2,shared,91,30.664188971788576,322.4461184907719
177.5203437883495,162.73481855929862,340.25516234764814,30,1.5,4.8,1.5,8.700000000000001,inspect_top30_consequence_no_graph,top_consequence_no_graph,30,0.2,shared,91,17.809043856876258,322.4461184907719
184.7916456181345,168.13946839318174,352.93111401131625,60,3.0,0.8999999999999999,3.0,8.700000000000001,inspect_top60_consequence_no_graph,top_consequence_no_graph,60,0.2,shared,91,30.484995520544373,322.4461184907719
177.76348595019812,162.56859844078804,340.33208439098615,30,1.5,4.8,1.5,8.700000000000001,inspect_top30_uncertainty_x_consequence,top_uncertainty_consequence,30,0.2,shared,91,17.885965900214273,322.4461184907719
184.73350126637698,168.98118885866626,353.71469012504326,60,3.0,0.8999999999999999,3.0,8.700000000000001,inspect_top60_uncertainty_x_consequence,top_uncertainty_consequence,60,0.2,shared,91,31.26857163427138,322.4461184907719
177.85143411083095,162.22143117778467,340.0728652886156,30,1.5,4.8,1.5,8.700000000000001,inspect_top30_uncertainty_x_graph_consequence,top_uncertainty_graph_consequence,30,0.2,shared,91,17.626746797843737,322.4461184907719
184.6548085870102,169.01454437765852,353.66935296466875,60,3.0,0.8999999999999999,3.0,8.700000000000001,inspect_top60_uncertainty_x_graph_consequence,top_uncertainty_graph_consequence,60,0.2,shared,91,31.223234473896866,322.4461184907719
184.98110991406367,168.66760151268397,353.64871142674764,60,3.0,0.8999999999999999,3.0,8.700000000000001,inspect_random60,random,60,0.2,shared,91,31.20259293597576,322.4461184907719
162.32859178765688,146.151833712878,308.48042550053486,30,1.5,8.700000000000001,1.5,8.700000000000001,inspect_top30_consequence,top_consequence,30,0.05,budget_only,42,4.609132215612533,303.87129328492233
162.77274769600925,145.81981995178091,308.59256764779013,60,3.0,8.700000000000001,3.0,8.700000000000001,inspect_top60_consequence,top_consequence,60,0.05,budget_only,42,4.721274362867803,303.87129328492233
162.78901175130187,146.66756224538358,309.45657399668545,30,1.5,8.700000000000001,1.5,8.700000000000001,inspect_top30_consequence_no_graph,top_consequence_no_graph,30,0.05,budget_only,42,5.585280711763119,303.87129328492233
162.51702301792477,145.38138896861767,307.89841198654244,60,3.0,8.700000000000001,3.0,8.700000000000001,inspect_top60_consequence_no_graph,top_consequence_no_graph,60,0.05,budget_only,42,4.027118701620111,303.87129328492233
163.1427003971135,147.4339424485311,310.5766428456446,30,1.5,8.700000000000001,1.5,8.700000000000001,inspect_top30_uncertainty_x_consequence,top_uncertainty_consequence,30,0.05,budget_only,42,6.705349560722254,303.87129328492233
162.81704440126322,146.8801245617317,309.6971689629949,60,3.0,8.700000000000001,3.0,8.700000000000001,inspect_top60_uncertainty_x_consequence,top_uncertainty_consequence,60,0.05,budget_only,42,5.825875678072578,303.87129328492233
162.57443242466343,147.1725506886818,309.7469831133452,30,1.5,8.700000000000001,1.5,8.700000000000001,inspect_top30_uncertainty_x_graph_consequence,top_uncertainty_graph_consequence,30,0.05,budget_only,42,5.875689828422878,303.87129328492233
162.43746279212277,146.62481511654477,309.0622779086675,60,3.0,8.700000000000001,3.0,8.700000000000001,inspect_top60_uncertainty_x_graph_consequence,top_uncertainty_graph_consequence,60,0.05,budget_only,42,5.19098462374518,303.87129328492233
162.8759232615302,147.42290639534139,310.2988296568716,60,3.0,8.700000000000001,3.0,8.700000000000001,inspect_random60,random,60,0.05,budget_only,42,6.427536371949259,303.87129328492233
177.05126879632576,160.88673145536922,337.938000251695,30,1.5,8.700000000000001,1.5,8.700000000000001,inspect_top30_consequence,top_consequence,30,0.05,budget_only,43,3.452886026074509,334.48511422562046
177.86684928290538,161.11482710284625,338.9816763857516,60,3.0,8.700000000000001,3.0,8.700000000000001,inspect_top60_consequence,top_consequence,60,0.05,budget_only,43,4.496562160131134,334.48511422562046
177.1314091015901,160.37030630548614,337.50171540707623,30,1.5,8.700000000000001,1.5,8.700000000000001,inspect_top30_consequence_no_graph,top_consequence_no_graph,30,0.05,budget_only,43,3.016601181455769,334.48511422562046
177.341823156567,160.25410265454337,337.59592581111036,60,3.0,8.700000000000001,3.0,8.700000000000001,inspect_top60_consequence_no_graph,top_consequence_no_graph,60,0.05,budget_only,43,3.1108115854898983,334.48511422562046
177.26856912380822,161.37509104992264,338.64366017373084,30,1.5,8.700000000000001,1.5,8.700000000000001,inspect_top30_uncertainty_x_consequence,top_uncertainty_consequence,30,0.05,budget_only,43,4.158545948110373,334.48511422562046
178.78375084286998,162.49872941037236,341.28248025324234,60,3.0,8.700000000000001,3.0,8.700000000000001,inspect_top60_uncertainty_x_consequence,top_uncertainty_consequence,60,0.05,budget_only,43,6.797366027621877,334.48511422562046
177.32868111106865,161.32347589402917,338.6521570050978,30,1.5,8.700000000000001,1.5,8.700000000000001,inspect_top30_uncertainty_x_graph_consequence,top_uncertainty_graph_consequence,30,0.05,budget_only,43,4.167042779477356,334.48511422562046
178.41523672349186,162.28493465740576,340.7001713808976,60,3.0,8.700000000000001,3.0,8.700000000000001,inspect_top60_uncertainty_x_graph_consequence,top_uncertainty_graph_consequence,60,0.05,budget_only,43,6.2150571552771225,334.48511422562046
176.53058005157294,160.78968772959232,337.3202677811653,60,3.0,8.700000000000001,3.0,8.700000000000001,inspect_random60,random,60,0.05,budget_only,43,2.835153555544821,334.48511422562046
173.5162301786955,157.1185926795801,330.6348228582756,30,1.5,8.700000000000001,1.5,8.700000000000001,inspect_top30_consequence,top_consequence,30,0.05,budget_only,44,5.7966856044168935,324.8381372538587
173.79855985558683,156.61551117565637,330.4140710312432,60,3.0,8.700000000000001,3.0,8.700000000000001,inspect_top60_consequence,top_consequence,60,0.05,budget_only,44,5.5759337773845346,324.8381372538587
174.18721987566877,157.6934502393264,331.88067011499516,30,1.5,8.700000000000001,1.5,8.700000000000001,inspect_top30_consequence_no_graph,top_consequence_no_graph,30,0.05,budget_only,44,7.042532861136465,324.8381372538587
173.64864673785513,156.30482119748524,329.95346793534037,60,3.0,8.700000000000001,3.0,8.700000000000001,inspect_top60_consequence_no_graph,top_consequence_no_graph,60,0.05,budget_only,44,5.11533068148168,324.8381372538587
173.10035909873767,157.0769159647573,330.17727506349496,30,1.5,8.700000000000001,1.5,8.700000000000001,inspect_top30_uncertainty_x_consequence,top_uncertainty_consequence,30,0.05,budget_only,44,5.33913780963627,324.8381372538587
173.3822441632655,156.9478857265873,330.3301298898528,60,3.0,8.700000000000001,3.0,8.700000000000001,inspect_top60_uncertainty_x_consequence,top_uncertainty_consequence,60,0.05,budget_only,44,5.491992635994109,324.8381372538587
172.81219857356785,156.87795742086962,329.6901559944375,30,1.5,8.700000000000001,1.5,8.700000000000001,inspect_top30_uncertainty_x_graph_consequence,top_uncertainty_graph_consequence,30,0.05,budget_only,44,4.852018740578785,324.8381372538587
172.82360998334525,156.47315457583773,329.296764559183,60,3.0,8.700000000000001,3.0,8.700000000000001,inspect_top60_uncertainty_x_graph_consequence,top_uncertainty_graph_consequence,60,0.05,budget_only,44,4.458627305324285,324.8381372538587
173.72734815552002,158.34934415158705,332.07669230710707,60,3.0,8.700000000000001,3.0,8.700000000000001,inspect_random60,random,60,0.05,budget_only,44,7.238555053248376,324.8381372538587
172.73490655234315,156.1959767658613,328.93088331820445,30,1.5,8.700000000000001,1.5,8.700000000000001,inspect_top30_consequence,top_consequence,30,0.05,budget_only,45,5.864522974502677,323.0663603437018
173.39040322362354,156.26224298885504,329.65264621247854,60,3.0,8.700000000000001,3.0,8.700000000000001,inspect_top60_consequence,top_consequence,60,0.05,budget_only,45,6.58628586877677,323.0663603437018
172.44586637863569,156.12038282942453,328.5662492080602,30,1.5,8.700000000000001,1.5,8.700000000000001,inspect_top30_consequence_no_graph,top_consequence_no_graph,30,0.05,budget_only,45,5.499888864358411,323.0663603437018
173.00413870641682,155.59529130840514,328.59943001482196,60,3.0,8.700000000000001,3.0,8.700000000000001,inspect_top60_consequence_no_graph,top_consequence_no_graph,60,0.05,budget_only,45,5.533069671120188,323.0663603437018
172.81938726553642,157.27370509942676,330.0930923649632,30,1.5,8.700000000000001,1.5,8.700000000000001,inspect_top30_uncertainty_x_consequence,top_uncertainty_consequence,30,0.05,budget_only,45,7.0267320212614095,323.0663603437018
172.85211660141053,156.74353723656407,329.5956538379746,60,3.0,8.700000000000001,3.0,8.700000000000001,inspect_top60_uncertainty_x_consequence,top_uncertainty_consequence,60,0.05,budget_only,45,6.529293494272849,323.0663603437018
172.73603632152674,157.1530773816892,329.8891137032159,30,1.5,8.700000000000001,1.5,8.700000000000001,inspect_top30_uncertainty_x_graph_consequence,top_uncertainty_graph_consequence,30,0.05,budget_only,45,6.822753359514138,323.0663603437018
172.5091019152553,156.60188335773452,329.1109852729898,60,3.0,8.700000000000001,3.0,8.700000000000001,inspect_top60_uncertainty_x_graph_consequence,top_uncertainty_graph_consequence,60,0.05,budget_only,45,6.044624929288034,323.0663603437018
172.71994413336176,157.3455616653286,330.06550579869037,60,3.0,8.700000000000001,3.0,8.700000000000001,inspect_random60,random,60,0.05,budget_only,45,6.999145454988593,323.0663603437018
175.91276987679566,159.32551902545322,335.2382889022489,30,1.5,8.700000000000001,1.5,8.700000000000001,inspect_top30_consequence,top_consequence,30,0.05,budget_only,46,3.308628817369197,331.9296600848797
176.04326170118264,159.21279368801981,335.25605538920246,60,3.0,8.700000000000001,3.0,8.700000000000001,inspect_top60_consequence,top_consequence,60,0.05,budget_only,46,3.326395304322773,331.9296600848797
176.12499468805538,159.67493277858628,335.79992746664163,30,1.5,8.700000000000001,1.5,8.700000000000001,inspect_top30_consequence_no_graph,top_consequence_no_graph,30,0.05,budget_only,46,3.8702673817619484,331.9296600848797
176.82439461083914,159.80801834186394,336.6324129527031,60,3.0,8.700000000000001,3.0,8.700000000000001,inspect_top60_consequence_no_graph,top_consequence_no_graph,60,0.05,budget_only,46,4.702752867823392,331.9296600848797
175.21356857705592,159.72530156147423,334.93887013853015,30,1.5,8.700000000000001,1.5,8.700000000000001,inspect_top30_uncertainty_x_consequence,top_uncertainty_consequence,30,0.05,budget_only,46,3.009210053650463,331.9296600848797
177.37686046032331,160.75980650309606,338.1366669634194,60,3.0,8.700000000000001,3.0,8.700000000000001,inspect_top60_uncertainty_x_consequence,top_uncertainty_consequence,60,0.05,budget_only,46,6.207006878539687,331.9296600848797
175.61610722183295,159.47425496874604,335.09036219057896,30,1.5,8.700000000000001,1.5,8.700000000000001,inspect_top30_uncertainty_x_graph_consequence,top_uncertainty_graph_consequence,30,0.05,budget_only,46,3.160702105699272,331.9296600848797
177.33215215224527,160.7174976743387,338.04964982658396,60,3.0,8.700000000000001,3.0,8.700000000000001,inspect_top60_uncertainty_x_graph_consequence,top_uncertainty_graph_consequence,60,0.05,budget_only,46,6.1199897417042735,331.9296600848797
175.47907033370925,159.93356694040085,335.4126372741101,60,3.0,8.700000000000001,3.0,8.700000000000001,inspect_random60,random,60,0.05,budget_only,46,3.4829771892304393,331.9296600848797
165.5922465146503,150.17520417725095,315.7674506919012,30,1.5,8.700000000000001,1.5,8.700000000000001,inspect_top30_consequence,top_consequence,30,0.05,budget_only,47,5.334386836819647,310.43306385508157
167.04769842087006,150.2928918162245,317.3405902370946,60,3.0,8.700000000000001,3.0,8.700000000000001,inspect_top60_consequence,top_consequence,60,0.05,budget_only,47,6.907526382013032,310.43306385508157
165.4683199572442,149.67363925053633,315.14195920778053,30,1.5,8.700000000000001,1.5,8.700000000000001,inspect_top30_consequence_no_graph,top_consequence_no_graph,30,0.05,budget_only,47,4.70889535269896,310.43306385508157
166.6195547094353,149.56175275209063,316.18130746152593,60,3.0,8.700000000000001,3.0,8.700000000000001,inspect_top60_consequence_no_graph,top_consequence_no_graph,60,0.05,budget_only,47,5.748243606444362,310.43306385508157
165.67737449361917,149.85181579314718,315.5291902867664,30,1.5,8.700000000000001,1.5,8.700000000000001,inspect_top30_uncertainty_x_consequence,top_uncertainty_consequence,30,0.05,budget_only,47,5.096126431684809,310.43306385508157
166.1655211374578,150.02415944327498,316.1896805807328,60,3.0,8.700000000000001,3.0,8.700000000000001,inspect_top60_uncertainty_x_consequence,top_uncertainty_consequence,60,0.05,budget_only,47,5.756616725651213,310.43306385508157
165.48449269208635,149.58906707384693,315.0735597659333,30,1.5,8.700000000000001,1.5,8.700000000000001,inspect_top30_uncertainty_x_graph_consequence,top_uncertainty_graph_consequence,30,0.05,budget_only,47,4.640495910851712,310.43306385508157
166.97769341621938,150.90355244674026,317.88124586295964,60,3.0,8.700000000000001,3.0,8.700000000000001,inspect_top60_uncertainty_x_graph_consequence,top_uncertainty_graph_consequence,60,0.05,budget_only,47,7.448182007878074,310.43306385508157
165.1685721876265,150.23338340523793,315.4019555928644,60,3.0,8.700000000000001,3.0,8.700000000000001,inspect_random60,random,60,0.05,budget_only,47,4.968891737782826,310.43306385508157
175.11415324302962,158.6742700713698,333.78842331439944,30,1.5,8.700000000000001,1.5,8.700000000000001,inspect_top30_consequence,top_consequence,30,0.05,budget_only,48,4.189335623413967,329.59908769098547
175.22833486603884,158.498545448928,333.7268803149668,60,3.0,8.700000000000001,3.0,8.700000000000001,inspect_top60_consequence,top_consequence,60,0.05,budget_only,48,4.12779262398135,329.59908769098547
174.93623846900738,158.7296372406534,333.6658757096608,30,1.5,8.700000000000001,1.5,8.700000000000001,inspect_top30_consequence_no_graph,top_consequence_no_graph,30,0.05,budget_only,48,4.066788018675311,329.59908769098547
175.27845099709612,158.18128601163158,333.4597370087277,60,3.0,8.700000000000001,3.0,8.700000000000001,inspect_top60_consequence_no_graph,top_consequence_no_graph,60,0.05,budget_only,48,3.8606493177422294,329.59908769098547
174.64005798752186,158.8472637863987,333.4873217739206,30,1.5,8.700000000000001,1.5,8.700000000000001,inspect_top30_uncertainty_x_consequence,top_uncertainty_consequence,30,0.05,budget_only,48,3.888234082935128,329.59908769098547
175.09630057943158,158.9756910040553,334.0719915834869,60,3.0,8.700000000000001,3.0,8.700000000000001,inspect_top60_uncertainty_x_consequence,top_uncertainty_consequence,60,0.05,budget_only,48,4.472903892501449,329.59908769098547
174.1736544546473,158.69330111515686,332.8669555698042,30,1.5,8.700000000000001,1.5,8.700000000000001,inspect_top30_uncertainty_x_graph_consequence,top_uncertainty_graph_consequence,30,0.05,budget_only,48,3.26786787881872,329.59908769098547
175.02784810314466,159.02470016793808,334.05254827108274,60,3.0,8.700000000000001,3.0,8.700000000000001,inspect_top60_uncertainty_x_graph_consequence,top_uncertainty_graph_consequence,60,0.05,budget_only,48,4.453460580097271,329.59908769098547
174.3868227603375,159.6690524557513,334.0558752160888,60,3.0,8.700000000000001,3.0,8.700000000000001,inspect_random60,random,60,0.05,budget_only,48,4.456787525103323,329.59908769098547
171.58655795917906,155.14125950670172,326.7278174658808,30,1.5,8.700000000000001,1.5,8.700000000000001,inspect_top30_consequence,top_consequence,30,0.05,budget_only,49,5.270258389956211,321.45755907592456
171.65576652375975,154.87298331520753,326.5287498389673,60,3.0,8.700000000000001,3.0,8.700000000000001,inspect_top60_consequence,top_consequence,60,0.05,budget_only,49,5.07119076304275,321.45755907592456
171.78651672450476,154.81509594621733,326.6016126707221,30,1.5,8.700000000000001,1.5,8.700000000000001,inspect_top30_consequence_no_graph,top_consequence_no_graph,30,0.05,budget_only,49,5.144053594797526,321.45755907592456
171.88013937606075,154.80660939647802,326.68674877253875,60,3.0,8.700000000000001,3.0,8.700000000000001,inspect_top60_consequence_no_graph,top_consequence_no_graph,60,0.05,budget_only,49,5.229189696614185,321.45755907592456
171.38249490563027,156.0568729622546,327.43936786788487,30,1.5,8.700000000000001,1.5,8.700000000000001,inspect_top30_uncertainty_x_consequence,top_uncertainty_consequence,30,0.05,budget_only,49,5.9818087919603045,321.45755907592456
172.20435405090808,156.44511262488575,328.64946667579386,60,3.0,8.700000000000001,3.0,8.700000000000001,inspect_top60_uncertainty_x_consequence,top_uncertainty_consequence,60,0.05,budget_only,49,7.191907599869296,321.45755907592456
171.18297870600958,156.1080617787045,327.2910404847141,30,1.5,8.700000000000001,1.5,8.700000000000001,inspect_top30_uncertainty_x_graph_consequence,top_uncertainty_graph_consequence,30,0.05,budget_only,49,5.83348140878951,321.45755907592456
171.89789516128644,156.074421831076,327.97231699236244,60,3.0,8.700000000000001,3.0,8.700000000000001,inspect_top60_uncertainty_x_graph_consequence,top_uncertainty_graph_consequence,60,0.05,budget_only,49,6.514757916437873,321.45755907592456
171.69511188660562,156.17018034906047,327.86529223566606,60,3.0,8.700000000000001,3.0,8.700000000000001,inspect_random60,random,60,0.05,budget_only,49,6.407733159741497,321.45755907592456
170.22868728365978,153.780582627453,324.00926991111277,30,1.5,8.700000000000001,1.5,8.700000000000001,inspect_top30_consequence,top_consequence,30,0.05,budget_only,50,4.383771794090819,319.62549811702195
170.54562586232942,153.94634286029952,324.49196872262894,60,3.0,8.700000000000001,3.0,8.700000000000001,inspect_top60_consequence,top_consequence,60,0.05,budget_only,50,4.866470605606992,319.62549811702195
171.7403443474517,155.0581185513796,326.7984628988313,30,1.5,8.700000000000001,1.5,8.700000000000001,inspect_top30_consequence_no_graph,top_consequence_no_graph,30,0.05,budget_only,50,7.172964781809355,319.62549811702195
171.10023891375238,153.9342840888701,325.03452300262245,60,3.0,8.700000000000001,3.0,8.700000000000001,inspect_top60_consequence_no_graph,top_consequence_no_graph,60,0.05,budget_only,50,5.409024885600502,319.62549811702195
170.60532197913574,155.3531595562544,325.95848153539015,30,1.5,8.700000000000001,1.5,8.700000000000001,inspect_top30_uncertainty_x_consequence,top_uncertainty_consequence,30,0.05,budget_only,50,6.332983418368201,319.62549811702195
171.06404787973693,155.40046750333394,326.4645153830709,60,3.0,8.700000000000001,3.0,8.700000000000001,inspect_top60_uncertainty_x_consequence,top_uncertainty_consequence,60,0.05,budget_only,50,6.839017266048927,319.62549811702195
170.46465447480256,155.3531595562544,325.81781403105697,30,1.5,8.700000000000001,1.5,8.700000000000001,inspect_top30_uncertainty_x_graph_consequence,top_uncertainty_graph_consequence,30,0.05,budget_only,50,6.192315914035021,319.62549811702195
170.39157756569006,154.78975083042667,325.1813283961167,60,3.0,8.700000000000001,3.0,8.700000000000001,inspect_top60_uncertainty_x_graph_consequence,top_uncertainty_graph_consequence,60,0.05,budget_only,50,5.555830279094778,319.62549811702195
170.2564515872802,155.12294537856445,325.37939696584465,60,3.0,8.700000000000001,3.0,8.700000000000001,inspect_random60,random,60,0.05,budget_only,50,5.7538988488227005,319.62549811702195
185.9201547528595,169.2910140304961,355.21116878335556,30,1.5,8.700000000000001,1.5,8.700000000000001,inspect_top30_consequence,top_consequence,30,0.05,budget_only,51,4.150308738683805,351.06086004467176
186.409194296905,169.5529485837575,355.96214288066255,60,3.0,8.700000000000001,3.0,8.700000000000001,inspect_top60_consequence,top_consequence,60,0.05,budget_only,51,4.9012828359907985,351.06086004467176
186.03149410190036,170.05635646693145,356.0878505688318,30,1.5,8.700000000000001,1.5,8.700000000000001,inspect_top30_consequence_no_graph,top_consequence_no_graph,30,0.05,budget_only,51,5.026990524160055,351.06086004467176
186.6645235365151,169.7773428507014,356.44186638721646,60,3.0,8.700000000000001,3.0,8.700000000000001,inspect_top60_consequence_no_graph,top_consequence_no_graph,60,0.05,budget_only,51,5.381006342544708,351.06086004467176
186.1097051279783,170.14721374521912,356.2569188731974,30,1.5,8.700000000000001,1.5,8.700000000000001,inspect_top30_uncertainty_x_consequence,top_uncertainty_consequence,30,0.05,budget_only,51,5.196058828525622,351.06086004467176
186.33808804064503,170.07596799086917,356.4140560315142,60,3.0,8.700000000000001,3.0,8.700000000000001,inspect_top60_uncertainty_x_consequence,top_uncertainty_consequence,60,0.05,budget_only,51,5.353195986842422,351.06086004467176
186.1198850985968,170.19683511447766,356.31672021307446,30,1.5,8.700000000000001,1.5,8.700000000000001,inspect_top30_uncertainty_x_graph_consequence,top_uncertainty_graph_consequence,30,0.05,budget_only,51,5.255860168402705,351.06086004467176
186.27513828258446,170.1786063749027,356.45374465748716,60,3.0,8.700000000000001,3.0,8.700000000000001,inspect_top60_uncertainty_x_graph_consequence,top_uncertainty_graph_consequence,60,0.05,budget_only,51,5.392884612815408,351.06086004467176
185.2923347929775,170.35795535535482,355.6502901483323,60,3.0,8.700000000000001,3.0,8.700000000000001,inspect_random60,random,60,0.05,budget_only,51,4.589430103660561,351.06086004467176
168.35410124328502,152.93802582560258,321.29212706888757,30,1.5,8.700000000000001,1.5,8.700000000000001,inspect_top30_consequence,top_consequence,30,0.05,budget_only,52,7.871457008424386,313.4206700604632
167.15401599899192,150.44543136347667,317.5994473624686,60,3.0,8.700000000000001,3.0,8.700000000000001,inspect_top60_consequence,top_consequence,60,0.05,budget_only,52,4.178777302005415,313.4206700604632
167.5207372605464,152.1240243735377,319.64476163408415,30,1.5,8.700000000000001,1.5,8.700000000000001,inspect_top30_consequence_no_graph,top_consequence_no_graph,30,0.05,budget_only,52,6.224091573620967,313.4206700604632
168.11946325819176,150.99235580207397,319.1118190602657,60,3.0,8.700000000000001,3.0,8.700000000000001,inspect_top60_consequence_no_graph,top_consequence_no_graph,60,0.05,budget_only,52,5.691148999802522,313.4206700604632
167.30581708420073,151.77780912919613,319.0836262133969,30,1.5,8.700000000000001,1.5,8.700000000000001,inspect_top30_uncertainty_x_consequence,top_uncertainty_consequence,30,0.05,budget_only,52,5.6629561529337025,313.4206700604632
167.96517265727505,151.5480015036893,319.51317416096435,60,3.0,8.700000000000001,3.0,8.700000000000001,inspect_top60_uncertainty_x_consequence,top_uncertainty_consequence,60,0.05,budget_only,52,6.0925041005011735,313.4206700604632
167.9168277253134,151.77780912919613,319.69463685450955,30,1.5,8.700000000000001,1.5,8.700000000000001,inspect_top30_uncertainty_x_graph_consequence,top_uncertainty_graph_consequence,30,0.05,budget_only,52,6.273966794046373,313.4206700604632
167.30537551471429,150.88820436112857,318.19357987584283,60,3.0,8.700000000000001,3.0,8.700000000000001,inspect_top60_uncertainty_x_graph_consequence,top_uncertainty_graph_consequence,60,0.05,budget_only,52,4.7729098153796485,313.4206700604632
166.2273764865625,151.56274283596272,317.79011932252524,60,3.0,8.700000000000001,3.0,8.700000000000001,inspect_random60,random,60,0.05,budget_only,52,4.369449262062062,313.4206700604632
178.54805746714652,162.8126998683319,341.3607573354784,30,1.5,8.700000000000001,1.5,8.700000000000001,inspect_top30_consequence,top_consequence,30,0.05,budget_only,53,5.681556510167866,335.67920082531055
178.95183977843428,161.9525891416708,340.9044289201051,60,3.0,8.700000000000001,3.0,8.700000000000001,inspect_top60_consequence,top_consequence,60,0.05,budget_only,53,5.225228094794545,335.67920082531055
177.74648708425212,161.5094088563852,339.2558959406373,30,1.5,8.700000000000001,1.5,8.700000000000001,inspect_top30_consequence_no_graph,top_consequence_no_graph,30,0.05,budget_only,53,3.576695115326743,335.67920082531055
178.22227861392855,161.0296949899752,339.25197360390376,60,3.0,8.700000000000001,3.0,8.700000000000001,inspect_top60_consequence_no_graph,top_consequence_no_graph,60,0.05,budget_only,53,3.572772778593219,335.67920082531055
178.17235127530301,162.9674344936377,341.1397857689407,30,1.5,8.700000000000001,1.5,8.700000000000001,inspect_top30_uncertainty_x_consequence,top_uncertainty_consequence,30,0.05,budget_only,53,5.460584943630181,335.67920082531055
179.5906469275385,163.2327279987084,342.8233749262469,60,3.0,8.700000000000001,3.0,8.700000000000001,inspect_top60_uncertainty_x_consequence,top_uncertainty_consequence,60,0.05,budget_only,53,7.144174100936368,335.67920082531055
178.2806660703145,163.03975535433935,341.3204214246539,30,1.5,8.700000000000001,1.5,8.700000000000001,inspect_top30_uncertainty_x_graph_consequence,top_uncertainty_graph_consequence,30,0.05,budget_only,53,5.641220599343342,335.67920082531055
179.41569641146268,163.04061248525477,342.4563088967175,60,3.0,8.700000000000001,3.0,8.700000000000001,inspect_top60_uncertainty_x_graph_consequence,top_uncertainty_graph_consequence,60,0.05,budget_only,53,6.7771080714069285,335.67920082531055
177.08635612399343,162.499669630894,339.58602575488743,60,3.0,8.700000000000001,3.0,8.700000000000001,inspect_random60,random,60,0.05,budget_only,53,3.906824929576885,335.67920082531055
168.7049145280688,152.56879623328823,321.27371076135705,30,1.5,8.700000000000001,1.5,8.700000000000001,inspect_top30_consequence,top_consequence,30,0.05,budget_only,54,3.339270365052016,317.93444039630504
169.12421042825684,152.17553831497207,321.2997487432289,60,3.0,8.700000000000001,3.0,8.700000000000001,inspect_top60_consequence,top_consequence,60,0.05,budget_only,54,3.3653083469238823,317.93444039630504
169.43129522754407,152.7349022069911,322.1661974345352,30,1.5,8.700000000000001,1.5,8.700000000000001,inspect_top30_consequence_no_graph,top_consequence_no_graph,30,0.05,budget_only,54,4.231757038230171,317.93444039630504
170.28119935862622,153.0197381596766,323.3009375183028,60,3.0,8.700000000000001,3.0,8.700000000000001,inspect_top60_consequence_no_graph,top_consequence_no_graph,60,0.05,budget_only,54,5.3664971219977815,317.93444039630504
170.76268050984334,154.60737514138629,325.3700556512296,30,1.5,8.700000000000001,1.5,8.700000000000001,inspect_top30_uncertainty_x_consequence,top_uncertainty_consequence,30,0.05,budget_only,54,7.435615254924585,317.93444039630504
169.60709154414963,153.51501338517042,323.12210492932,60,3.0,8.700000000000001,3.0,8.700000000000001,inspect_top60_uncertainty_x_consequence,top_uncertainty_consequence,60,0.05,budget_only,54,5.187664533014981,317.93444039630504
170.61740260153664,154.55708489652704,325.1744874980637,30,1.5,8.700000000000001,1.5,8.700000000000001,inspect_top30_uncertainty_x_graph_consequence,top_uncertainty_graph_consequence,30,0.05,budget_only,54,7.240047101758648,317.93444039630504
168.84594143395577,152.72414836282206,321.57008979677784,60,3.0,8.700000000000001,3.0,8.700000000000001,inspect_top60_uncertainty_x_graph_consequence,top_uncertainty_graph_consequence,60,0.05,budget_only,54,3.6356494004728006,317.93444039630504
169.95373411318747,154.09294506883634,324.0466791820238,60,3.0,8.700000000000001,3.0,8.700000000000001,inspect_random60,random,60,0.05,budget_only,54,6.112238785718773,317.93444039630504
172.04970493719281,155.55332472072695,327.60302965791976,30,1.5,8.700000000000001,1.5,8.700000000000001,inspect_top30_consequence,top_consequence,30,0.05,budget_only,55,5.12100541438798,322.4820242435318
172.42499038851372,155.55631409737282,327.98130448588654,60,3.0,8.700000000000001,3.0,8.700000000000001,inspect_top60_consequence,top_consequence,60,0.05,budget_only,55,5.499280242354757,322.4820242435318
171.21858754753487,155.25948270510895,326.4780702526438,30,1.5,8.700000000000001,1.5,8.700000000000001,inspect_top30_consequence_no_graph,top_consequence_no_graph,30,0.05,budget_only,55,3.9960460091120353,322.4820242435318
172.38578032972978,155.21411191535682,327.5998922450866,60,3.0,8.700000000000001,3.0,8.700000000000001,inspect_top60_consequence_no_graph,top_consequence_no_graph,60,0.05,budget_only,55,5.117868001554825,322.4820242435318
171.23591511324832,155.67668796652652,326.91260307977484,30,1.5,8.700000000000001,1.5,8.700000000000001,inspect_top30_uncertainty_x_consequence,top_uncertainty_consequence,30,0.05,budget_only,55,4.430578836243058,322.4820242435318
171.91246215129843,155.83653429798824,327.74899644928666,60,3.0,8.700000000000001,3.0,8.700000000000001,inspect_top60_uncertainty_x_consequence,top_uncertainty_consequence,60,0.05,budget_only,55,5.2669722057548825,322.4820242435318
171.31857539994485,155.67668796652652,326.99526336647136,30,1.5,8.700000000000001,1.5,8.700000000000001,inspect_top30_uncertainty_x_graph_consequence,top_uncertainty_graph_consequence,30,0.05,budget_only,55,4.513239122939581,322.4820242435318
171.44029975173117,155.3987408672667,326.83904061899784,60,3.0,8.700000000000001,3.0,8.700000000000001,inspect_top60_uncertainty_x_graph_consequence,top_uncertainty_graph_consequence,60,0.05,budget_only,55,4.35701637546606,322.4820242435318
171.48019286738838,156.65197492027986,328.1321677876682,60,3.0,8.700000000000001,3.0,8.700000000000001,inspect_random60,random,60,0.05,budget_only,55,5.6501435441364265,322.4820242435318
163.21374709700865,147.0806878319769,310.29443492898554,30,1.5,8.700000000000001,1.5,8.700000000000001,inspect_top30_consequence,top_consequence,30,0.05,budget_only,56,4.684338522943733,305.6100964060418
162.94873529860058,146.27933197087756,309.2280672694782,60,3.0,8.700000000000001,3.0,8.700000000000001,inspect_top60_consequence,top_consequence,60,0.05,budget_only,56,3.617970863436369,305.6100964060418
163.3924514480834,147.24932686590074,310.6417783139841,30,1.5,8.700000000000001,1.5,8.700000000000001,inspect_top30_consequence_no_graph,top_consequence_no_graph,30,0.05,budget_only,56,5.0316819079423,305.6100964060418
163.62375979002445,146.63609830230786,310.2598580923323,60,3.0,8.700000000000001,3.0,8.700000000000001,inspect_top60_consequence_no_graph,top_consequence_no_graph,60,0.05,budget_only,56,4.649761686290503,305.6100964060418
164.26291084901277,148.77260612502715,313.0355169740399,30,1.5,8.700000000000001,1.5,8.700000000000001,inspect_top30_uncertainty_x_consequence,top_uncertainty_consequence,30,0.05,budget_only,56,7.425420567998117,305.6100964060418
164.71535476000656,148.26572567351957,312.98108043352613,60,3.0,8.700000000000001,3.0,8.700000000000001,inspect_top60_uncertainty_x_consequence,top_uncertainty_consequence,60,0.05,budget_only,56,7.370984027484326,305.6100964060418
163.9506907146206,148.8112871710852,312.76197788570585,30,1.5,8.700000000000001,1.5,8.700000000000001,inspect_top30_uncertainty_x_graph_consequence,top_uncertainty_graph_consequence,30,0.05,budget_only,56,7.151881479664041,305.6100964060418
163.80324567605305,147.37511790721356,311.1783635832666,60,3.0,8.700000000000001,3.0,8.700000000000001,inspect_top60_uncertainty_x_graph_consequence,top_uncertainty_graph_consequence,60,0.05,budget_only,56,5.568267177224811,305.6100964060418
163.40758442510514,148.1895409691531,311.5971253942582,60,3.0,8.700000000000001,3.0,8.700000000000001,inspect_random60,random,60,0.05,budget_only,56,5.987028988216423,305.6100964060418
165.59533331466824,149.2729848120695,314.86831812673773,30,1.5,8.700000000000001,1.5,8.700000000000001,inspect_top30_consequence,top_consequence,30,0.05,budget_only,57,3.480393996553289,311.38792413018444
165.75209281226233,148.86289560699686,314.6149884192592,60,3.0,8.700000000000001,3.0,8.700000000000001,inspect_top60_consequence,top_consequence,60,0.05,budget_only,57,3.2270642890747467,311.38792413018444
166.1297173298369,149.55109507883668,315.68081240867355,30,1.5,8.700000000000001,1.5,8.700000000000001,inspect_top30_consequence_no_graph,top_consequence_no_graph,30,0.05,budget_only,57,4.292888278489102,311.38792413018444
165.97807967894298,148.83368144850397,314.81176112744697,60,3.0,8.700000000000001,3.0,8.700000000000001,inspect_top60_consequence_no_graph,top_consequence_no_graph,60,0.05,budget_only,57,3.4238369972625264,311.38792413018444
165.81359891837337,150.13613434714438,315.94973326551775,30,1.5,8.700000000000001,1.5,8.700000000000001,inspect_top30_uncertainty_x_consequence,top_uncertainty_consequence,30,0.05,budget_only,57,4.561809135333306,311.38792413018444
165.41077177048817,149.4363907834193,314.8471625539075,60,3.0,8.700000000000001,3.0,8.700000000000001,inspect_top60_uncertainty_x_consequence,top_uncertainty_consequence,60,0.05,budget_only,57,3.4592384237230362,311.38792413018444
165.74870249553118,150.13613434714438,315.88483684267555,30,1.5,8.700000000000001,1.5,8.700000000000001,inspect_top30_uncertainty_x_graph_consequence,top_uncertainty_graph_consequence,30,0.05,budget_only,57,4.49691271249111,311.38792413018444
165.9494332592829,150.05242439300088,316.0018576522838,60,3.0,8.700000000000001,3.0,8.700000000000001,inspect_top60_uncertainty_x_graph_consequence,top_uncertainty_graph_consequence,60,0.05,budget_only,57,4.61393352209933,311.38792413018444
166.23682175384047,150.88150797117845,317.11832972501895,60,3.0,8.700000000000001,3.0,8.700000000000001,inspect_random60,random,60,0.05,budget_only,57,5.730405594834508,311.38792413018444
169.69137224747223,153.29340328174703,322.9847755292193,30,1.5,8.700000000000001,1.5,8.700000000000001,inspect_top30_consequence,top_consequence,30,0.05,budget_only,58,6.470659352326038,316.51411617689325
168.52022641098745,151.80261790755554,320.322844318543,60,3.0,8.700000000000001,3.0,8.700000000000001,inspect_top60_consequence,top_consequence,60,0.05,budget_only,58,3.8087281416497376,316.51411617689325
169.43910908335124,153.29429043806294,322.7333995214142,30,1.5,8.700000000000001,1.5,8.700000000000001,inspect_top30_consequence_no_graph,top_consequence_no_graph,30,0.05,budget_only,58,6.219283344520932,316.51411617689325
170.11599462759034,153.15801704272963,323.27401167031996,60,3.0,8.700000000000001,3.0,8.700000000000001,inspect_top60_consequence_no_graph,top_consequence_no_graph,60,0.05,budget_only,58,6.759895493426711,316.51411617689325
168.2348718463301,153.26801007158684,321.50288191791697,30,1.5,8.700000000000001,1.5,8.700000000000001,inspect_top30_uncertainty_x_consequence,top_uncertainty_consequence,30,0.05,budget_only,58,4.9887657410237125,316.51411617689325
169.11744035968815,153.24031796855903,322.3577583282472,60,3.0,8.700000000000001,3.0,8.700000000000001,inspect_top60_uncertainty_x_consequence,top_uncertainty_consequence,60,0.05,budget_only,58,5.843642151353947,316.51411617689325
168.25116484652776,153.3742695066071,321.6254343531349,30,1.5,8.700000000000001,1.5,8.700000000000001,inspect_top30_uncertainty_x_graph_consequence,top_uncertainty_graph_consequence,30,0.05,budget_only,58,5.111318176241639,316.51411617689325
169.03089875778784,153.14474731886003,322.17564607664787,60,3.0,8.700000000000001,3.0,8.700000000000001,inspect_top60_uncertainty_x_graph_consequence,top_uncertainty_graph_consequence,60,0.05,budget_only,58,5.661529899754612,316.51411617689325
169.12283211154255,153.64372402194581,322.7665561334884,60,3.0,8.700000000000001,3.0,8.700000000000001,inspect_random60,random,60,0.05,budget_only,58,6.25243995659514,316.51411617689325
171.57854932664466,155.84262051945515,327.4211698460998,30,1.5,8.700000000000001,1.5,8.700000000000001,inspect_top30_consequence,top_consequence,30,0.05,budget_only,59,6.266810735444778,321.15435911065504
171.56696764147313,154.95741671867472,326.52438436014785,60,3.0,8.700000000000001,3.0,8.700000000000001,inspect_top60_consequence,top_consequence,60,0.05,budget_only,59,5.370025249492812,321.15435911065504
171.8305669703109,156.05793452366476,327.8885014939757,30,1.5,8.700000000000001,1.5,8.700000000000001,inspect_top30_consequence_no_graph,top_consequence_no_graph,30,0.05,budget_only,59,6.734142383320659,321.15435911065504
172.0765382895596,155.13529397052847,327.21183226008804,60,3.0,8.700000000000001,3.0,8.700000000000001,inspect_top60_consequence_no_graph,top_consequence_no_graph,60,0.05,budget_only,59,6.057473149433008,321.15435911065504
171.1302454082337,155.41181998402794,326.54206539226163,30,1.5,8.700000000000001,1.5,8.700000000000001,inspect_top30_uncertainty_x_consequence,top_uncertainty_consequence,30,0.05,budget_only,59,5.387706281606597,321.15435911065504
170.77626164314188,154.74559173955203,325.5218533826939,60,3.0,8.700000000000001,3.0,8.700000000000001,inspect_top60_uncertainty_x_consequence,top_uncertainty_consequence,60,0.05,budget_only,59,4.3674942720388685,321.15435911065504
170.98953195273154,155.2058255534812,326.19535750621276,30,1.5,8.700000000000001,1.5,8.700000000000001,inspect_top30_uncertainty_x_graph_consequence,top_uncertainty_graph_consequence,30,0.05,budget_only,59,5.040998395557722,321.15435911065504
171.172118978762,155.00467304658463,326.17679202534663,60,3.0,8.700000000000001,3.0,8.700000000000001,inspect_top60_uncertainty_x_graph_consequence,top_uncertainty_graph_consequence,60,0.05,budget_only,59,5.022432914691592,321.15435911065504
171.03318820088083,156.25102396311647,327.28421216399727,60,3.0,8.700000000000001,3.0,8.700000000000001,inspect_random60,random,60,0.05,budget_only,59,6.129853053342231,321.15435911065504
163.06996209326957,146.68196968713534,309.7519317804049,30,1.5,8.700000000000001,1.5,8.700000000000001,inspect_top30_consequence,top_consequence,30,0.05,budget_only,60,4.603125494243216,305.1488062861617
163.29272704680176,146.68893100308114,309.98165804988287,60,3.0,8.700000000000001,3.0,8.700000000000001,inspect_top60_consequence,top_consequence,60,0.05,budget_only,60,4.83285176372118,305.1488062861617
162.85764993460424,146.22029841229698,309.0779483469012,30,1.5,8.700000000000001,1.5,8.700000000000001,inspect_top30_consequence_no_graph,top_consequence_no_graph,30,0.05,budget_only,60,3.9291420607395366,305.1488062861617
163.1964630121546,146.029945123047,309.2264081352016,60,3.0,8.700000000000001,3.0,8.700000000000001,inspect_top60_consequence_no_graph,top_consequence_no_graph,60,0.05,budget_only,60,4.077601849039922,305.1488062861617
162.48345194400065,146.8404579566337,309.32390990063436,30,1.5,8.700000000000001,1.5,8.700000000000001,inspect_top30_uncertainty_x_consequence,top_uncertainty_consequence,30,0.05,budget_only,60,4.175103614472675,305.1488062861617
162.31328274094696,146.12365715274427,308.43693989369126,60,3.0,8.700000000000001,3.0,8.700000000000001,inspect_top60_uncertainty_x_consequence,top_uncertainty_consequence,60,0.05,budget_only,60,3.2881336075295735,305.1488062861617
162.7402441605466,147.00774406415476,309.7479882247014,30,1.5,8.700000000000001,1.5,8.700000000000001,inspect_top30_uncertainty_x_graph_consequence,top_uncertainty_graph_consequence,30,0.05,budget_only,60,4.599181938539687,305.1488062861617
162.29475265892012,146.1832147531192,308.47796741203933,60,3.0,8.700000000000001,3.0,8.700000000000001,inspect_top60_uncertainty_x_graph_consequence,top_uncertainty_graph_consequence,60,0.05,budget_only,60,3.329161125877647,305.1488062861617
162.74090118381486,146.87788665989524,309.6187878437101,60,3.0,8.700000000000001,3.0,8.700000000000001,inspect_random60,random,60,0.05,budget_only,60,4.469981557548408,305.1488062861617
172.20098713506303,155.74443331561798,327.945420450681,30,1.5,8.700000000000001,1.5,8.700000000000001,inspect_top30_consequence,top_consequence,30,0.05,budget_only,61,4.322481877623261,323.62293857305775
171.99013471423388,155.1206876638226,327.11082237805647,60,3.0,8.700000000000001,3.0,8.700000000000001,inspect_top60_consequence,top_consequence,60,0.05,budget_only,61,3.4878838049987166,323.62293857305775
172.66465784611214,156.1493835109793,328.81404135709147,30,1.5,8.700000000000001,1.5,8.700000000000001,inspect_top30_consequence_no_graph,top_consequence_no_graph,30,0.05,budget_only,61,5.191102784033717,323.62293857305775
172.5116884177021,155.41028471947206,327.9219731371742,60,3.0,8.700000000000001,3.0,8.700000000000001,inspect_top60_consequence_no_graph,top_consequence_no_graph,60,0.05,budget_only,61,4.299034564116425,323.62293857305775
172.2519296918619,155.98499973578566,328.23692942764757,30,1.5,8.700000000000001,1.5,8.700000000000001,inspect_top30_uncertainty_x_consequence,top_uncertainty_consequence,30,0.05,budget_only,61,4.613990854589815,323.62293857305775
173.45506548082972,157.04713166568365,330.50219714651337,60,3.0,8.700000000000001,3.0,8.700000000000001,inspect_top60_uncertainty_x_consequence,top_uncertainty_consequence,60,0.05,budget_only,61,6.8792585734556155,323.62293857305775
171.9523677744075,155.99304726404114,327.94541503844863,30,1.5,8.700000000000001,1.5,8.700000000000001,inspect_top30_uncertainty_x_graph_consequence,top_uncertainty_graph_consequence,30,0.05,budget_only,61,4.322476465390878,323.62293857305775
173.5128089812214,157.00089747726824,330.51370645848965,60,3.0,8.700000000000001,3.0,8.700000000000001,inspect_top60_uncertainty_x_graph_consequence,top_uncertainty_graph_consequence,60,0.05,budget_only,61,6.890767885431899,323.62293857305775
171.5501175718794,155.84842210663464,327.39853967851406,60,3.0,8.700000000000001,3.0,8.700000000000001,inspect_random60,random,60,0.05,budget_only,61,3.7756011054563032,323.62293857305775
176.26069327569587,159.75807593318706,336.01876920888293,30,1.5,8.700000000000001,1.5,8.700000000000001,inspect_top30_consequence,top_consequence,30,0.05,budget_only,62,6.095631184622164,329.92313802426077
176.87491113505462,159.97048072165893,336.84539185671355,60,3.0,8.700000000000001,3.0,8.700000000000001,inspect_top60_consequence,top_consequence,60,0.05,budget_only,62,6.922253832452782,329.92313802426077
176.7738854284251,160.31484187253588,337.08872730096095,30,1.5,8.700000000000001,1.5,8.700000000000001,inspect_top30_consequence_no_graph,top_consequence_no_graph,30,0.05,budget_only,62,7.165589276700189,329.92313802426077
176.90323365598306,159.71064473702876,336.6138783930118,60,3.0,8.700000000000001,3.0,8.700000000000001,inspect_top60_consequence_no_graph,top_consequence_no_graph,60,0.05,budget_only,62,6.690740368751051,329.92313802426077
175.92883769776836,161.23725457850318,337.16609227627157,30,1.5,8.700000000000001,1.5,8.700000000000001,inspect_top30_uncertainty_x_consequence,top_uncertainty_consequence,30,0.05,budget_only,62,7.242954252010804,329.92313802426077
175.4790344805935,159.73388585078933,335.21292033138286,60,3.0,8.700000000000001,3.0,8.700000000000001,inspect_top60_uncertainty_x_consequence,top_uncertainty_consequence,60,0.05,budget_only,62,5.2897823071220955,329.92313802426077
175.72440573053495,160.73223932522367,336.4566450557586,30,1.5,8.700000000000001,1.5,8.700000000000001,inspect_top30_uncertainty_x_graph_consequence,top_uncertainty_graph_consequence,30,0.05,budget_only,62,6.533507031497834,329.92313802426077
175.40879787163036,159.3383907776449,334.74718864927524,60,3.0,8.700000000000001,3.0,8.700000000000001,inspect_top60_uncertainty_x_graph_consequence,top_uncertainty_graph_consequence,60,0.05,budget_only,62,4.824050625014479,329.92313802426077
176.97145897528924,161.7435004958551,338.7149594711443,60,3.0,8.700000000000001,3.0,8.700000000000001,inspect_random60,random,60,0.05,budget_only,62,8.791821446883546,329.92313802426077
175.6130401305171,158.919579108871,334.5326192393881,30,1.5,8.700000000000001,1.5,8.700000000000001,inspect_top30_consequence,top_consequence,30,0.05,budget_only,63,3.2768244427978743,331.25579479659024
176.25267069233956,159.38069867072426,335.6333693630638,60,3.0,8.700000000000001,3.0,8.700000000000001,inspect_top60_consequence,top_consequence,60,0.05,budget_only,63,4.377574566473584,331.25579479659024
175.9981319128414,159.58517901988472,335.58331093272614,30,1.5,8.700000000000001,1.5,8.700000000000001,inspect_top30_consequence_no_graph,top_consequence_no_graph,30,0.05,budget_only,63,4.327516136135898,331.25579479659024
176.71077380040134,159.50619905637217,336.2169728567735,60,3.0,8.700000000000001,3.0,8.700000000000001,inspect_top60_consequence_no_graph,top_consequence_no_graph,60,0.05,budget_only,63,4.961178060183272,331.25579479659024
175.48946629426706,160.22142557009715,335.7108918643642,30,1.5,8.700000000000001,1.5,8.700000000000001,inspect_top30_uncertainty_x_consequence,top_uncertainty_consequence,30,0.05,budget_only,63,4.455097067773977,331.25579479659024
176.50853129962246,160.08447411294395,336.5930054125664,60,3.0,8.700000000000001,3.0,8.700000000000001,inspect_top60_uncertainty_x_consequence,top_uncertainty_consequence,60,0.05,budget_only,63,5.337210615976176,331.25579479659024
175.4291886242733,160.22142557009715,335.65061419437046,30,1.5,8.700000000000001,1.5,8.700000000000001,inspect_top30_uncertainty_x_graph_consequence,top_uncertainty_graph_consequence,30,0.05,budget_only,63,4.394819397780225,331.25579479659024
176.52126273543684,160.12229842318175,336.6435611586186,60,3.0,8.700000000000001,3.0,8.700000000000001,inspect_top60_uncertainty_x_graph_consequence,top_uncertainty_graph_consequence,60,0.05,budget_only,63,5.387766362028344,331.25579479659024
176.85547358190917,161.25576846160573,338.1112420435149,60,3.0,8.700000000000001,3.0,8.700000000000001,inspect_random60,random,60,0.05,budget_only,63,6.855447246924655,331.25579479659024
170.08301361375504,153.2803527953888,323.36336640914385,30,1.5,8.700000000000001,1.5,8.700000000000001,inspect_top30_consequence,top_consequence,30,0.05,budget_only,64,5.170864487819642,318.1925019213242
170.619379913584,153.54175723177593,324.16113714535993,60,3.0,8.700000000000001,3.0,8.700000000000001,inspect_top60_consequence,top_consequence,60,0.05,budget_only,64,5.968635224035722,318.1925019213242
170.75085224604464,153.86520606444373,324.61605831048837,30,1.5,8.700000000000001,1.5,8.700000000000001,inspect_top30_consequence_no_graph,top_consequence_no_graph,30,0.05,budget_only,64,6.423556389164162,318.1925019213242
170.807710880393,153.57376258826378,324.38147346865674,60,3.0,8.700000000000001,3.0,8.700000000000001,inspect_top60_consequence_no_graph,top_consequence_no_graph,60,0.05,budget_only,64,6.188971547332528,318.1925019213242
169.97715128124955,155.13028333664124,325.1074346178908,30,1.5,8.700000000000001,1.5,8.700000000000001,inspect_top30_uncertainty_x_consequence,top_uncertainty_consequence,30,0.05,budget_only,64,6.914932696566609,318.1925019213242
170.2296592457426,154.0385175420171,324.26817678775967,60,3.0,8.700000000000001,3.0,8.700000000000001,inspect_top60_uncertainty_x_consequence,top_uncertainty_consequence,60,0.05,budget_only,64,6.075674866435463,318.1925019213242
168.4808299760479,154.46112847322837,322.9419584492763,30,1.5,8.700000000000001,1.5,8.700000000000001,inspect_top30_uncertainty_x_graph_consequence,top_uncertainty_graph_consequence,30,0.05,budget_only,64,4.749456527952077,318.1925019213242
169.783051951141,153.37923623327697,323.162288184418,60,3.0,8.700000000000001,3.0,8.700000000000001,inspect_top60_uncertainty_x_graph_consequence,top_uncertainty_graph_consequence,60,0.05,budget_only,64,4.969786263093795,318.1925019213242
170.19766712074576,155.20258388032755,325.40025100107334,60,3.0,8.700000000000001,3.0,8.700000000000001,inspect_random60,random,60,0.05,budget_only,64,7.207749079749135,318.1925019213242
163.36301512749188,146.76851258746694,310.1315277149588,30,1.5,8.700000000000001,1.5,8.700000000000001,inspect_top30_consequence,top_consequence,30,0.05,budget_only,65,2.2605903416423985,307.8709373733164
164.4557479848826,147.4791706515321,311.9349186364147,60,3.0,8.700000000000001,3.0,8.700000000000001,inspect_top60_consequence,top_consequence,60,0.05,budget_only,65,4.063981263098299,307.8709373733164
163.2340345963713,146.72490983101096,309.9589444273822,30,1.5,8.700000000000001,1.5,8.700000000000001,inspect_top30_consequence_no_graph,top_consequence_no_graph,30,0.05,budget_only,65,2.0880070540658267,307.8709373733164
164.10517165485336,146.88856417367867,310.99373582853207,60,3.0,8.700000000000001,3.0,8.700000000000001,inspect_top60_consequence_no_graph,top_consequence_no_graph,60,0.05,budget_only,65,3.1227984552156727,307.8709373733164
164.219058675992,147.94177775432505,312.16083643031703,30,1.5,8.700000000000001,1.5,8.700000000000001,inspect_top30_uncertainty_x_consequence,top_uncertainty_consequence,30,0.05,budget_only,65,4.289899057000639,307.8709373733164
164.86934890932613,148.1846439209451,313.0539928302712,60,3.0,8.700000000000001,3.0,8.700000000000001,inspect_top60_uncertainty_x_consequence,top_uncertainty_consequence,60,0.05,budget_only,65,5.183055456954833,307.8709373733164
164.2495110455759,147.82090801261205,312.07041905818795,30,1.5,8.700000000000001,1.5,8.700000000000001,inspect_top30_uncertainty_x_graph_consequence,top_uncertainty_graph_consequence,30,0.05,budget_only,65,4.199481684871557,307.8709373733164
164.82945554375488,148.2039020976269,313.03335764138177,60,3.0,8.700000000000001,3.0,8.700000000000001,inspect_top60_uncertainty_x_graph_consequence,top_uncertainty_graph_consequence,60,0.05,budget_only,65,5.162420268065375,307.8709373733164
162.65630365121098,147.69554553326202,310.351849184473,60,3.0,8.700000000000001,3.0,8.700000000000001,inspect_random60,random,60,0.05,budget_only,65,2.480911811156602,307.8709373733164
179.19783682207174,162.56915629518735,341.76699311725906,30,1.5,8.700000000000001,1.5,8.700000000000001,inspect_top30_consequence,top_consequence,30,0.05,budget_only,66,4.593815831439883,337.1731772858192
179.5176206099232,162.4533089732758,341.970929583199,60,3.0,8.700000000000001,3.0,8.700000000000001,inspect_top60_consequence,top_consequence,60,0.05,budget_only,66,4.797752297379816,337.1731772858192
179.62234163426794,162.7197985512208,342.34214018548874,30,1.5,8.700000000000001,1.5,8.700000000000001,inspect_top30_consequence_no_graph,top_consequence_no_graph,30,0.05,budget_only,66,5.168962899669566,337.1731772858192
179.97224920695538,162.86116092031602,342.8334101272714,60,3.0,8.700000000000001,3.0,8.700000000000001,inspect_top60_consequence_no_graph,top_consequence_no_graph,60,0.05,budget_only,66,5.660232841452228,337.1731772858192
179.17736116859803,163.3742327646982,342.5515939332962,30,1.5,8.700000000000001,1.5,8.700000000000001,inspect_top30_uncertainty_x_consequence,top_uncertainty_consequence,30,0.05,budget_only,66,5.3784166474770245,337.1731772858192
180.01952140141424,163.62647430771722,343.64599570913145,60,3.0,8.700000000000001,3.0,8.700000000000001,inspect_top60_uncertainty_x_consequence,top_uncertainty_consequence,60,0.05,budget_only,66,6.472818423312276,337.1731772858192
179.006064634881,163.21383854292537,342.2199031778064,30,1.5,8.700000000000001,1.5,8.700000000000001,inspect_top30_uncertainty_x_graph_consequence,top_uncertainty_graph_consequence,30,0.05,budget_only,66,5.046725891987194,337.1731772858192
180.15346477606812,163.83398872600327,343.9874535020714,60,3.0,8.700000000000001,3.0,8.700000000000001,inspect_top60_uncertainty_x_graph_consequence,top_uncertainty_graph_consequence,60,0.05,budget_only,66,6.81427621625221,337.1731772858192
179.18283567753153,164.00934501952287,343.19218069705437,60,3.0,8.700000000000001,3.0,8.700000000000001,inspect_random60,random,60,0.05,budget_only,66,6.01900341123519,337.1731772858192
166.552850711948,150.3831219315642,316.9359726435122,30,1.5,8.700000000000001,1.5,8.700000000000001,inspect_top30_consequence,top_consequence,30,0.05,budget_only,67,4.466929303220127,312.46904334029205
167.0816333801426,150.0566236804477,317.13825706059026,60,3.0,8.700000000000001,3.0,8.700000000000001,inspect_top60_consequence,top_consequence,60,0.05,budget_only,67,4.669213720298217,312.46904334029205
166.96634902201023,150.6219580199733,317.5883070419835,30,1.5,8.700000000000001,1.5,8.700000000000001,inspect_top30_consequence_no_graph,top_consequence_no_graph,30,0.05,budget_only,67,5.119263701691466,312.46904334029205
167.40946696498253,150.2360428548575,317.64550981984,60,3.0,8.700000000000001,3.0,8.700000000000001,inspect_top60_consequence_no_graph,top_consequence_no_graph,60,0.05,budget_only,67,5.176466479547969,312.46904334029205
166.85751135113418,150.71085304025829,317.5683643913925,30,1.5,8.700000000000001,1.5,8.700000000000001,inspect_top30_uncertainty_x_consequence,top_uncertainty_consequence,30,0.05,budget_only,67,5.099321051100446,312.46904334029205
167.31407128038015,150.88175966295879,318.19583094333893,60,3.0,8.700000000000001,3.0,8.700000000000001,inspect_top60_uncertainty_x_consequence,top_uncertainty_consequence,60,0.05,budget_only,67,5.726787603046887,312.46904334029205
166.78022917474584,150.7550969580068,317.53532613275263,30,1.5,8.700000000000001,1.5,8.700000000000001,inspect_top30_uncertainty_x_graph_consequence,top_uncertainty_graph_consequence,30,0.05,budget_only,67,5.0662827924605836,312.46904334029205
166.99132901732742,150.50464528267617,317.4959743000036,60,3.0,8.700000000000001,3.0,8.700000000000001,inspect_top60_uncertainty_x_graph_consequence,top_uncertainty_graph_consequence,60,0.05,budget_only,67,5.026930959711535,312.46904334029205
165.72162001186342,149.9844488483434,315.7060688602068,60,3.0,8.700000000000001,3.0,8.700000000000001,inspect_random60,random,60,0.05,budget_only,67,3.2370255199147664,312.46904334029205
176.08951953539872,159.19046901208048,335.2799885474792,30,1.5,8.700000000000001,1.5,8.700000000000001,inspect_top30_consequence,top_consequence,30,0.05,budget_only,68,8.544059261625705,326.7359292858535
175.2374071921526,158.1722548752462,333.4096620673988,60,3.0,8.700000000000001,3.0,8.700000000000001,inspect_top60_consequence,top_consequence,60,0.05,budget_only,68,6.673732781545311,326.7359292858535
174.76758227582926,157.47386785936732,332.2414501351966,30,1.5,8.700000000000001,1.5,8.700000000000001,inspect_top30_consequence_no_graph,top_consequence_no_graph,30,0.05,budget_only,68,5.5055208493431,326.7359292858535
175.25298580717424,157.9123344264411,333.1653202336154,60,3.0,8.700000000000001,3.0,8.700000000000001,inspect_top60_consequence_no_graph,top_consequence_no_graph,60,0.05,budget_only,68,6.429390947761874,326.7359292858535
174.8312173516014,159.1912199026722,334.0224372542736,30,1.5,8.700000000000001,1.5,8.700000000000001,inspect_top30_uncertainty_x_consequence,top_uncertainty_consequence,30,0.05,budget_only,68,7.286507968420096,326.7359292858535
175.32274457394334,159.10308250814487,334.4258270820882,60,3.0,8.700000000000001,3.0,8.700000000000001,inspect_top60_uncertainty_x_consequence,top_uncertainty_consequence,60,0.05,budget_only,68,7.689897796234675,326.7359292858535
174.96072837034205,159.1912199026722,334.1519482730142,30,1.5,8.700000000000001,1.5,8.700000000000001,inspect_top30_uncertainty_x_graph_consequence,top_uncertainty_graph_consequence,30,0.05,budget_only,68,7.416018987160726,326.7359292858535
174.56719251089652,158.39153234518812,332.95872485608464,60,3.0,8.700000000000001,3.0,8.700000000000001,inspect_top60_uncertainty_x_graph_consequence,top_uncertainty_graph_consequence,60,0.05,budget_only,68,6.222795570231142,326.7359292858535
174.8131709549732,160.36111180659123,335.1742827615644,60,3.0,8.700000000000001,3.0,8.700000000000001,inspect_random60,random,60,0.05,budget_only,68,8.438353475710926,326.7359292858535
181.30718622880897,165.50054828204708,346.80773451085605,30,1.5,8.700000000000001,1.5,8.700000000000001,inspect_top30_consequence,top_consequence,30,0.05,budget_only,69,3.641333062519891,343.16640144833616
182.24348011888262,165.2995874859359,347.5430676048185,60,3.0,8.700000000000001,3.0,8.700000000000001,inspect_top60_consequence,top_consequence,60,0.05,budget_only,69,4.376666156482315,343.16640144833616
182.2577883800663,165.98278365546247,348.24057203552877,30,1.5,8.700000000000001,1.5,8.700000000000001,inspect_top30_consequence_no_graph,top_consequence_no_graph,30,0.05,budget_only,69,5.0741705871926115,343.16640144833616
182.5994069788303,165.22595249250264,347.82535947133294,60,3.0,8.700000000000001,3.0,8.700000000000001,inspect_top60_consequence_no_graph,top_consequence_no_graph,60,0.05,budget_only,69,4.658958022996785,343.16640144833616
182.1052781176299,167.4181110989976,349.5233892166275,30,1.5,8.700000000000001,1.5,8.700000000000001,inspect_top30_uncertainty_x_consequence,top_uncertainty_consequence,30,0.05,budget_only,69,6.356987768291333,343.16640144833616
182.75098979990685,166.21229010181185,348.9632799017187,60,3.0,8.700000000000001,3.0,8.700000000000001,inspect_top60_uncertainty_x_consequence,top_uncertainty_consequence,60,0.05,budget_only,69,5.796878453382533,343.16640144833616
182.56161565352164,167.37043643104943,349.93205208457107,30,1.5,8.700000000000001,1.5,8.700000000000001,inspect_top30_uncertainty_x_graph_consequence,top_uncertainty_graph_consequence,30,0.05,budget_only,69,6.765650636234909,343.16640144833616
182.42316729516,165.93305488909544,348.35622218425544,60,3.0,8.700000000000001,3.0,8.700000000000001,inspect_top60_uncertainty_x_graph_consequence,top_uncertainty_graph_consequence,60,0.05,budget_only,69,5.189820735919284,343.16640144833616
181.82241472066542,166.9399316431851,348.7623463638505,60,3.0,8.700000000000001,3.0,8.700000000000001,inspect_random60,random,60,0.05,budget_only,69,5.5959449155143375,343.16640144833616
158.32837158386508,142.4849557311174,300.8133273149825,30,1.5,8.700000000000001,1.5,8.700000000000001,inspect_top30_consequence,top_consequence,30,0.05,budget_only,70,3.2854651180123255,297.52786219697015
159.44666995947136,142.52316871850184,301.9698386779732,60,3.0,8.700000000000001,3.0,8.700000000000001,inspect_top60_consequence,top_consequence,60,0.05,budget_only,70,4.441976481003053,297.52786219697015
158.34131062576165,142.08410702009823,300.42541764585985,30,1.5,8.700000000000001,1.5,8.700000000000001,inspect_top30_consequence_no_graph,top_consequence_no_graph,30,0.05,budget_only,70,2.8975554488897046,297.52786219697015
158.93562671917698,141.81873063032504,300.754357349502,60,3.0,8.700000000000001,3.0,8.700000000000001,inspect_top60_consequence_no_graph,top_consequence_no_graph,60,0.05,budget_only,70,3.226495152531868,297.52786219697015
159.60920068610616,144.27325297988017,303.8824536659863,30,1.5,8.700000000000001,1.5,8.700000000000001,inspect_top30_uncertainty_x_consequence,top_uncertainty_consequence,30,0.05,budget_only,70,6.354591469016157,297.52786219697015
159.4933829591362,143.26573743045492,302.7591203895911,60,3.0,8.700000000000001,3.0,8.700000000000001,inspect_top60_uncertainty_x_consequence,top_uncertainty_consequence,60,0.05,budget_only,70,5.231258192620942,297.52786219697015
159.53860477962297,144.22643442583666,303.76503920545963,30,1.5,8.700000000000001,1.5,8.700000000000001,inspect_top30_uncertainty_x_graph_consequence,top_uncertainty_graph_consequence,30,0.05,budget_only,70,6.237177008489482,297.52786219697015
159.48648351604942,143.27963766714197,302.7661211831914,60,3.0,8.700000000000001,3.0,8.700000000000001,inspect_top60_uncertainty_x_graph_consequence,top_uncertainty_graph_consequence,60,0.05,budget_only,70,5.23825898622124,297.52786219697015
158.693629705164,143.6502292727123,302.34385897787627,60,3.0,8.700000000000001,3.0,8.700000000000001,inspect_random60,random,60,0.05,budget_only,70,4.815996780906119,297.52786219697015
160.1113317182872,144.61793377317207,304.7292654914593,30,1.5,8.700000000000001,1.5,8.700000000000001,inspect_top30_consequence,top_consequence,30,0.05,budget_only,71,3.298907439531831,301.43035805192744
161.0496970043426,144.3715284848783,305.4212254892209,60,3.0,8.700000000000001,3.0,8.700000000000001,inspect_top60_consequence,top_consequence,60,0.05,budget_only,71,3.9908674372934456,301.43035805192744
160.33534565980932,144.57592369806483,304.9112693578742,30,1.5,8.700000000000001,1.5,8.700000000000001,inspect_top30_consequence_no_graph,top_consequence_no_graph,30,0.05,budget_only,71,3.4809113059467336,301.43035805192744
161.0100683582004,144.11594018227174,305.1260085404722,60,3.0,8.700000000000001,3.0,8.700000000000001,inspect_top60_consequence_no_graph,top_consequence_no_graph,60,0.05,budget_only,71,3.695650488544743,301.43035805192744
160.24147046877712,145.1796621431939,305.421132611971,30,1.5,8.700000000000001,1.5,8.700000000000001,inspect_top30_uncertainty_x_consequence,top_uncertainty_consequence,30,0.05,budget_only,71,3.990774560043576,301.43035805192744
160.76710719534657,144.8259618317996,305.59306902714616,60,3.0,8.700000000000001,3.0,8.700000000000001,inspect_top60_uncertainty_x_consequence,top_uncertainty_consequence,60,0.05,budget_only,71,4.162710975218715,301.43035805192744
159.92297714701647,145.48174535912966,305.40472250614613,30,1.5,8.700000000000001,1.5,8.700000000000001,inspect_top30_uncertainty_x_graph_consequence,top_uncertainty_graph_consequence,30,0.05,budget_only,71,3.974364454218687,301.43035805192744
161.24205016587965,145.18459965186955,306.4266498177492,60,3.0,8.700000000000001,3.0,8.700000000000001,inspect_top60_uncertainty_x_graph_consequence,top_uncertainty_graph_consequence,60,0.05,budget_only,71,4.996291765821752,301.43035805192744
160.4596584418379,145.84315545282072,306.3028138946586,60,3.0,8.700000000000001,3.0,8.700000000000001,inspect_random60,random,60,0.05,budget_only,71,4.872455842731142,301.43035805192744
184.08339684966103,167.3281322509759,351.4115291006369,30,1.5,8.700000000000001,1.5,8.700000000000001,inspect_top30_consequence,top_consequence,30,0.05,budget_only,72,3.906796748930674,347.50473235170625
183.81234797439828,167.2176987614777,351.030046735876,60,3.0,8.700000000000001,3.0,8.700000000000001,inspect_top60_consequence,top_consequence,60,0.05,budget_only,72,3.5253143841697465,347.50473235170625
183.9972985370382,166.92098492551088,350.9182834625491,30,1.5,8.700000000000001,1.5,8.700000000000001,inspect_top30_consequence_no_graph,top_consequence_no_graph,30,0.05,budget_only,72,3.413551110842832,347.50473235170625
184.27050660714465,166.98005171964803,351.25055832679266,60,3.0,8.700000000000001,3.0,8.700000000000001,inspect_top60_consequence_no_graph,top_consequence_no_graph,60,0.05,budget_only,72,3.7458259750864045,347.50473235170625
184.0920598606962,167.9780415160686,352.0701013767648,30,1.5,8.700000000000001,1.5,8.700000000000001,inspect_top30_uncertainty_x_consequence,top_uncertainty_consequence,30,0.05,budget_only,72,4.565369025058544,347.50473235170625
183.18377165257996,166.90274651123477,350.08651816381473,60,3.0,8.700000000000001,3.0,8.700000000000001,inspect_top60_uncertainty_x_consequence,top_uncertainty_consequence,60,0.05,budget_only,72,2.5817858121084782,347.50473235170625
183.7431103457262,167.54686052421724,351.28997086994343,30,1.5,8.700000000000001,1.5,8.700000000000001,inspect_top30_uncertainty_x_graph_consequence,top_uncertainty_graph_consequence,30,0.05,budget_only,72,3.785238518237179,347.50473235170625
183.65758097202098,167.33992716377068,350.9975081357917,60,3.0,8.700000000000001,3.0,8.700000000000001,inspect_top60_uncertainty_x_graph_consequence,top_uncertainty_graph_consequence,60,0.05,budget_only,72,3.4927757840854383,347.50473235170625
183.8258487274566,167.5861174011126,351.4119661285692,60,3.0,8.700000000000001,3.0,8.700000000000001,inspect_random60,random,60,0.05,budget_only,72,3.907233776862938,347.50473235170625
163.85590278749868,147.28175981185206,311.13766259935073,30,1.5,8.700000000000001,1.5,8.700000000000001,inspect_top30_consequence,top_consequence,30,0.05,budget_only,73,6.801324154839108,304.3363384445116
162.60381287407031,145.98108645733817,308.58489933140845,60,3.0,8.700000000000001,3.0,8.700000000000001,inspect_top60_consequence,top_consequence,60,0.05,budget_only,73,4.248560886896826,304.3363384445116
162.43264418217584,146.52740518684385,308.96004936901966,30,1.5,8.700000000000001,1.5,8.700000000000001,inspect_top30_consequence_no_graph,top_consequence_no_graph,30,0.05,budget_only,73,4.623710924508032,304.3363384445116
163.3305129741109,145.96106724636792,309.2915802204788,60,3.0,8.700000000000001,3.0,8.700000000000001,inspect_top60_consequence_no_graph,top_consequence_no_graph,60,0.05,budget_only,73,4.955241775967181,304.3363384445116
163.29276580291753,148.12351164612315,311.41627744904065,30,1.5,8.700000000000001,1.5,8.700000000000001,inspect_top30_uncertainty_x_consequence,top_uncertainty_consequence,30,0.05,budget_only,73,7.079939004529024,304.3363384445116
163.56476908979158,147.48056135699704,311.0453304467886,60,3.0,8.700000000000001,3.0,8.700000000000001,inspect_top60_uncertainty_x_consequence,top_uncertainty_consequence,60,0.05,budget_only,73,6.708992002277,304.3363384445116
162.72393285498623,147.58004448923862,310.30397734422485,30,1.5,8.700000000000001,1.5,8.700000000000001,inspect_top30_uncertainty_x_graph_consequence,top_uncertainty_graph_consequence,30,0.05,budget_only,73,5.967638899713222,304.3363384445116
164.2901493478039,148.0529398313153,312.3430891791192,60,3.0,8.700000000000001,3.0,8.700000000000001,inspect_top60_uncertainty_x_graph_consequence,top_uncertainty_graph_consequence,60,0.05,budget_only,73,8.006750734607579,304.3363384445116
162.5370249524263,147.6869937717259,310.2240187241522,60,3.0,8.700000000000001,3.0,8.700000000000001,inspect_random60,random,60,0.05,budget_only,73,5.887680279640563,304.3363384445116
165.1714557626745,149.05346538815118,314.2249211508257,30,1.5,8.700000000000001,1.5,8.700000000000001,inspect_top30_consequence,top_consequence,30,0.05,budget_only,74,4.523329714538818,309.7015914362869
166.03704207645495,148.94950294711222,314.98654502356715,60,3.0,8.700000000000001,3.0,8.700000000000001,inspect_top60_consequence,top_consequence,60,0.05,budget_only,74,5.284953587280256,309.7015914362869
165.38269117273444,149.18432880390984,314.56701997664425,30,1.5,8.700000000000001,1.5,8.700000000000001,inspect_top30_consequence_no_graph,top_consequence_no_graph,30,0.05,budget_only,74,4.865428540357357,309.7015914362869
165.03784257353664,147.6386427738516,312.6764853473882,60,3.0,8.700000000000001,3.0,8.700000000000001,inspect_top60_consequence_no_graph,top_consequence_no_graph,60,0.05,budget_only,74,2.974893911101333,309.7015914362869
165.61662308898502,149.53588603868107,315.1525091276661,30,1.5,8.700000000000001,1.5,8.700000000000001,inspect_top30_uncertainty_x_consequence,top_uncertainty_consequence,30,0.05,budget_only,74,5.450917691379232,309.7015914362869
166.21013600346137,149.50794591234273,315.7180819158041,60,3.0,8.700000000000001,3.0,8.700000000000001,inspect_top60_uncertainty_x_consequence,top_uncertainty_consequence,60,0.05,budget_only,74,6.016490479517188,309.7015914362869
165.07504295841846,149.25837515452707,314.33341811294554,30,1.5,8.700000000000001,1.5,8.700000000000001,inspect_top30_uncertainty_x_graph_consequence,top_uncertainty_graph_consequence,30,0.05,budget_only,74,4.631826676658648,309.7015914362869
166.87521642141834,150.1617079133399,317.0369243347583,60,3.0,8.700000000000001,3.0,8.700000000000001,inspect_top60_uncertainty_x_graph_consequence,top_uncertainty_graph_consequence,60,0.05,budget_only,74,7.335332898471393,309.7015914362869
164.59686179238128,149.75037158124724,314.3472333736285,60,3.0,8.700000000000001,3.0,8.700000000000001,inspect_random60,random,60,0.05,budget_only,74,4.6456419373416225,309.7015914362869
175.70990987251457,158.86406639281563,334.5739762653302,30,1.5,8.700000000000001,1.5,8.700000000000001,inspect_top30_consequence,top_consequence,30,0.05,budget_only,75,4.330471887016245,330.24350437831396
175.84928858969002,158.9106924040659,334.7599809937559,60,3.0,8.700000000000001,3.0,8.700000000000001,inspect_top60_consequence,top_consequence,60,0.05,budget_only,75,4.516476615441945,330.24350437831396
175.81331797531436,159.5824949533707,335.3958129286851,30,1.5,8.700000000000001,1.5,8.700000000000001,inspect_top30_consequence_no_graph,top_consequence_no_graph,30,0.05,budget_only,75,5.152308550371117,330.24350437831396
176.87241325903426,159.57718762066781,336.4496008797021,60,3.0,8.700000000000001,3.0,8.700000000000001,inspect_top60_consequence_no_graph,top_consequence_no_graph,60,0.05,budget_only,75,6.206096501388117,330.24350437831396
176.30531865933258,160.2610935201212,336.5664121794538,30,1.5,8.700000000000001,1.5,8.700000000000001,inspect_top30_uncertainty_x_consequence,top_uncertainty_consequence,30,0.05,budget_only,75,6.32290780113982,330.24350437831396
176.19060960988338,159.76902266359127,335.95963227347465,60,3.0,8.700000000000001,3.0,8.700000000000001,inspect_top60_uncertainty_x_consequence,top_uncertainty_consequence,60,0.05,budget_only,75,5.716127895160696,330.24350437831396
175.63579737693377,159.7679290772338,335.40372645416755,30,1.5,8.700000000000001,1.5,8.700000000000001,inspect_top30_uncertainty_x_graph_consequence,top_uncertainty_graph_consequence,30,0.05,budget_only,75,5.160222075853596,330.24350437831396
175.58078988321688,159.21434533173945,334.7951352149563,60,3.0,8.700000000000001,3.0,8.700000000000001,inspect_top60_uncertainty_x_graph_consequence,top_uncertainty_graph_consequence,60,0.05,budget_only,75,4.551630836642346,330.24350437831396
175.1744388630103,159.8808956719772,335.05533453498754,60,3.0,8.700000000000001,3.0,8.700000000000001,inspect_random60,random,60,0.05,budget_only,75,4.8118301566735795,330.24350437831396
179.6238183064434,163.38013707745722,343.00395538390063,30,1.5,8.700000000000001,1.5,8.700000000000001,inspect_top30_consequence,top_consequence,30,0.05,budget_only,76,4.181615981975824,338.8223394019248
179.64171996017723,162.5826117268951,342.2243316870723,60,3.0,8.700000000000001,3.0,8.700000000000001,inspect_top60_consequence,top_consequence,60,0.05,budget_only,76,3.4019922851475144,338.8223394019248
180.51777056035527,163.52174978204567,344.0395203424009,30,1.5,8.700000000000001,1.5,8.700000000000001,inspect_top30_consequence_no_graph,top_consequence_no_graph,30,0.05,budget_only,76,5.217180940476112,338.8223394019248
180.89284277084192,163.66887905818777,344.5617218290297,60,3.0,8.700000000000001,3.0,8.700000000000001,inspect_top60_consequence_no_graph,top_consequence_no_graph,60,0.05,budget_only,76,5.739382427104886,338.8223394019248
179.89546467768702,164.5445267742391,344.4399914519261,30,1.5,8.700000000000001,1.5,8.700000000000001,inspect_top30_uncertainty_x_consequence,top_uncertainty_consequence,30,0.05,budget_only,76,5.617652050001311,338.8223394019248
180.15103746779656,163.86528527008306,344.0163227378796,60,3.0,8.700000000000001,3.0,8.700000000000001,inspect_top60_uncertainty_x_consequence,top_uncertainty_consequence,60,0.05,budget_only,76,5.193983335954783,338.8223394019248
179.25787945895885,164.0351989014761,343.29307836043495,30,1.5,8.700000000000001,1.5,8.700000000000001,inspect_top30_uncertainty_x_graph_consequence,top_uncertainty_graph_consequence,30,0.05,budget_only,76,4.47073895851014,338.8223394019248
180.163283549384,163.8593230477518,344.0226065971358,60,3.0,8.700000000000001,3.0,8.700000000000001,inspect_top60_uncertainty_x_graph_consequence,top_uncertainty_graph_consequence,60,0.05,budget_only,76,5.200267195210984,338.8223394019248
180.42295487065755,164.88833324892863,345.31128811958615,60,3.0,8.700000000000001,3.0,8.700000000000001,inspect_random60,random,60,0.05,budget_only,76,6.488948717661344,338.8223394019248
178.20757546561566,161.88958589851768,340.09716136413334,30,1.5,8.700000000000001,1.5,8.700000000000001,inspect_top30_consequence,top_consequence,30,0.05,budget_only,77,4.614571377447021,335.4825899866863
178.35359370548554,161.38671127002652,339.74030497551206,60,3.0,8.700000000000001,3.0,8.700000000000001,inspect_top60_consequence,top_consequence,60,0.05,budget_only,77,4.2577149888257395,335.4825899866863
178.09884158197292,161.89191241181732,339.99075399379024,30,1.5,8.700000000000001,1.5,8.700000000000001,inspect_top30_consequence_no_graph,top_consequence_no_graph,30,0.05,budget_only,77,4.508164007103915,335.4825899866863
178.568146285789,161.38263826078253,339.9507845465715,60,3.0,8.700000000000001,3.0,8.700000000000001,inspect_top60_consequence_no_graph,top_consequence_no_graph,60,0.05,budget_only,77,4.468194559885205,335.4825899866863
178.7750039755803,162.57812486132372,341.35312883690403,30,1.5,8.700000000000001,1.5,8.700000000000001,inspect_top30_uncertainty_x_consequence,top_uncertainty_consequence,30,0.05,budget_only,77,5.870538850217713,335.4825899866863
179.41483068952678,162.99834523531365,342.4131759248404,60,3.0,8.700000000000001,3.0,8.700000000000001,inspect_top60_uncertainty_x_consequence,top_uncertainty_consequence,60,0.05,budget_only,77,6.930585938154081,335.4825899866863
177.97784168352752,162.45322774457514,340.43106942810266,30,1.5,8.700000000000001,1.5,8.700000000000001,inspect_top30_uncertainty_x_graph_consequence,top_uncertainty_graph_consequence,30,0.05,budget_only,77,4.948479441416339,335.4825899866863
178.3113621577251,162.0933022572621,340.4046644149872,60,3.0,8.700000000000001,3.0,8.700000000000001,inspect_top60_uncertainty_x_graph_consequence,top_uncertainty_graph_consequence,60,0.05,budget_only,77,4.922074428300903,335.4825899866863
178.04639654339343,162.0589323424135,340.1053288858069,60,3.0,8.700000000000001,3.0,8.700000000000001,inspect_random60,random,60,0.05,budget_only,77,4.622738899120577,335.4825899866863
160.79040761199877,144.8141670516359,305.6045746636347,30,1.5,8.700000000000001,1.5,8.700000000000001,inspect_top30_consequence,top_consequence,30,0.05,budget_only,78,4.287068720548973,301.31750594308573
161.96015855455698,145.16176995059695,307.12192850515396,60,3.0,8.700000000000001,3.0,8.700000000000001,inspect_top60_consequence,top_consequence,60,0.05,budget_only,78,5.8044225620682255,301.31750594308573
160.03181152360364,144.63133861948035,304.66315014308395,30,1.5,8.700000000000001,1.5,8.700000000000001,inspect_top30_consequence_no_graph,top_consequence_no_graph,30,0.05,budget_only,78,3.345644199998219,301.31750594308573
161.70151090113902,144.69666125668462,306.39817215782364,60,3.0,8.700000000000001,3.0,8.700000000000001,inspect_top60_consequence_no_graph,top_consequence_no_graph,60,0.05,budget_only,78,5.080666214737903,301.31750594308573
160.84035987730522,144.73959473337118,305.5799546106764,30,1.5,8.700000000000001,1.5,8.700000000000001,inspect_top30_uncertainty_x_consequence,top_uncertainty_consequence,30,0.05,budget_only,78,4.262448667590661,301.31750594308573
160.40254883918448,144.27282087935404,304.6753697185385,60,3.0,8.700000000000001,3.0,8.700000000000001,inspect_top60_uncertainty_x_consequence,top_uncertainty_consequence,60,0.05,budget_only,78,3.3578637754527563,301.31750594308573
160.50813375312805,144.30841444362994,304.816548196758,30,1.5,8.700000000000001,1.5,8.700000000000001,inspect_top30_uncertainty_x_graph_consequence,top_uncertainty_graph_consequence,30,0.05,budget_only,78,3.4990422536722576,301.31750594308573
159.90962342428534,143.77945127950477,303.6890747037901,60,3.0,8.700000000000001,3.0,8.700000000000001,inspect_top60_uncertainty_x_graph_consequence,top_uncertainty_graph_consequence,60,0.05,budget_only,78,2.371568760704349,301.31750594308573
159.80949346566908,144.42151007969647,304.2310035453655,60,3.0,8.700000000000001,3.0,8.700000000000001,inspect_random60,random,60,0.05,budget_only,78,2.91349760227979,301.31750594308573
177.26004279230582,160.27516259228832,337.5352053845942,30,1.5,8.700000000000001,1.5,8.700000000000001,inspect_top30_consequence,top_consequence,30,0.05,budget_only,79,3.3253488678323606,334.2098565167618
178.0301527928388,160.91977113960598,338.9499239324448,60,3.0,8.700000000000001,3.0,8.700000000000001,inspect_top60_consequence,top_consequence,60,0.05,budget_only,79,4.740067415682972,334.2098565167618
177.11442568168627,160.0507699607868,337.16519564247307,30,1.5,8.700000000000001,1.5,8.700000000000001,inspect_top30_consequence_no_graph,top_consequence_no_graph,30,0.05,budget_only,79,2.955339125711248,334.2098565167618
177.33003140272444,160.13443907774862,337.4644704804731,60,3.0,8.700000000000001,3.0,8.700000000000001,inspect_top60_consequence_no_graph,top_consequence_no_graph,60,0.05,budget_only,79,3.2546139637112788,334.2098565167618
176.79183076097303,160.6105789328018,337.4024096937748,30,1.5,8.700000000000001,1.5,8.700000000000001,inspect_top30_uncertainty_x_consequence,top_uncertainty_consequence,30,0.05,budget_only,79,3.1925531770129965,334.2098565167618
177.89422480149565,161.18226424428266,339.0764890457783,60,3.0,8.700000000000001,3.0,8.700000000000001,inspect_top60_uncertainty_x_consequence,top_uncertainty_consequence,60,0.05,budget_only,79,4.866632529016499,334.2098565167618
176.7908400721796,160.63853813293616,337.42937820511577,30,1.5,8.700000000000001,1.5,8.700000000000001,inspect_top30_uncertainty_x_graph_consequence,top_uncertainty_graph_consequence,30,0.05,budget_only,79,3.21952168835395,334.2098565167618
177.86783640432296,161.1202667408367,338.9881031451597,60,3.0,8.700000000000001,3.0,8.700000000000001,inspect_top60_uncertainty_x_graph_consequence,top_uncertainty_graph_consequence,60,0.05,budget_only,79,4.778246628397881,334.2098565167618
176.65781507518136,160.86044273295437,337.51825780813573,60,3.0,8.700000000000001,3.0,8.700000000000001,inspect_random60,random,60,0.05,budget_only,79,3.3084012913739116,334.2098565167618
159.29426970865381,143.37326566642048,302.6675353750743,30,1.5,8.700000000000001,1.5,8.700000000000001,inspect_top30_consequence,top_consequence,30,0.05,budget_only,80,6.877388481496496,295.7901468935778
159.13193489843093,142.31259330047575,301.4445281989067,60,3.0,8.700000000000001,3.0,8.700000000000001,inspect_top60_consequence,top_consequence,60,0.05,budget_only,80,5.654381305328911,295.7901468935778
160.09069703353708,144.25544776645265,304.3461447999897,30,1.5,8.700000000000001,1.5,8.700000000000001,inspect_top30_consequence_no_graph,top_consequence_no_graph,30,0.05,budget_only,80,8.555997906411903,295.7901468935778
160.5696279830551,143.7152273176159,304.284855300671,60,3.0,8.700000000000001,3.0,8.700000000000001,inspect_top60_consequence_no_graph,top_consequence_no_graph,60,0.05,budget_only,80,8.494708407093185,295.7901468935778
159.54803539787616,145.06749579931653,304.6155311971927,30,1.5,8.700000000000001,1.5,8.700000000000001,inspect_top30_uncertainty_x_consequence,top_uncertainty_consequence,30,0.05,budget_only,80,8.825384303614896,295.7901468935778
159.3065223942836,143.38742299532916,302.69394538961274,60,3.0,8.700000000000001,3.0,8.700000000000001,inspect_top60_uncertainty_x_consequence,top_uncertainty_consequence,60,0.05,budget_only,80,6.903798496034938,295.7901468935778
158.91114111267188,145.0833341189442,303.9944752316161,30,1.5,8.700000000000001,1.5,8.700000000000001,inspect_top30_uncertainty_x_graph_consequence,top_uncertainty_graph_consequence,30,0.05,budget_only,80,8.204328338038295,295.7901468935778
158.89254943724393,142.8798333447359,301.77238278197984,60,3.0,8.700000000000001,3.0,8.700000000000001,inspect_top60_uncertainty_x_graph_consequence,top_uncertainty_graph_consequence,60,0.05,budget_only,80,5.982235888402045,295.7901468935778
158.35389086187996,144.37251591865254,302.7264067805325,60,3.0,8.700000000000001,3.0,8.700000000000001,inspect_random60,random,60,0.05,budget_only,80,6.936259886954701,295.7901468935778
166.7964867237118,151.27441111859218,318.070897842304,30,1.5,8.700000000000001,1.5,8.700000000000001,inspect_top30_consequence,top_consequence,30,0.05,budget_only,81,5.936452847157227,312.1344449951468
167.94329243503552,151.31142984420848,319.254722279244,60,3.0,8.700000000000001,3.0,8.700000000000001,inspect_top60_consequence,top_consequence,60,0.05,budget_only,81,7.120277284097199,312.1344449951468
166.37321467329514,150.47946227247775,316.8526769457729,30,1.5,8.700000000000001,1.5,8.700000000000001,inspect_top30_consequence_no_graph,top_consequence_no_graph,30,0.05,budget_only,81,4.718231950626091,312.1344449951468
167.44335275111598,150.35784861214682,317.8012013632628,60,3.0,8.700000000000001,3.0,8.700000000000001,inspect_top60_consequence_no_graph,top_consequence_no_graph,60,0.05,budget_only,81,5.666756368116012,312.1344449951468
166.45444369418644,151.39366334299882,317.8481070371853,30,1.5,8.700000000000001,1.5,8.700000000000001,inspect_top30_uncertainty_x_consequence,top_uncertainty_consequence,30,0.05,budget_only,81,5.713662042038493,312.1344449951468
167.81798930315887,151.9901077687569,319.80809707191577,60,3.0,8.700000000000001,3.0,8.700000000000001,inspect_top60_uncertainty_x_consequence,top_uncertainty_consequence,60,0.05,budget_only,81,7.673652076768974,312.1344449951468
165.7536696938348,151.17244150088393,316.9261111947187,30,1.5,8.700000000000001,1.5,8.700000000000001,inspect_top30_uncertainty_x_graph_consequence,top_uncertainty_graph_consequence,30,0.05,budget_only,81,4.791666199571921,312.1344449951468
167.5055201560319,151.74498615898278,319.2505063150147,60,3.0,8.700000000000001,3.0,8.700000000000001,inspect_top60_uncertainty_x_graph_consequence,top_uncertainty_graph_consequence,60,0.05,budget_only,81,7.116061319867924,312.1344449951468
165.79322434003188,151.21294673372816,317.00617107376,60,3.0,8.700000000000001,3.0,8.700000000000001,inspect_random60,random,60,0.05,budget_only,81,4.8717260786132215,312.1344449951468
172.2511371011596,156.1249121796734,328.376049280833,30,1.5,8.700000000000001,1.5,8.700000000000001,inspect_top30_consequence,top_consequence,30,0.05,budget_only,82,3.202307012338622,325.1737422684944
172.5906273426924,155.82362633129125,328.41425367398364,60,3.0,8.700000000000001,3.0,8.700000000000001,inspect_top60_consequence,top_consequence,60,0.05,budget_only,82,3.240511405489258,325.1737422684944
173.06618925033888,156.52398429264323,329.59017354298214,30,1.5,8.700000000000001,1.5,8.700000000000001,inspect_top30_consequence_no_graph,top_consequence_no_graph,30,0.05,budget_only,82,4.416431274487763,325.1737422684944
172.9882233892291,155.8502125885606,328.8384359777897,60,3.0,8.700000000000001,3.0,8.700000000000001,inspect_top60_consequence_no_graph,top_consequence_no_graph,60,0.05,budget_only,82,3.6646937092953067,325.1737422684944
172.61348295980426,157.18184494715666,329.7953279069609,30,1.5,8.700000000000001,1.5,8.700000000000001,inspect_top30_uncertainty_x_consequence,top_uncertainty_consequence,30,0.05,budget_only,82,4.621585638466513,325.1737422684944
173.182742438,156.94262860980143,330.1253710478014,60,3.0,8.700000000000001,3.0,8.700000000000001,inspect_top60_uncertainty_x_consequence,top_uncertainty_consequence,60,0.05,budget_only,82,4.951628779307043,325.1737422684944
172.3230727346048,157.0968786224221,329.4199513570269,30,1.5,8.700000000000001,1.5,8.700000000000001,inspect_top30_uncertainty_x_graph_consequence,top_uncertainty_graph_consequence,30,0.05,budget_only,82,4.24620908853251,325.1737422684944
173.15603184062817,157.02125927371117,330.17729111433937,60,3.0,8.700000000000001,3.0,8.700000000000001,inspect_top60_uncertainty_x_graph_consequence,top_uncertainty_graph_consequence,60,0.05,budget_only,82,5.003548845844989,325.1737422684944
172.64434410791796,156.92490401599233,329.56924812391026,60,3.0,8.700000000000001,3.0,8.700000000000001,inspect_random60,random,60,0.05,budget_only,82,4.395505855415877,325.1737422684944
174.85957696778527,159.14253348867794,334.00211045646324,30,1.5,8.700000000000001,1.5,8.700000000000001,inspect_top30_consequence,top_consequence,30,0.05,budget_only,83,5.041185754423793,328.96092470203945
174.64369937904905,157.98184879791722,332.6255481769663,60,3.0,8.700000000000001,3.0,8.700000000000001,inspect_top60_consequence,top_consequence,60,0.05,budget_only,83,3.6646234749268274,328.96092470203945
175.39161264374667,158.6061560669071,333.99776871065376,30,1.5,8.700000000000001,1.5,8.700000000000001,inspect_top30_consequence_no_graph,top_consequence_no_graph,30,0.05,budget_only,83,5.03684400861431,328.96092470203945
175.34976509186146,158.2103527353055,333.56011782716695,60,3.0,8.700000000000001,3.0,8.700000000000001,inspect_top60_consequence_no_graph,top_consequence_no_graph,60,0.05,budget_only,83,4.599193125127499,328.96092470203945
175.01054419446984,159.68187195619123,334.6924161506611,30,1.5,8.700000000000001,1.5,8.700000000000001,inspect_top30_uncertainty_x_consequence,top_uncertainty_consequence,30,0.05,budget_only,83,5.731491448621625,328.96092470203945
175.8963763619327,159.74899691543942,335.64537327737213,60,3.0,8.700000000000001,3.0,8.700000000000001,inspect_top60_uncertainty_x_consequence,top_uncertainty_consequence,60,0.05,budget_only,83,6.684448575332681,328.96092470203945
174.91880599561833,159.68187195619123,334.60067795180953,30,1.5,8.700000000000001,1.5,8.700000000000001,inspect_top30_uncertainty_x_graph_consequence,top_uncertainty_graph_consequence,30,0.05,budget_only,83,5.639753249770081,328.96092470203945
175.06034059684634,159.10396073567222,334.16430133251856,60,3.0,8.700000000000001,3.0,8.700000000000001,inspect_top60_uncertainty_x_graph_consequence,top_uncertainty_graph_consequence,60,0.05,budget_only,83,5.203376630479113,328.96092470203945
174.77250164186358,159.79796507348448,334.57046671534806,60,3.0,8.700000000000001,3.0,8.700000000000001,inspect_random60,random,60,0.05,budget_only,83,5.609542013308612,328.96092470203945
168.82590899727902,152.00145950245448,320.8273684997335,30,1.5,8.700000000000001,1.5,8.700000000000001,inspect_top30_consequence,top_consequence,30,0.05,budget_only,84,4.772562391877443,316.05480610785605
168.24275224658942,151.34748747235818,319.5902397189476,60,3.0,8.700000000000001,3.0,8.700000000000001,inspect_top60_consequence,top_consequence,60,0.05,budget_only,84,3.5354336110915483,316.05480610785605
168.32144748373472,151.3712081962878,319.69265568002254,30,1.5,8.700000000000001,1.5,8.700000000000001,inspect_top30_consequence_no_graph,top_consequence_no_graph,30,0.05,budget_only,84,3.6378495721664876,316.05480610785605
168.57794569947822,151.39108595132706,319.9690316508053,60,3.0,8.700000000000001,3.0,8.700000000000001,inspect_top60_consequence_no_graph,top_consequence_no_graph,60,0.05,budget_only,84,3.914225542949225,316.05480610785605
168.52685115704853,152.72826774985043,321.25511890689893,30,1.5,8.700000000000001,1.5,8.700000000000001,inspect_top30_uncertainty_x_consequence,top_uncertainty_consequence,30,0.05,budget_only,84,5.200312799042877,316.05480610785605
167.6012815720683,151.38484906181986,318.98613063388814,60,3.0,8.700000000000001,3.0,8.700000000000001,inspect_top60_uncertainty_x_consequence,top_uncertainty_consequence,60,0.05,budget_only,84,2.9313245260320855,316.05480610785605
168.38251338083006,152.23244217514224,320.6149555559723,30,1.5,8.700000000000001,1.5,8.700000000000001,inspect_top30_uncertainty_x_graph_consequence,top_uncertainty_graph_consequence,30,0.05,budget_only,84,4.560149448116249,316.05480610785605
167.20924771197667,151.139159849663,318.34840756163965,60,3.0,8.700000000000001,3.0,8.700000000000001,inspect_top60_uncertainty_x_graph_consequence,top_uncertainty_graph_consequence,60,0.05,budget_only,84,2.2936014537835945,316.05480610785605
168.74789853011828,153.01766559717316,321.76556412729144,60,3.0,8.700000000000001,3.0,8.700000000000001,inspect_random60,random,60,0.05,budget_only,84,5.710758019435389,316.05480610785605
175.50889154464528,159.08927511545193,334.5981666600972,30,1.5,8.700000000000001,1.5,8.700000000000001,inspect_top30_consequence,top_consequence,30,0.05,budget_only,85,3.468344830674596,331.1298218294226
176.1233149812964,159.14076246317953,335.2640774444759,60,3.0,8.700000000000001,3.0,8.700000000000001,inspect_top60_consequence,top_consequence,60,0.05,budget_only,85,4.134255615053291,331.1298218294226
175.61445674273278,159.06818045732558,334.68263720005837,30,1.5,8.700000000000001,1.5,8.700000000000001,inspect_top30_consequence_no_graph,top_consequence_no_graph,30,0.05,budget_only,85,3.5528153706357557,331.1298218294226
176.70946940343532,159.36848309569427,336.0779524991296,60,3.0,8.700000000000001,3.0,8.700000000000001,inspect_top60_consequence_no_graph,top_consequence_no_graph,60,0.05,budget_only,85,4.948130669706984,331.1298218294226
176.19494364023407,160.01927386544008,336.2142175056741,30,1.5,8.700000000000001,1.5,8.700000000000001,inspect_top30_uncertainty_x_consequence,top_uncertainty_consequence,30,0.05,budget_only,85,5.084395676251518,331.1298218294226
175.73814475166617,159.31371879562545,335.05186354729165,60,3.0,8.700000000000001,3.0,8.700000000000001,inspect_top60_uncertainty_x_consequence,top_uncertainty_consequence,60,0.05,budget_only,85,3.9220417178690354,331.1298218294226
175.75358343649225,159.32351093692282,335.0770943734151,30,1.5,8.700000000000001,1.5,8.700000000000001,inspect_top30_uncertainty_x_graph_consequence,top_uncertainty_graph_consequence,30,0.05,budget_only,85,3.947272543992483,331.1298218294226
174.95973304990113,158.54061125815093,333.50034430805204,60,3.0,8.700000000000001,3.0,8.700000000000001,inspect_top60_uncertainty_x_graph_consequence,top_uncertainty_graph_consequence,60,0.05,budget_only,85,2.3705224786294252,331.1298218294226
176.02330642790946,160.0940671988569,336.1173736267664,60,3.0,8.700000000000001,3.0,8.700000000000001,inspect_random60,random,60,0.05,budget_only,85,4.9875517973437695,331.1298218294226
160.98373033286998,144.17075840062637,305.15448873349635,30,1.5,8.700000000000001,1.5,8.700000000000001,inspect_top30_consequence,top_consequence,30,0.05,budget_only,86,4.255344478372422,300.89914425512393
161.94337928238667,144.7792139854598,306.7225932678465,60,3.0,8.700000000000001,3.0,8.700000000000001,inspect_top60_consequence,top_consequence,60,0.05,budget_only,86,5.823449012722563,300.89914425512393
160.92829863699606,143.9482762616355,304.8765748986316,30,1.5,8.700000000000001,1.5,8.700000000000001,inspect_top30_consequence_no_graph,top_consequence_no_graph,30,0.05,budget_only,86,3.9774306435076596,300.89914425512393
161.7458709366501,144.23366795773802,305.97953889438816,60,3.0,8.700000000000001,3.0,8.700000000000001,inspect_top60_consequence_no_graph,top_consequence_no_graph,60,0.05,budget_only,86,5.080394639264227,300.89914425512393
161.06393877954307,145.01393935878494,306.077878138328,30,1.5,8.700000000000001,1.5,8.700000000000001,inspect_top30_uncertainty_x_consequence,top_uncertainty_consequence,30,0.05,budget_only,86,5.178733883204075,300.89914425512393
160.92505032206142,144.58746036802287,305.5125106900843,60,3.0,8.700000000000001,3.0,8.700000000000001,inspect_top60_uncertainty_x_consequence,top_uncertainty_consequence,60,0.05,budget_only,86,4.613366434960369,300.89914425512393
160.94390999743527,145.0842802242634,306.02819022169865,30,1.5,8.700000000000001,1.5,8.700000000000001,inspect_top30_uncertainty_x_graph_consequence,top_uncertainty_graph_consequence,30,0.05,budget_only,86,5.129045966574722,300.89914425512393
160.715572444612,144.4970199975823,305.2125924421943,60,3.0,8.700000000000001,3.0,8.700000000000001,inspect_top60_uncertainty_x_graph_consequence,top_uncertainty_graph_consequence,60,0.05,budget_only,86,4.313448187070378,300.89914425512393
160.35185153965986,144.62781340951193,304.9796649491718,60,3.0,8.700000000000001,3.0,8.700000000000001,inspect_random60,random,60,0.05,budget_only,86,4.080520694047891,300.89914425512393
179.59132855248356,163.3972973714467,342.9886259239303,30,1.5,8.700000000000001,1.5,8.700000000000001,inspect_top30_consequence,top_consequence,30,0.05,budget_only,87,5.019915996429745,337.9687099275005
179.85785946349878,163.04636883060036,342.90422829409914,60,3.0,8.700000000000001,3.0,8.700000000000001,inspect_top60_consequence,top_consequence,60,0.05,budget_only,87,4.935518366598615,337.9687099275005
179.7799546019711,164.03141531933872,343.81136992130985,30,1.5,8.700000000000001,1.5,8.700000000000001,inspect_top30_consequence_no_graph,top_consequence_no_graph,30,0.05,budget_only,87,5.84265999380932,337.9687099275005
180.0573972521372,163.03768422762678,343.09508147976396,60,3.0,8.700000000000001,3.0,8.700000000000001,inspect_top60_consequence_no_graph,top_consequence_no_graph,60,0.05,budget_only,87,5.126371552263436,337.9687099275005
180.4413498624741,165.04507165538172,345.48642151785583,30,1.5,8.700000000000001,1.5,8.700000000000001,inspect_top30_uncertainty_x_consequence,top_uncertainty_consequence,30,0.05,budget_only,87,7.5177115903553045,337.9687099275005
180.39789854141264,164.51633579998042,344.91423434139307,60,3.0,8.700000000000001,3.0,8.700000000000001,inspect_top60_uncertainty_x_consequence,top_uncertainty_consequence,60,0.05,budget_only,87,6.945524413892542,337.9687099275005
179.68627547963018,164.44013677051063,344.1264122501408,30,1.5,8.700000000000001,1.5,8.700000000000001,inspect_top30_uncertainty_x_graph_consequence,top_uncertainty_graph_consequence,30,0.05,budget_only,87,6.157702322640262,337.9687099275005
179.9011571316031,163.86448605622505,343.7656431878281,60,3.0,8.700000000000001,3.0,8.700000000000001,inspect_top60_uncertainty_x_graph_consequence,top_uncertainty_graph_consequence,60,0.05,budget_only,87,5.796933260327592,337.9687099275005
179.49233631934058,164.4766675213961,343.9690038407367,60,3.0,8.700000000000001,3.0,8.700000000000001,inspect_random60,random,60,0.05,budget_only,87,6.000293913236192,337.9687099275005
167.72737176661443,152.02623365222934,319.7536054188438,30,1.5,8.700000000000001,1.5,8.700000000000001,inspect_top30_consequence,top_consequence,30,0.05,budget_only,88,6.430582961202845,313.32302245764095
168.0508719639024,151.27095112747898,319.32182309138136,60,3.0,8.700000000000001,3.0,8.700000000000001,inspect_top60_consequence,top_consequence,60,0.05,budget_only,88,5.998800633740416,313.32302245764095
167.45598528614596,151.2071929082814,318.66317819442736,30,1.5,8.700000000000001,1.5,8.700000000000001,inspect_top30_consequence_no_graph,top_consequence_no_graph,30,0.05,budget_only,88,5.340155736786414,313.32302245764095
167.24338488577848,150.15360765072865,317.3969925365071,60,3.0,8.700000000000001,3.0,8.700000000000001,inspect_top60_consequence_no_graph,top_consequence_no_graph,60,0.05,budget_only,88,4.073970078866182,313.32302245764095
166.7008554870647,151.58103438033223,318.2818898673969,30,1.5,8.700000000000001,1.5,8.700000000000001,inspect_top30_uncertainty_x_consequence,top_uncertainty_consequence,30,0.05,budget_only,88,4.958867409755953,313.32302245764095
168.04372473767614,151.912266664006,319.9559914016821,60,3.0,8.700000000000001,3.0,8.700000000000001,inspect_top60_uncertainty_x_consequence,top_uncertainty_consequence,60,0.05,budget_only,88,6.632968944041181,313.32302245764095
166.630227733835,151.51785433547744,318.1480820693124,30,1.5,8.700000000000001,1.5,8.700000000000001,inspect_top30_uncertainty_x_graph_consequence,top_uncertainty_graph_consequence,30,0.05,budget_only,88,4.825059611671463,313.32302245764095
168.02978114048022,151.82959040275458,319.85937154323483,60,3.0,8.700000000000001,3.0,8.700000000000001,inspect_top60_uncertainty_x_graph_consequence,top_uncertainty_graph_consequence,60,0.05,budget_only,88,6.5363490855938835,313.32302245764095
166.8641124976549,152.62297602001337,319.48708851766827,60,3.0,8.700000000000001,3.0,8.700000000000001,inspect_random60,random,60,0.05,budget_only,88,6.164066060027324,313.32302245764095
166.1174031647497,149.87262480571437,315.9900279704641,30,1.5,8.700000000000001,1.5,8.700000000000001,inspect_top30_consequence,top_consequence,30,0.05,budget_only,89,5.74585167029295,310.24417630017115
166.0571008514939,149.20792969808633,315.2650305495803,60,3.0,8.700000000000001,3.0,8.700000000000001,inspect_top60_consequence,top_consequence,60,0.05,budget_only,89,5.020854249409126,310.24417630017115
165.24786310590753,149.3849702891194,314.6328333950269,30,1.5,8.700000000000001,1.5,8.700000000000001,inspect_top30_consequence_no_graph,top_consequence_no_graph,30,0.05,budget_only,89,4.388657094855773,310.24417630017115
166.0781612920066,149.1203384305826,315.1984997225892,60,3.0,8.700000000000001,3.0,8.700000000000001,inspect_top60_consequence_no_graph,top_consequence_no_graph,60,0.05,budget_only,89,4.954323422418042,310.24417630017115
165.81008438287574,150.23192323974786,316.0420076226236,30,1.5,8.700000000000001,1.5,8.700000000000001,inspect_top30_uncertainty_x_consequence,top_uncertainty_consequence,30,0.05,budget_only,89,5.797831322452453,310.24417630017115
165.36104852136225,149.4344912525571,314.79553977391936,60,3.0,8.700000000000001,3.0,8.700000000000001,inspect_top60_uncertainty_x_consequence,top_uncertainty_consequence,60,0.05,budget_only,89,4.551363473748211,310.24417630017115
165.75829057520178,150.23192323974786,315.99021381494964,30,1.5,8.700000000000001,1.5,8.700000000000001,inspect_top30_uncertainty_x_graph_consequence,top_uncertainty_graph_consequence,30,0.05,budget_only,89,5.746037514778493,310.24417630017115
164.998780849736,148.8706195643149,313.8694004140509,60,3.0,8.700000000000001,3.0,8.700000000000001,inspect_top60_uncertainty_x_graph_consequence,top_uncertainty_graph_consequence,60,0.05,budget_only,89,3.625224113879767,310.24417630017115
166.37553841184467,151.00388302639314,317.37942143823784,60,3.0,8.700000000000001,3.0,8.700000000000001,inspect_random60,random,60,0.05,budget_only,89,7.1352451380666935,310.24417630017115
174.63038156273598,157.7429682782496,332.3733498409856,30,1.5,8.700000000000001,1.5,8.700000000000001,inspect_top30_consequence,top_consequence,30,0.05,budget_only,90,5.501685762422596,326.871664078563
174.60635141158377,157.47610020973946,332.08245162132323,60,3.0,8.700000000000001,3.0,8.700000000000001,inspect_top60_consequence,top_consequence,60,0.05,budget_only,90,5.210787542760215,326.871664078563
174.08993170420206,157.4593968188661,331.5493285230682,30,1.5,8.700000000000001,1.5,8.700000000000001,inspect_top30_consequence_no_graph,top_consequence_no_graph,30,0.05,budget_only,90,4.677664444505183,326.871664078563
174.56415295143685,157.2477449139289,331.8118978653657,60,3.0,8.700000000000001,3.0,8.700000000000001,inspect_top60_consequence_no_graph,top_consequence_no_graph,60,0.05,budget_only,90,4.9402337868027075,326.871664078563
173.54983342812176,157.55493182035428,331.10476524847604,30,1.5,8.700000000000001,1.5,8.700000000000001,inspect_top30_uncertainty_x_consequence,top_uncertainty_consequence,30,0.05,budget_only,90,4.233101169913027,326.871664078563
173.7857264432156,157.0136861488378,330.7994125920534,60,3.0,8.700000000000001,3.0,8.700000000000001,inspect_top60_uncertainty_x_consequence,top_uncertainty_consequence,60,0.05,budget_only,90,3.9277485134903714,326.871664078563
174.51264734040137,158.07092867302174,332.5835760134231,30,1.5,8.700000000000001,1.5,8.700000000000001,inspect_top30_uncertainty_x_graph_consequence,top_uncertainty_graph_consequence,30,0.05,budget_only,90,5.7119119348600975,326.871664078563
173.4921569505117,156.70481781874264,330.1969747692543,60,3.0,8.700000000000001,3.0,8.700000000000001,inspect_top60_uncertainty_x_graph_consequence,top_uncertainty_graph_consequence,60,0.05,budget_only,90,3.3253106906913104,326.871664078563
173.4084753851417,157.32890002073674,330.7373754058784,60,3.0,8.700000000000001,3.0,8.700000000000001,inspect_random60,random,60,0.05,budget_only,90,3.8657113273154096,326.871664078563
171.19023841617485,154.8416636896174,326.03190210579226,30,1.5,8.700000000000001,1.5,8.700000000000001,inspect_top30_consequence,top_consequence,30,0.05,budget_only,91,3.5857836150203752,322.4461184907719
171.75851908513312,154.9636349570726,326.7221540422057,60,3.0,8.700000000000001,3.0,8.700000000000001,inspect_top60_consequence,top_consequence,60,0.05,budget_only,91,4.276035551433836,322.4461184907719
171.63192287724948,155.2694789704708,326.9014018477203,30,1.5,8.700000000000001,1.5,8.700000000000001,inspect_top30_consequence_no_graph,top_consequence_no_graph,30,0.05,budget_only,91,4.455283356948428,322.4461184907719
171.71833451273267,154.55485932787022,326.27319384060286,60,3.0,8.700000000000001,3.0,8.700000000000001,inspect_top60_consequence_no_graph,top_consequence_no_graph,60,0.05,budget_only,91,3.8270753498309773,322.4461184907719
171.35829061818552,156.73530186281602,328.09359248100156,30,1.5,8.700000000000001,1.5,8.700000000000001,inspect_top30_uncertainty_x_consequence,top_uncertainty_consequence,30,0.05,budget_only,91,5.647473990229685,322.4461184907719
172.93751918079755,156.8157523770802,329.7532715578777,60,3.0,8.700000000000001,3.0,8.700000000000001,inspect_top60_uncertainty_x_consequence,top_uncertainty_consequence,60,0.05,budget_only,91,7.307153067105844,322.4461184907719
170.90351981412974,156.18817643276782,327.0916962468975,30,1.5,8.700000000000001,1.5,8.700000000000001,inspect_top30_uncertainty_x_graph_consequence,top_uncertainty_graph_consequence,30,0.05,budget_only,91,4.645577756125647,322.4461184907719
172.3076057280867,156.2484656321651,328.55607136025185,60,3.0,8.700000000000001,3.0,8.700000000000001,inspect_top60_uncertainty_x_graph_consequence,top_uncertainty_graph_consequence,60,0.05,budget_only,91,6.109952869479969,322.4461184907719
171.09167634458652,155.56268541773505,326.65436176232157,60,3.0,8.700000000000001,3.0,8.700000000000001,inspect_random60,random,60,0.05,budget_only,91,4.208243271549691,322.4461184907719
162.32859178765688,146.44575842075437,308.77435020841125,30,1.5,8.700000000000001,1.5,8.700000000000001,inspect_top30_consequence,top_consequence,30,0.2,budget_only,42,4.9030569234889185,303.87129328492233
162.77274769600925,145.80598394732743,308.5787316433367,60,3.0,8.700000000000001,3.0,8.700000000000001,inspect_top60_consequence,top_consequence,60,0.2,budget_only,42,4.707438358414379,303.87129328492233
162.78901175130187,147.15980988564812,309.94882163695,30,1.5,8.700000000000001,1.5,8.700000000000001,inspect_top30_consequence_no_graph,top_consequence_no_graph,30,0.2,budget_only,42,6.077528352027684,303.87129328492233
162.51702301792477,145.66940944689622,308.186432464821,60,3.0,8.700000000000001,3.0,8.700000000000001,inspect_top60_consequence_no_graph,top_consequence_no_graph,60,0.2,budget_only,42,4.315139179898665,303.87129328492233
163.1427003971135,147.69959177152728,310.84229216864077,30,1.5,8.700000000000001,1.5,8.700000000000001,inspect_top30_uncertainty_x_consequence,top_uncertainty_consequence,30,0.2,budget_only,42,6.970998883718437,303.87129328492233
162.81704440126322,147.11209063634448,309.9291350376077,60,3.0,8.700000000000001,3.0,8.700000000000001,inspect_top60_uncertainty_x_consequence,top_uncertainty_consequence,60,0.2,budget_only,42,6.057841752685363,303.87129328492233
162.57443242466343,147.4248899131002,309.9993223377636,30,1.5,8.700000000000001,1.5,8.700000000000001,inspect_top30_uncertainty_x_graph_consequence,top_uncertainty_graph_consequence,30,0.2,budget_only,42,6.128029052841271,303.87129328492233
162.43746279212277,146.8557901961786,309.29325298830133,60,3.0,8.700000000000001,3.0,8.700000000000001,inspect_top60_uncertainty_x_graph_consequence,top_uncertainty_graph_consequence,60,0.2,budget_only,42,5.421959703379002,303.87129328492233
162.8759232615302,147.51449821169757,310.3904214732278,60,3.0,8.700000000000001,3.0,8.700000000000001,inspect_random60,random,60,0.2,budget_only,42,6.519128188305444,303.87129328492233
177.05126879632576,161.08176330044736,338.13303209677315,30,1.5,8.700000000000001,1.5,8.700000000000001,inspect_top30_consequence,top_consequence,30,0.2,budget_only,43,3.6479178711526856,334.48511422562046
177.86684928290538,161.15493345843362,339.021782741339,60,3.0,8.700000000000001,3.0,8.700000000000001,inspect_top60_consequence,top_consequence,60,0.2,budget_only,43,4.536668515718532,334.48511422562046
177.1314091015901,160.6737556033646,337.8051647049547,30,1.5,8.700000000000001,1.5,8.700000000000001,inspect_top30_consequence_no_graph,top_consequence_no_graph,30,0.2,budget_only,43,3.3200504793342134,334.48511422562046
177.341823156567,160.37585933084713,337.7176824874141,60,3.0,8.700000000000001,3.0,8.700000000000001,inspect_top60_consequence_no_graph,top_consequence_no_graph,60,0.2,budget_only,43,3.232568261793631,334.48511422562046
177.26856912380822,161.89768225850347,339.16625138231166,30,1.5,8.700000000000001,1.5,8.700000000000001,inspect_top30_uncertainty_x_consequence,top_uncertainty_consequence,30,0.2,budget_only,43,4.681137156691193,334.48511422562046
178.78375084286998,162.6146860442377,341.39843688710766,60,3.0,8.700000000000001,3.0,8.700000000000001,inspect_top60_uncertainty_x_consequence,top_uncertainty_consequence,60,0.2,budget_only,43,6.9133226614872,334.48511422562046
177.32868111106865,162.10151763339067,339.4301987444593,30,1.5,8.700000000000001,1.5,8.700000000000001,inspect_top30_uncertainty_x_graph_consequence,top_uncertainty_graph_consequence,30,0.2,budget_only,43,4.945084518838826,334.48511422562046
178.41523672349186,162.43948565414013,340.854722377632,60,3.0,8.700000000000001,3.0,8.700000000000001,inspect_top60_uncertainty_x_graph_consequence,top_uncertainty_graph_consequence,60,0.2,budget_only,43,6.369608152011551,334.48511422562046
176.53058005157294,160.75032106564123,337.28090111721417,60,3.0,8.700000000000001,3.0,8.700000000000001,inspect_random60,random,60,0.2,budget_only,43,2.795786891593707,334.48511422562046
173.5162301786955,157.42356559933083,330.93979577802634,30,1.5,8.700000000000001,1.5,8.700000000000001,inspect_top30_consequence,top_consequence,30,0.2,budget_only,44,6.101658524167647,324.8381372538587
173.79855985558683,156.79448987101136,330.5930497265982,60,3.0,8.700000000000001,3.0,8.700000000000001,inspect_top60_consequence,top_consequence,60,0.2,budget_only,44,5.754912472739534,324.8381372538587
174.18721987566877,157.96019410630996,332.14741398197873,30,1.5,8.700000000000001,1.5,8.700000000000001,inspect_top30_consequence_no_graph,top_consequence_no_graph,30,0.2,budget_only,44,7.3092767281200395,324.8381372538587
173.64864673785513,156.53433143898133,330.18297817683646,60,3.0,8.700000000000001,3.0,8.700000000000001,inspect_top60_consequence_no_graph,top_consequence_no_graph,60,0.2,budget_only,44,5.344840922977767,324.8381372538587
173.10035909873767,157.58845865556947,330.68881775430714,30,1.5,8.700000000000001,1.5,8.700000000000001,inspect_top30_uncertainty_x_consequence,top_uncertainty_consequence,30,0.2,budget_only,44,5.850680500448448,324.8381372538587
173.3822441632655,157.20560067108494,330.58784483435045,60,3.0,8.700000000000001,3.0,8.700000000000001,inspect_top60_uncertainty_x_consequence,top_uncertainty_consequence,60,0.2,budget_only,44,5.749707580491759,324.8381372538587
172.81219857356785,157.32074005026476,330.1329386238326,30,1.5,8.700000000000001,1.5,8.700000000000001,inspect_top30_uncertainty_x_graph_consequence,top_uncertainty_graph_consequence,30,0.2,budget_only,44,5.294801369973925,324.8381372538587
172.82360998334525,156.62301783613316,329.4466278194784,60,3.0,8.700000000000001,3.0,8.700000000000001,inspect_top60_uncertainty_x_graph_consequence,top_uncertainty_graph_consequence,60,0.2,budget_only,44,4.608490565619718,324.8381372538587
173.72734815552002,158.72186222572435,332.44921038124437,60,3.0,8.700000000000001,3.0,8.700000000000001,inspect_random60,random,60,0.2,budget_only,44,7.61107312738568,324.8381372538587
172.73490655234315,156.8382421176085,329.57314866995165,30,1.5,8.700000000000001,1.5,8.700000000000001,inspect_top30_consequence,top_consequence,30,0.2,budget_only,45,6.506788326249875,323.0663603437018
173.39040322362354,156.36542952250738,329.7558327461309,60,3.0,8.700000000000001,3.0,8.700000000000001,inspect_top60_consequence,top_consequence,60,0.2,budget_only,45,6.689472402429146,323.0663603437018
172.44586637863569,156.86262412497194,329.30849050360763,30,1.5,8.700000000000001,1.5,8.700000000000001,inspect_top30_consequence_no_graph,top_consequence_no_graph,30,0.2,budget_only,45,6.242130159905855,323.0663603437018
173.00413870641682,155.7920417583455,328.7961804647623,60,3.0,8.700000000000001,3.0,8.700000000000001,inspect_top60_consequence_no_graph,top_consequence_no_graph,60,0.2,budget_only,45,5.729820121060527,323.0663603437018
172.81938726553642,157.2920118224613,330.1113990879977,30,1.5,8.700000000000001,1.5,8.700000000000001,inspect_top30_uncertainty_x_consequence,top_uncertainty_consequence,30,0.2,budget_only,45,7.045038744295937,323.0663603437018
172.85211660141053,156.9092767268637,329.76139332827427,60,3.0,8.700000000000001,3.0,8.700000000000001,inspect_top60_uncertainty_x_consequence,top_uncertainty_consequence,60,0.2,budget_only,45,6.695032984572492,323.0663603437018
172.73603632152674,157.1121174747098,329.84815379623655,30,1.5,8.700000000000001,1.5,8.700000000000001,inspect_top30_uncertainty_x_graph_consequence,top_uncertainty_graph_consequence,30,0.2,budget_only,45,6.781793452534771,323.0663603437018
172.5091019152553,156.78252609008894,329.29162800534425,60,3.0,8.700000000000001,3.0,8.700000000000001,inspect_top60_uncertainty_x_graph_consequence,top_uncertainty_graph_consequence,60,0.2,budget_only,45,6.2252676616424765,323.0663603437018
172.71994413336176,157.94452231992233,330.6644664532841,60,3.0,8.700000000000001,3.0,8.700000000000001,inspect_random60,random,60,0.2,budget_only,45,7.598106109582318,323.0663603437018
175.91276987679566,159.42328719113706,335.33605706793276,30,1.5,8.700000000000001,1.5,8.700000000000001,inspect_top30_consequence,top_consequence,30,0.2,budget_only,46,3.406396983053071,331.9296600848797
176.04326170118264,159.33166338937662,335.37492509055926,60,3.0,8.700000000000001,3.0,8.700000000000001,inspect_top60_consequence,top_consequence,60,0.2,budget_only,46,3.4452650056795733,331.9296600848797
176.12499468805538,159.7512939925378,335.8762886805932,30,1.5,8.700000000000001,1.5,8.700000000000001,inspect_top30_consequence_no_graph,top_consequence_no_graph,30,0.2,budget_only,46,3.9466285957134914,331.9296600848797
176.82439461083914,159.86343250013925,336.6878271109784,60,3.0,8.700000000000001,3.0,8.700000000000001,inspect_top60_consequence_no_graph,top_consequence_no_graph,60,0.2,budget_only,46,4.758167026098704,331.9296600848797
175.21356857705592,159.75234460863982,334.96591318569574,30,1.5,8.700000000000001,1.5,8.700000000000001,inspect_top30_uncertainty_x_consequence,top_uncertainty_consequence,30,0.2,budget_only,46,3.0362531008160545,331.9296600848797
177.37686046032331,160.91268098433216,338.28954144465547,60,3.0,8.700000000000001,3.0,8.700000000000001,inspect_top60_uncertainty_x_consequence,top_uncertainty_consequence,60,0.2,budget_only,46,6.359881359775784,331.9296600848797
175.61610722183295,159.51562787290095,335.1317350947339,30,1.5,8.700000000000001,1.5,8.700000000000001,inspect_top30_uncertainty_x_graph_consequence,top_uncertainty_graph_consequence,30,0.2,budget_only,46,3.2020750098542408,331.9296600848797
177.33215215224527,161.02957290991287,338.36172506215814,60,3.0,8.700000000000001,3.0,8.700000000000001,inspect_top60_uncertainty_x_graph_consequence,top_uncertainty_graph_consequence,60,0.2,budget_only,46,6.432064977278458,331.9296600848797
175.47907033370925,160.2237674916165,335.7028378253258,60,3.0,8.700000000000001,3.0,8.700000000000001,inspect_random60,random,60,0.2,budget_only,46,3.7731777404461013,331.9296600848797
165.5922465146503,150.22004151507772,315.81228802972805,30,1.5,8.700000000000001,1.5,8.700000000000001,inspect_top30_consequence,top_consequence,30,0.2,budget_only,47,5.379224174646481,310.43306385508157
167.04769842087006,150.37181140196844,317.4195098228385,60,3.0,8.700000000000001,3.0,8.700000000000001,inspect_top60_consequence,top_consequence,60,0.2,budget_only,47,6.986445967756936,310.43306385508157
165.4683199572442,149.87038239546973,315.33870235271394,30,1.5,8.700000000000001,1.5,8.700000000000001,inspect_top30_consequence_no_graph,top_consequence_no_graph,30,0.2,budget_only,47,4.905638497632367,310.43306385508157
166.6195547094353,149.96876646490108,316.5883211743364,60,3.0,8.700000000000001,3.0,8.700000000000001,inspect_top60_consequence_no_graph,top_consequence_no_graph,60,0.2,budget_only,47,6.155257319254815,310.43306385508157
165.67737449361917,149.85181579314718,315.5291902867664,30,1.5,8.700000000000001,1.5,8.700000000000001,inspect_top30_uncertainty_x_consequence,top_uncertainty_consequence,30,0.2,budget_only,47,5.096126431684809,310.43306385508157
166.1655211374578,150.22469090378314,316.39021204124094,60,3.0,8.700000000000001,3.0,8.700000000000001,inspect_top60_uncertainty_x_consequence,top_uncertainty_consequence,60,0.2,budget_only,47,5.9571481861593725,310.43306385508157
165.48449269208635,149.58906707384693,315.0735597659333,30,1.5,8.700000000000001,1.5,8.700000000000001,inspect_top30_uncertainty_x_graph_consequence,top_uncertainty_graph_consequence,30,0.2,budget_only,47,4.640495910851712,310.43306385508157
166.97769341621938,150.92031045271008,317.89800386892944,60,3.0,8.700000000000001,3.0,8.700000000000001,inspect_top60_uncertainty_x_graph_consequence,top_uncertainty_graph_consequence,60,0.2,budget_only,47,7.464940013847865,310.43306385508157
165.1685721876265,150.2472887592232,315.4158609468497,60,3.0,8.700000000000001,3.0,8.700000000000001,inspect_random60,random,60,0.2,budget_only,47,4.982797091768134,310.43306385508157
175.11415324302962,158.9934324883626,334.1075857313922,30,1.5,8.700000000000001,1.5,8.700000000000001,inspect_top30_consequence,top_consequence,30,0.2,budget_only,48,4.508498040406721,329.59908769098547
175.22833486603884,158.5778452587627,333.80618012480153,60,3.0,8.700000000000001,3.0,8.700000000000001,inspect_top60_consequence,top_consequence,60,0.2,budget_only,48,4.207092433816058,329.59908769098547
174.93623846900738,159.0335159250664,333.9697543940738,30,1.5,8.700000000000001,1.5,8.700000000000001,inspect_top30_consequence_no_graph,top_consequence_no_graph,30,0.2,budget_only,48,4.370666703088318,329.59908769098547
175.27845099709612,158.67806295731174,333.95651395440785,60,3.0,8.700000000000001,3.0,8.700000000000001,inspect_top60_consequence_no_graph,top_consequence_no_graph,60,0.2,budget_only,48,4.357426263422383,329.59908769098547
174.64005798752186,158.99951684874293,333.6395748362648,30,1.5,8.700000000000001,1.5,8.700000000000001,inspect_top30_uncertainty_x_consequence,top_uncertainty_consequence,30,0.2,budget_only,48,4.0404871452793145,329.59908769098547
175.09630057943158,158.9921203807055,334.0884209601371,60,3.0,8.700000000000001,3.0,8.700000000000001,inspect_top60_uncertainty_x_consequence,top_uncertainty_consequence,60,0.2,budget_only,48,4.489333269151643,329.59908769098547
174.1736544546473,158.8251941577306,332.9988486123779,30,1.5,8.700000000000001,1.5,8.700000000000001,inspect_top30_uncertainty_x_graph_consequence,top_uncertainty_graph_consequence,30,0.2,budget_only,48,3.399760921392442,329.59908769098547
175.02784810314466,159.49215825687108,334.5200063600157,60,3.0,8.700000000000001,3.0,8.700000000000001,inspect_top60_uncertainty_x_graph_consequence,top_uncertainty_graph_consequence,60,0.2,budget_only,48,4.920918669030243,329.59908769098547
174.3868227603375,159.71770635549026,334.10452911582775,60,3.0,8.700000000000001,3.0,8.700000000000001,inspect_random60,random,60,0.2,budget_only,48,4.5054414248422745,329.59908769098547
171.58655795917906,155.23254956290987,326.8191075220889,30,1.5,8.700000000000001,1.5,8.700000000000001,inspect_top30_consequence,top_consequence,30,0.2,budget_only,49,5.361548446164363,321.45755907592456
171.65576652375975,154.8719405995111,326.52770712327083,60,3.0,8.700000000000001,3.0,8.700000000000001,inspect_top60_consequence,top_consequence,60,0.2,budget_only,49,5.070148047346265,321.45755907592456
171.78651672450476,155.12249127389978,326.90900799840455,30,1.5,8.700000000000001,1.5,8.700000000000001,inspect_top30_consequence_no_graph,top_consequence_no_graph,30,0.2,budget_only,49,5.451448922479983,321.45755907592456
171.88013937606075,154.82081125110886,326.7009506271696,60,3.0,8.700000000000001,3.0,8.700000000000001,inspect_top60_consequence_no_graph,top_consequence_no_graph,60,0.2,budget_only,49,5.243391551245054,321.45755907592456
171.38249490563027,156.62048507063687,328.00297997626717,30,1.5,8.700000000000001,1.5,8.700000000000001,inspect_top30_uncertainty_x_consequence,top_uncertainty_consequence,30,0.2,budget_only,49,6.545420900342606,321.45755907592456
172.20435405090808,156.46353231022715,328.66788636113523,60,3.0,8.700000000000001,3.0,8.700000000000001,inspect_top60_uncertainty_x_consequence,top_uncertainty_consequence,60,0.2,budget_only,49,7.210327285210667,321.45755907592456
171.18297870600958,156.54099436570797,327.7239730717175,30,1.5,8.700000000000001,1.5,8.700000000000001,inspect_top30_uncertainty_x_graph_consequence,top_uncertainty_graph_consequence,30,0.2,budget_only,49,6.266413995792959,321.45755907592456
171.89789516128644,156.44406990325533,328.3419650645418,60,3.0,8.700000000000001,3.0,8.700000000000001,inspect_top60_uncertainty_x_graph_consequence,top_uncertainty_graph_consequence,60,0.2,budget_only,49,6.884405988617232,321.45755907592456
171.69511188660562,156.53737807688998,328.2324899634956,60,3.0,8.700000000000001,3.0,8.700000000000001,inspect_random60,random,60,0.2,budget_only,49,6.774930887571031,321.45755907592456
170.22868728365978,154.13524633201314,324.3639336156729,30,1.5,8.700000000000001,1.5,8.700000000000001,inspect_top30_consequence,top_consequence,30,0.2,budget_only,50,4.738435498650972,319.62549811702195
170.54562586232942,153.96763279213593,324.51325865446535,60,3.0,8.700000000000001,3.0,8.700000000000001,inspect_top60_consequence,top_consequence,60,0.2,budget_only,50,4.887760537443398,319.62549811702195
171.7403443474517,155.5739494613541,327.3142938088058,30,1.5,8.700000000000001,1.5,8.700000000000001,inspect_top30_consequence_no_graph,top_consequence_no_graph,30,0.2,budget_only,50,7.6887956917838665,319.62549811702195
171.10023891375238,153.96290869211688,325.0631476058693,60,3.0,8.700000000000001,3.0,8.700000000000001,inspect_top60_consequence_no_graph,top_consequence_no_graph,60,0.2,budget_only,50,5.437649488847342,319.62549811702195
170.60532197913574,155.59323306121073,326.1985550403465,30,1.5,8.700000000000001,1.5,8.700000000000001,inspect_top30_uncertainty_x_consequence,top_uncertainty_consequence,30,0.2,budget_only,50,6.573056923324543,319.62549811702195
171.06404787973693,155.42338856402583,326.48743644376276,60,3.0,8.700000000000001,3.0,8.700000000000001,inspect_top60_uncertainty_x_consequence,top_uncertainty_consequence,60,0.2,budget_only,50,6.8619383267408125,319.62549811702195
170.46465447480256,155.40837935185147,325.873033826654,30,1.5,8.700000000000001,1.5,8.700000000000001,inspect_top30_uncertainty_x_graph_consequence,top_uncertainty_graph_consequence,30,0.2,budget_only,50,6.247535709632075,319.62549811702195
170.39157756569006,154.9441501441475,325.33572770983756,60,3.0,8.700000000000001,3.0,8.700000000000001,inspect_top60_uncertainty_x_graph_consequence,top_uncertainty_graph_consequence,60,0.2,budget_only,50,5.710229592815608,319.62549811702195
170.2564515872802,155.2871812547371,325.5436328420173,60,3.0,8.700000000000001,3.0,8.700000000000001,inspect_random60,random,60,0.2,budget_only,50,5.918134724995355,319.62549811702195
185.9201547528595,169.2757249043624,355.1958796572219,30,1.5,8.700000000000001,1.5,8.700000000000001,inspect_top30_consequence,top_consequence,30,0.2,budget_only,51,4.135019612550138,351.06086004467176
186.409194296905,169.6761050990773,356.0852993959823,60,3.0,8.700000000000001,3.0,8.700000000000001,inspect_top60_consequence,top_consequence,60,0.2,budget_only,51,5.024439351310548,351.06086004467176
186.03149410190036,170.1744797579547,356.2059738598551,30,1.5,8.700000000000001,1.5,8.700000000000001,inspect_top30_consequence_no_graph,top_consequence_no_graph,30,0.2,budget_only,51,5.145113815183322,351.06086004467176
186.6645235365151,169.78757052887406,356.45209406538913,60,3.0,8.700000000000001,3.0,8.700000000000001,inspect_top60_consequence_no_graph,top_consequence_no_graph,60,0.2,budget_only,51,5.391234020717377,351.06086004467176
186.1097051279783,170.43766881676248,356.5473739447408,30,1.5,8.700000000000001,1.5,8.700000000000001,inspect_top30_uncertainty_x_consequence,top_uncertainty_consequence,30,0.2,budget_only,51,5.486513900069042,351.06086004467176
186.33808804064503,170.3201084449165,356.6581964855616,60,3.0,8.700000000000001,3.0,8.700000000000001,inspect_top60_uncertainty_x_consequence,top_uncertainty_consequence,60,0.2,budget_only,51,5.597336440889819,351.06086004467176
186.1198850985968,170.3825268522922,356.502411950889,30,1.5,8.700000000000001,1.5,8.700000000000001,inspect_top30_uncertainty_x_graph_consequence,top_uncertainty_graph_consequence,30,0.2,budget_only,51,5.441551906217228,351.06086004467176
186.27513828258446,170.1802705983124,356.45540888089687,60,3.0,8.700000000000001,3.0,8.700000000000001,inspect_top60_uncertainty_x_graph_consequence,top_uncertainty_graph_consequence,60,0.2,budget_only,51,5.394548836225113,351.06086004467176
185.2923347929775,170.56363647858686,355.8559712715644,60,3.0,8.700000000000001,3.0,8.700000000000001,inspect_random60,random,60,0.2,budget_only,51,4.7951112268926295,351.06086004467176
168.35410124328502,153.18293536596545,321.53703660925044,30,1.5,8.700000000000001,1.5,8.700000000000001,inspect_top30_consequence,top_consequence,30,0.2,budget_only,52,8.116366548787255,313.4206700604632
167.15401599899192,150.60529859056402,317.75931458955597,60,3.0,8.700000000000001,3.0,8.700000000000001,inspect_top60_consequence,top_consequence,60,0.2,budget_only,52,4.3386445290927895,313.4206700604632
167.5207372605464,152.15938729567821,319.68012455622465,30,1.5,8.700000000000001,1.5,8.700000000000001,inspect_top30_consequence_no_graph,top_consequence_no_graph,30,0.2,budget_only,52,6.259454495761474,313.4206700604632
168.11946325819176,151.09419207165232,319.2136553298441,60,3.0,8.700000000000001,3.0,8.700000000000001,inspect_top60_consequence_no_graph,top_consequence_no_graph,60,0.2,budget_only,52,5.7929852693808925,313.4206700604632
167.30581708420073,151.82906218496015,319.1348792691609,30,1.5,8.700000000000001,1.5,8.700000000000001,inspect_top30_uncertainty_x_consequence,top_uncertainty_consequence,30,0.2,budget_only,52,5.714209208697696,313.4206700604632
167.96517265727505,151.62602695840184,319.5911996156769,60,3.0,8.700000000000001,3.0,8.700000000000001,inspect_top60_uncertainty_x_consequence,top_uncertainty_consequence,60,0.2,budget_only,52,6.1705295552137045,313.4206700604632
167.9168277253134,151.76760777050987,319.68443549582327,30,1.5,8.700000000000001,1.5,8.700000000000001,inspect_top30_uncertainty_x_graph_consequence,top_uncertainty_graph_consequence,30,0.2,budget_only,52,6.263765435360085,313.4206700604632
167.30537551471429,151.0183976093085,318.32377312402275,60,3.0,8.700000000000001,3.0,8.700000000000001,inspect_top60_uncertainty_x_graph_consequence,top_uncertainty_graph_consequence,60,0.2,budget_only,52,4.90310306355957,313.4206700604632
166.2273764865625,152.19809379230878,318.4254702788713,60,3.0,8.700000000000001,3.0,8.700000000000001,inspect_random60,random,60,0.2,budget_only,52,5.004800218408093,313.4206700604632
178.54805746714652,163.38849313728343,341.93655060442995,30,1.5,8.700000000000001,1.5,8.700000000000001,inspect_top30_consequence,top_consequence,30,0.2,budget_only,53,6.257349779119409,335.67920082531055
178.95183977843428,162.27873095962735,341.2305707380616,60,3.0,8.700000000000001,3.0,8.700000000000001,inspect_top60_consequence,top_consequence,60,0.2,budget_only,53,5.551369912751056,335.67920082531055
177.74648708425212,163.41929871668034,341.16578580093244,30,1.5,8.700000000000001,1.5,8.700000000000001,inspect_top30_consequence_no_graph,top_consequence_no_graph,30,0.2,budget_only,53,5.486584975621895,335.67920082531055
178.22227861392855,161.34169149970342,339.56397011363197,60,3.0,8.700000000000001,3.0,8.700000000000001,inspect_top60_consequence_no_graph,top_consequence_no_graph,60,0.2,budget_only,53,3.884769288321422,335.67920082531055
178.17235127530301,162.98339577318654,341.15574704848956,30,1.5,8.700000000000001,1.5,8.700000000000001,inspect_top30_uncertainty_x_consequence,top_uncertainty_consequence,30,0.2,budget_only,53,5.476546223179014,335.67920082531055
179.5906469275385,163.63217796828314,343.22282489582165,60,3.0,8.700000000000001,3.0,8.700000000000001,inspect_top60_uncertainty_x_consequence,top_uncertainty_consequence,60,0.2,budget_only,53,7.5436240705111,335.67920082531055
178.2806660703145,163.16466887029281,341.4453349406073,30,1.5,8.700000000000001,1.5,8.700000000000001,inspect_top30_uncertainty_x_graph_consequence,top_uncertainty_graph_consequence,30,0.2,budget_only,53,5.766134115296779,335.67920082531055
179.41569641146268,163.14313977022698,342.5588361816897,60,3.0,8.700000000000001,3.0,8.700000000000001,inspect_top60_uncertainty_x_graph_consequence,top_uncertainty_graph_consequence,60,0.2,budget_only,53,6.87963535637914,335.67920082531055
177.08635612399343,162.56862594319136,339.6549820671848,60,3.0,8.700000000000001,3.0,8.700000000000001,inspect_random60,random,60,0.2,budget_only,53,3.9757812418742446,335.67920082531055
168.7049145280688,152.51753050199636,321.22244503006516,30,1.5,8.700000000000001,1.5,8.700000000000001,inspect_top30_consequence,top_consequence,30,0.2,budget_only,54,3.2880046337601243,317.93444039630504
169.12421042825684,152.2194374737645,321.3436479020213,60,3.0,8.700000000000001,3.0,8.700000000000001,inspect_top60_consequence,top_consequence,60,0.2,budget_only,54,3.4092075057162674,317.93444039630504
169.43129522754407,153.12923716386365,322.5605323914077,30,1.5,8.700000000000001,1.5,8.700000000000001,inspect_top30_consequence_no_graph,top_consequence_no_graph,30,0.2,budget_only,54,4.6260919951026835,317.93444039630504
170.28119935862622,153.11680541518217,323.3980047738084,60,3.0,8.700000000000001,3.0,8.700000000000001,inspect_top60_consequence_no_graph,top_consequence_no_graph,60,0.2,budget_only,54,5.46356437750336,317.93444039630504
170.76268050984334,154.59211970916283,325.35480021900617,30,1.5,8.700000000000001,1.5,8.700000000000001,inspect_top30_uncertainty_x_consequence,top_uncertainty_consequence,30,0.2,budget_only,54,7.42035982270113,317.93444039630504
169.60709154414963,153.48521841538448,323.0923099595341,60,3.0,8.700000000000001,3.0,8.700000000000001,inspect_top60_uncertainty_x_consequence,top_uncertainty_consequence,60,0.2,budget_only,54,5.157869563229042,317.93444039630504
170.61740260153664,154.53070168541112,325.1481042869477,30,1.5,8.700000000000001,1.5,8.700000000000001,inspect_top30_uncertainty_x_graph_consequence,top_uncertainty_graph_consequence,30,0.2,budget_only,54,7.213663890642692,317.93444039630504
168.84594143395577,152.85510449088898,321.7010459248447,60,3.0,8.700000000000001,3.0,8.700000000000001,inspect_top60_uncertainty_x_graph_consequence,top_uncertainty_graph_consequence,60,0.2,budget_only,54,3.766605528539685,317.93444039630504
169.95373411318747,154.2925801021589,324.2463142153464,60,3.0,8.700000000000001,3.0,8.700000000000001,inspect_random60,random,60,0.2,budget_only,54,6.311873819041352,317.93444039630504
172.04970493719281,155.5858410887421,327.6355460259349,30,1.5,8.700000000000001,1.5,8.700000000000001,inspect_top30_consequence,top_consequence,30,0.2,budget_only,55,5.153521782403118,322.4820242435318
172.42499038851372,156.0040239322605,328.42901432077423,60,3.0,8.700000000000001,3.0,8.700000000000001,inspect_top60_consequence,top_consequence,60,0.2,budget_only,55,5.946990077242447,322.4820242435318
171.21858754753487,155.50239260368068,326.72098015121554,30,1.5,8.700000000000001,1.5,8.700000000000001,inspect_top30_consequence_no_graph,top_consequence_no_graph,30,0.2,budget_only,55,4.23895590768376,322.4820242435318
172.38578032972978,155.5437573331309,327.9295376628607,60,3.0,8.700000000000001,3.0,8.700000000000001,inspect_top60_consequence_no_graph,top_consequence_no_graph,60,0.2,budget_only,55,5.447513419328914,322.4820242435318
171.23591511324832,155.67668796652652,326.91260307977484,30,1.5,8.700000000000001,1.5,8.700000000000001,inspect_top30_uncertainty_x_consequence,top_uncertainty_consequence,30,0.2,budget_only,55,4.430578836243058,322.4820242435318
171.91246215129843,155.98033905814174,327.89280120944017,60,3.0,8.700000000000001,3.0,8.700000000000001,inspect_top60_uncertainty_x_consequence,top_uncertainty_consequence,60,0.2,budget_only,55,5.410776965908383,322.4820242435318
171.31857539994485,155.70232326556624,327.0208986655111,30,1.5,8.700000000000001,1.5,8.700000000000001,inspect_top30_uncertainty_x_graph_consequence,top_uncertainty_graph_consequence,30,0.2,budget_only,55,4.538874421979301,322.4820242435318
171.44029975173117,155.4534277712724,326.8937275230036,60,3.0,8.700000000000001,3.0,8.700000000000001,inspect_top60_uncertainty_x_graph_consequence,top_uncertainty_graph_consequence,60,0.2,budget_only,55,4.411703279471794,322.4820242435318
171.48019286738838,156.86232218420804,328.3425150515964,60,3.0,8.700000000000001,3.0,8.700000000000001,inspect_random60,random,60,0.2,budget_only,55,5.86049080806464,322.4820242435318
163.21374709700865,147.22481331436046,310.4385604113691,30,1.5,8.700000000000001,1.5,8.700000000000001,inspect_top30_consequence,top_consequence,30,0.2,budget_only,56,4.828464005327305,305.6100964060418
162.94873529860058,146.27561062517307,309.2243459237736,60,3.0,8.700000000000001,3.0,8.700000000000001,inspect_top60_consequence,top_consequence,60,0.2,budget_only,56,3.614249517731821,305.6100964060418
163.3924514480834,147.4805293094501,310.87298075753347,30,1.5,8.700000000000001,1.5,8.700000000000001,inspect_top30_consequence_no_graph,top_consequence_no_graph,30,0.2,budget_only,56,5.262884351491664,305.6100964060418
163.62375979002445,146.75790594791448,310.38166573793893,60,3.0,8.700000000000001,3.0,8.700000000000001,inspect_top60_consequence_no_graph,top_consequence_no_graph,60,0.2,budget_only,56,4.771569331897126,305.6100964060418
164.26291084901277,148.75403488405402,313.0169457330668,30,1.5,8.700000000000001,1.5,8.700000000000001,inspect_top30_uncertainty_x_consequence,top_uncertainty_consequence,30,0.2,budget_only,56,7.406849327024986,305.6100964060418
164.71535476000656,148.34412890779743,313.059483667804,60,3.0,8.700000000000001,3.0,8.700000000000001,inspect_top60_uncertainty_x_consequence,top_uncertainty_consequence,60,0.2,budget_only,56,7.449387261762183,305.6100964060418
163.9506907146206,148.9328828085114,312.883573523132,30,1.5,8.700000000000001,1.5,8.700000000000001,inspect_top30_uncertainty_x_graph_consequence,top_uncertainty_graph_consequence,30,0.2,budget_only,56,7.273477117090181,305.6100964060418
163.80324567605305,147.6605878098456,311.46383348589865,60,3.0,8.700000000000001,3.0,8.700000000000001,inspect_top60_uncertainty_x_graph_consequence,top_uncertainty_graph_consequence,60,0.2,budget_only,56,5.853737079856842,305.6100964060418
163.40758442510514,148.23241415711348,311.6399985822186,60,3.0,8.700000000000001,3.0,8.700000000000001,inspect_random60,random,60,0.2,budget_only,56,6.02990217617679,305.6100964060418
165.59533331466824,149.48227319734895,315.07760651201716,30,1.5,8.700000000000001,1.5,8.700000000000001,inspect_top30_consequence,top_consequence,30,0.2,budget_only,57,3.6896823818327107,311.38792413018444
165.75209281226233,149.09095732713192,314.8430501393942,60,3.0,8.700000000000001,3.0,8.700000000000001,inspect_top60_consequence,top_consequence,60,0.2,budget_only,57,3.4551260092097777,311.38792413018444
166.1297173298369,149.70506926744045,315.83478659727734,30,1.5,8.700000000000001,1.5,8.700000000000001,inspect_top30_consequence_no_graph,top_consequence_no_graph,30,0.2,budget_only,57,4.446862467092899,311.38792413018444
165.97807967894298,148.99213502683824,314.97021470578125,60,3.0,8.700000000000001,3.0,8.700000000000001,inspect_top60_consequence_no_graph,top_consequence_no_graph,60,0.2,budget_only,57,3.582290575596801,311.38792413018444
165.81359891837337,150.24931573180817,316.06291465018154,30,1.5,8.700000000000001,1.5,8.700000000000001,inspect_top30_uncertainty_x_consequence,top_uncertainty_consequence,30,0.2,budget_only,57,4.674990519997095,311.38792413018444
165.41077177048817,149.68582934865296,315.09660111914116,60,3.0,8.700000000000001,3.0,8.700000000000001,inspect_top60_uncertainty_x_consequence,top_uncertainty_consequence,60,0.2,budget_only,57,3.708676988956711,311.38792413018444
165.74870249553118,150.0678430381932,315.81654553372437,30,1.5,8.700000000000001,1.5,8.700000000000001,inspect_top30_uncertainty_x_graph_consequence,top_uncertainty_graph_consequence,30,0.2,budget_only,57,4.428621403539921,311.38792413018444
165.9494332592829,150.1628741241273,316.1123073834102,60,3.0,8.700000000000001,3.0,8.700000000000001,inspect_top60_uncertainty_x_graph_consequence,top_uncertainty_graph_consequence,60,0.2,budget_only,57,4.724383253225767,311.38792413018444
166.23682175384047,150.88150797117845,317.11832972501895,60,3.0,8.700000000000001,3.0,8.700000000000001,inspect_random60,random,60,0.2,budget_only,57,5.730405594834508,311.38792413018444
169.69137224747223,153.45194350345233,323.14331575092456,30,1.5,8.700000000000001,1.5,8.700000000000001,inspect_top30_consequence,top_consequence,30,0.2,budget_only,58,6.629199574031304,316.51411617689325
168.52022641098745,151.87351191980702,320.39373833079446,60,3.0,8.700000000000001,3.0,8.700000000000001,inspect_top60_consequence,top_consequence,60,0.2,budget_only,58,3.8796221539012095,316.51411617689325
169.43910908335124,153.4461921033665,322.88530118671775,30,1.5,8.700000000000001,1.5,8.700000000000001,inspect_top30_consequence_no_graph,top_consequence_no_graph,30,0.2,budget_only,58,6.371185009824501,316.51411617689325
170.11599462759034,153.3282527814145,323.44424740900484,60,3.0,8.700000000000001,3.0,8.700000000000001,inspect_top60_consequence_no_graph,top_consequence_no_graph,60,0.2,budget_only,58,6.9301312321115915,316.51411617689325
168.2348718463301,153.37516127657858,321.6100331229087,30,1.5,8.700000000000001,1.5,8.700000000000001,inspect_top30_uncertainty_x_consequence,top_uncertainty_consequence,30,0.2,budget_only,58,5.09591694601545,316.51411617689325
169.11744035968815,153.3887309372839,322.50617129697207,60,3.0,8.700000000000001,3.0,8.700000000000001,inspect_top60_uncertainty_x_consequence,top_uncertainty_consequence,60,0.2,budget_only,58,5.992055120078817,316.51411617689325
168.25116484652776,153.45202554393953,321.7031903904673,30,1.5,8.700000000000001,1.5,8.700000000000001,inspect_top30_uncertainty_x_graph_consequence,top_uncertainty_graph_consequence,30,0.2,budget_only,58,5.189074213574031,316.51411617689325
169.03089875778784,153.4654022891512,322.49630104693904,60,3.0,8.700000000000001,3.0,8.700000000000001,inspect_top60_uncertainty_x_graph_consequence,top_uncertainty_graph_consequence,60,0.2,budget_only,58,5.982184870045785,316.51411617689325
169.12283211154255,153.5738311555545,322.69666326709705,60,3.0,8.700000000000001,3.0,8.700000000000001,inspect_random60,random,60,0.2,budget_only,58,6.182547090203798,316.51411617689325
171.57854932664466,156.11874835098078,327.69729767762544,30,1.5,8.700000000000001,1.5,8.700000000000001,inspect_top30_consequence,top_consequence,30,0.2,budget_only,59,6.542938566970406,321.15435911065504
171.56696764147313,155.04680988910042,326.61377753057354,60,3.0,8.700000000000001,3.0,8.700000000000001,inspect_top60_consequence,top_consequence,60,0.2,budget_only,59,5.4594184199185065,321.15435911065504
171.8305669703109,156.63783867414548,328.4684056444564,30,1.5,8.700000000000001,1.5,8.700000000000001,inspect_top30_consequence_no_graph,top_consequence_no_graph,30,0.2,budget_only,59,7.314046533801388,321.15435911065504
172.0765382895596,155.25292667254274,327.32946496210235,60,3.0,8.700000000000001,3.0,8.700000000000001,inspect_top60_consequence_no_graph,top_consequence_no_graph,60,0.2,budget_only,59,6.175105851447313,321.15435911065504
171.1302454082337,155.42878377412575,326.55902918235944,30,1.5,8.700000000000001,1.5,8.700000000000001,inspect_top30_uncertainty_x_consequence,top_uncertainty_consequence,30,0.2,budget_only,59,5.404670071704402,321.15435911065504
170.77626164314188,155.05908074631574,325.83534238945765,60,3.0,8.700000000000001,3.0,8.700000000000001,inspect_top60_uncertainty_x_consequence,top_uncertainty_consequence,60,0.2,budget_only,59,4.680983278802614,321.15435911065504
170.98953195273154,155.45247754312442,326.4420094958559,30,1.5,8.700000000000001,1.5,8.700000000000001,inspect_top30_uncertainty_x_graph_consequence,top_uncertainty_graph_consequence,30,0.2,budget_only,59,5.287650385200891,321.15435911065504
171.172118978762,155.07289470862494,326.245013687387,60,3.0,8.700000000000001,3.0,8.700000000000001,inspect_top60_uncertainty_x_graph_consequence,top_uncertainty_graph_consequence,60,0.2,budget_only,59,5.090654576731936,321.15435911065504
171.03318820088083,156.43002814413524,327.46321634501606,60,3.0,8.700000000000001,3.0,8.700000000000001,inspect_random60,random,60,0.2,budget_only,59,6.308857234361028,321.15435911065504
163.06996209326957,146.8704883415236,309.9404504347932,30,1.5,8.700000000000001,1.5,8.700000000000001,inspect_top30_consequence,top_consequence,30,0.2,budget_only,60,4.791644148631519,305.1488062861617
163.29272704680176,146.9832867961527,310.27601384295446,60,3.0,8.700000000000001,3.0,8.700000000000001,inspect_top60_consequence,top_consequence,60,0.2,budget_only,60,5.127207556792769,305.1488062861617
162.85764993460424,146.73106889327033,309.5887188278746,30,1.5,8.700000000000001,1.5,8.700000000000001,inspect_top30_consequence_no_graph,top_consequence_no_graph,30,0.2,budget_only,60,4.439912541712886,305.1488062861617
163.1964630121546,146.4463962573675,309.6428592695221,60,3.0,8.700000000000001,3.0,8.700000000000001,inspect_top60_consequence_no_graph,top_consequence_no_graph,60,0.2,budget_only,60,4.494052983360405,305.1488062861617
162.48345194400065,146.90017519966452,309.3836271436652,30,1.5,8.700000000000001,1.5,8.700000000000001,inspect_top30_uncertainty_x_consequence,top_uncertainty_consequence,30,0.2,budget_only,60,4.234820857503507,305.1488062861617
162.31328274094696,146.20997237211498,308.52325511306196,60,3.0,8.700000000000001,3.0,8.700000000000001,inspect_top60_uncertainty_x_consequence,top_uncertainty_consequence,60,0.2,budget_only,60,3.3744488269002773,305.1488062861617
162.7402441605466,147.01440366761986,309.75464782816647,30,1.5,8.700000000000001,1.5,8.700000000000001,inspect_top30_uncertainty_x_graph_consequence,top_uncertainty_graph_consequence,30,0.2,budget_only,60,4.605841542004782,305.1488062861617
162.29475265892012,146.40874317262535,308.70349583154547,60,3.0,8.700000000000001,3.0,8.700000000000001,inspect_top60_uncertainty_x_graph_consequence,top_uncertainty_graph_consequence,60,0.2,budget_only,60,3.5546895453837806,305.1488062861617
162.74090118381486,147.16149819942592,309.9023993832408,60,3.0,8.700000000000001,3.0,8.700000000000001,inspect_random60,random,60,0.2,budget_only,60,4.75359309707909,305.1488062861617
172.20098713506303,156.4676326631461,328.66861979820914,30,1.5,8.700000000000001,1.5,8.700000000000001,inspect_top30_consequence,top_consequence,30,0.2,budget_only,61,5.045681225151384,323.62293857305775
171.99013471423388,155.3526358599759,327.3427705742098,60,3.0,8.700000000000001,3.0,8.700000000000001,inspect_top60_consequence,top_consequence,60,0.2,budget_only,61,3.7198320011520423,323.62293857305775
172.66465784611214,156.97767203492455,329.6423298810367,30,1.5,8.700000000000001,1.5,8.700000000000001,inspect_top30_consequence_no_graph,top_consequence_no_graph,30,0.2,budget_only,61,6.019391307978935,323.62293857305775
172.5116884177021,155.92743037202263,328.4391187897247,60,3.0,8.700000000000001,3.0,8.700000000000001,inspect_top60_consequence_no_graph,top_consequence_no_graph,60,0.2,budget_only,61,4.8161802166669645,323.62293857305775
172.2519296918619,156.8133845628787,329.0653142547406,30,1.5,8.700000000000001,1.5,8.700000000000001,inspect_top30_uncertainty_x_consequence,top_uncertainty_consequence,30,0.2,budget_only,61,5.442375681682847,323.62293857305775
173.45506548082972,157.30358005929028,330.75864554012,60,3.0,8.700000000000001,3.0,8.700000000000001,inspect_top60_uncertainty_x_consequence,top_uncertainty_consequence,60,0.2,budget_only,61,7.135706967062276,323.62293857305775
171.9523677744075,157.09026504237454,329.04263281678203,30,1.5,8.700000000000001,1.5,8.700000000000001,inspect_top30_uncertainty_x_graph_consequence,top_uncertainty_graph_consequence,30,0.2,budget_only,61,5.41969424372428,323.62293857305775
173.5128089812214,157.54461995511005,331.05742893633146,60,3.0,8.700000000000001,3.0,8.700000000000001,inspect_top60_uncertainty_x_graph_consequence,top_uncertainty_graph_consequence,60,0.2,budget_only,61,7.43449036327371,323.62293857305775
171.5501175718794,156.11993704186085,327.67005461374026,60,3.0,8.700000000000001,3.0,8.700000000000001,inspect_random60,random,60,0.2,budget_only,61,4.047116040682511,323.62293857305775
176.26069327569587,160.28685827169878,336.5475515473946,30,1.5,8.700000000000001,1.5,8.700000000000001,inspect_top30_consequence,top_consequence,30,0.2,budget_only,62,6.624413523133853,329.92313802426077
176.87491113505462,159.97021491377149,336.8451260488261,60,3.0,8.700000000000001,3.0,8.700000000000001,inspect_top60_consequence,top_consequence,60,0.2,budget_only,62,6.921988024565337,329.92313802426077
176.7738854284251,161.08947079904158,337.8633562274667,30,1.5,8.700000000000001,1.5,8.700000000000001,inspect_top30_consequence_no_graph,top_consequence_no_graph,30,0.2,budget_only,62,7.940218203205916,329.92313802426077
176.90323365598306,159.87184354440205,336.7750772003851,60,3.0,8.700000000000001,3.0,8.700000000000001,inspect_top60_consequence_no_graph,top_consequence_no_graph,60,0.2,budget_only,62,6.851939176124347,329.92313802426077
175.92883769776836,161.15082794168228,337.07966563945064,30,1.5,8.700000000000001,1.5,8.700000000000001,inspect_top30_uncertainty_x_consequence,top_uncertainty_consequence,30,0.2,budget_only,62,7.156527615189873,329.92313802426077
175.4790344805935,159.84362205212304,335.32265653271656,60,3.0,8.700000000000001,3.0,8.700000000000001,inspect_top60_uncertainty_x_consequence,top_uncertainty_consequence,60,0.2,budget_only,62,5.399518508455799,329.92313802426077
175.72440573053495,160.653473813075,336.37787954361,30,1.5,8.700000000000001,1.5,8.700000000000001,inspect_top30_uncertainty_x_graph_consequence,top_uncertainty_graph_consequence,30,0.2,budget_only,62,6.454741519349227,329.92313802426077
175.40879787163036,159.4470844096507,334.8558822812811,60,3.0,8.700000000000001,3.0,8.700000000000001,inspect_top60_uncertainty_x_graph_consequence,top_uncertainty_graph_consequence,60,0.2,budget_only,62,4.9327442570203175,329.92313802426077
176.97145897528924,161.7871085306582,338.75856750594744,60,3.0,8.700000000000001,3.0,8.700000000000001,inspect_random60,random,60,0.2,budget_only,62,8.835429481686674,329.92313802426077
175.6130401305171,159.7402114143042,335.3532515448213,30,1.5,8.700000000000001,1.5,8.700000000000001,inspect_top30_consequence,top_consequence,30,0.2,budget_only,63,4.097456748231082,331.25579479659024
176.25267069233956,159.28353249940423,335.53620319174377,60,3.0,8.700000000000001,3.0,8.700000000000001,inspect_top60_consequence,top_consequence,60,0.2,budget_only,63,4.280408395153529,331.25579479659024
175.9981319128414,159.69163524080784,335.6897671536492,30,1.5,8.700000000000001,1.5,8.700000000000001,inspect_top30_consequence_no_graph,top_consequence_no_graph,30,0.2,budget_only,63,4.433972357058963,331.25579479659024
176.71077380040134,159.79724317544586,336.5080169758472,60,3.0,8.700000000000001,3.0,8.700000000000001,inspect_top60_consequence_no_graph,top_consequence_no_graph,60,0.2,budget_only,63,5.252222179256989,331.25579479659024
175.48946629426706,160.2109300356983,335.7003963299654,30,1.5,8.700000000000001,1.5,8.700000000000001,inspect_top30_uncertainty_x_consequence,top_uncertainty_consequence,30,0.2,budget_only,63,4.444601533375135,331.25579479659024
176.50853129962246,160.13894533862668,336.64747663824915,60,3.0,8.700000000000001,3.0,8.700000000000001,inspect_top60_uncertainty_x_consequence,top_uncertainty_consequence,60,0.2,budget_only,63,5.391681841658908,331.25579479659024
175.4291886242733,160.24512001942205,335.6743086436953,30,1.5,8.700000000000001,1.5,8.700000000000001,inspect_top30_uncertainty_x_graph_consequence,top_uncertainty_graph_consequence,30,0.2,budget_only,63,4.418513847105089,331.25579479659024
176.52126273543684,160.16751246732773,336.68877520276453,60,3.0,8.700000000000001,3.0,8.700000000000001,inspect_top60_uncertainty_x_graph_consequence,top_uncertainty_graph_consequence,60,0.2,budget_only,63,5.432980406174295,331.25579479659024
176.85547358190917,161.71666558848628,338.5721391703954,60,3.0,8.700000000000001,3.0,8.700000000000001,inspect_random60,random,60,0.2,budget_only,63,7.31634437380518,331.25579479659024
170.08301361375504,153.66593657953555,323.7489501932906,30,1.5,8.700000000000001,1.5,8.700000000000001,inspect_top30_consequence,top_consequence,30,0.2,budget_only,64,5.556448271966417,318.1925019213242
170.619379913584,153.51144731547475,324.13082722905875,60,3.0,8.700000000000001,3.0,8.700000000000001,inspect_top60_consequence,top_consequence,60,0.2,budget_only,64,5.938325307734544,318.1925019213242
170.75085224604464,154.05751753145222,324.80836977749686,30,1.5,8.700000000000001,1.5,8.700000000000001,inspect_top30_consequence_no_graph,top_consequence_no_graph,30,0.2,budget_only,64,6.615867856172656,318.1925019213242
170.807710880393,153.70950995635675,324.51722083674974,60,3.0,8.700000000000001,3.0,8.700000000000001,inspect_top60_consequence_no_graph,top_consequence_no_graph,60,0.2,budget_only,64,6.324718915425535,318.1925019213242
169.97715128124955,155.13028333664124,325.1074346178908,30,1.5,8.700000000000001,1.5,8.700000000000001,inspect_top30_uncertainty_x_consequence,top_uncertainty_consequence,30,0.2,budget_only,64,6.914932696566609,318.1925019213242
170.2296592457426,154.3979548695262,324.6276141152688,60,3.0,8.700000000000001,3.0,8.700000000000001,inspect_top60_uncertainty_x_consequence,top_uncertainty_consequence,60,0.2,budget_only,64,6.435112193944576,318.1925019213242
168.4808299760479,154.6499615966469,323.13079157269476,30,1.5,8.700000000000001,1.5,8.700000000000001,inspect_top30_uncertainty_x_graph_consequence,top_uncertainty_graph_consequence,30,0.2,budget_only,64,4.938289651370553,318.1925019213242
169.783051951141,153.771954621511,323.555006572652,60,3.0,8.700000000000001,3.0,8.700000000000001,inspect_top60_uncertainty_x_graph_consequence,top_uncertainty_graph_consequence,60,0.2,budget_only,64,5.362504651327811,318.1925019213242
170.19766712074576,155.25189938810252,325.4495665088483,60,3.0,8.700000000000001,3.0,8.700000000000001,inspect_random60,random,60,0.2,budget_only,64,7.257064587524098,318.1925019213242
163.36301512749188,146.90490799461946,310.26792312211137,30,1.5,8.700000000000001,1.5,8.700000000000001,inspect_top30_consequence,top_consequence,30,0.2,budget_only,65,2.3969857487949753,307.8709373733164
164.4557479848826,147.63781470785642,312.09356269273906,60,3.0,8.700000000000001,3.0,8.700000000000001,inspect_top60_consequence,top_consequence,60,0.2,budget_only,65,4.2226253194226615,307.8709373733164
163.2340345963713,147.24543316666313,310.47946776303445,30,1.5,8.700000000000001,1.5,8.700000000000001,inspect_top30_consequence_no_graph,top_consequence_no_graph,30,0.2,budget_only,65,2.608530389718055,307.8709373733164
164.10517165485336,147.09147129912972,311.1966429539831,60,3.0,8.700000000000001,3.0,8.700000000000001,inspect_top60_consequence_no_graph,top_consequence_no_graph,60,0.2,budget_only,65,3.3257055806666926,307.8709373733164
164.219058675992,148.01228490018838,312.2313435761804,30,1.5,8.700000000000001,1.5,8.700000000000001,inspect_top30_uncertainty_x_consequence,top_uncertainty_consequence,30,0.2,budget_only,65,4.360406202863999,307.8709373733164
164.86934890932613,148.37664099810627,313.24598990743243,60,3.0,8.700000000000001,3.0,8.700000000000001,inspect_top60_uncertainty_x_consequence,top_uncertainty_consequence,60,0.2,budget_only,65,5.375052534116037,307.8709373733164
164.2495110455759,148.0395276113286,312.2890386569045,30,1.5,8.700000000000001,1.5,8.700000000000001,inspect_top30_uncertainty_x_graph_consequence,top_uncertainty_graph_consequence,30,0.2,budget_only,65,4.418101283588101,307.8709373733164
164.82945554375488,148.57555469267515,313.40501023643003,60,3.0,8.700000000000001,3.0,8.700000000000001,inspect_top60_uncertainty_x_graph_consequence,top_uncertainty_graph_consequence,60,0.2,budget_only,65,5.534072863113636,307.8709373733164
162.65630365121098,147.95183579218855,310.6081394433995,60,3.0,8.700000000000001,3.0,8.700000000000001,inspect_random60,random,60,0.2,budget_only,65,2.7372020700831285,307.8709373733164
179.19783682207174,162.80407841622954,342.0019152383013,30,1.5,8.700000000000001,1.5,8.700000000000001,inspect_top30_consequence,top_consequence,30,0.2,budget_only,66,4.828737952482129,337.1731772858192
179.5176206099232,162.44418302432123,341.96180363424446,60,3.0,8.700000000000001,3.0,8.700000000000001,inspect_top60_consequence,top_consequence,60,0.2,budget_only,66,4.788626348425282,337.1731772858192
179.62234163426794,163.13943664744238,342.76177828171035,30,1.5,8.700000000000001,1.5,8.700000000000001,inspect_top30_consequence_no_graph,top_consequence_no_graph,30,0.2,budget_only,66,5.58860099589117,337.1731772858192
179.97224920695538,162.85079910667844,342.8230483136338,60,3.0,8.700000000000001,3.0,8.700000000000001,inspect_top60_consequence_no_graph,top_consequence_no_graph,60,0.2,budget_only,66,5.6498710278146405,337.1731772858192
179.17736116859803,163.54191925488715,342.7192804234852,30,1.5,8.700000000000001,1.5,8.700000000000001,inspect_top30_uncertainty_x_consequence,top_uncertainty_consequence,30,0.2,budget_only,66,5.546103137666023,337.1731772858192
180.01952140141424,163.7792012494878,343.79872265090205,60,3.0,8.700000000000001,3.0,8.700000000000001,inspect_top60_uncertainty_x_consequence,top_uncertainty_consequence,60,0.2,budget_only,66,6.625545365082871,337.1731772858192
179.006064634881,163.2176357077199,342.22370034260086,30,1.5,8.700000000000001,1.5,8.700000000000001,inspect_top30_uncertainty_x_graph_consequence,top_uncertainty_graph_consequence,30,0.2,budget_only,66,5.050523056781685,337.1731772858192
180.15346477606812,164.06297761583775,344.21644239190584,60,3.0,8.700000000000001,3.0,8.700000000000001,inspect_top60_uncertainty_x_graph_consequence,top_uncertainty_graph_consequence,60,0.2,budget_only,66,7.043265106086665,337.1731772858192
179.18283567753153,164.1043145544948,343.2871502320263,60,3.0,8.700000000000001,3.0,8.700000000000001,inspect_random60,random,60,0.2,budget_only,66,6.113972946207127,337.1731772858192
166.552850711948,150.38596987237563,316.9388205843236,30,1.5,8.700000000000001,1.5,8.700000000000001,inspect_top30_consequence,top_consequence,30,0.2,budget_only,67,4.4697772440315475,312.46904334029205
167.0816333801426,150.16748340172518,317.24911678186777,60,3.0,8.700000000000001,3.0,8.700000000000001,inspect_top60_consequence,top_consequence,60,0.2,budget_only,67,4.780073441575723,312.46904334029205
166.96634902201023,151.02562058819692,317.99196961020715,30,1.5,8.700000000000001,1.5,8.700000000000001,inspect_top30_consequence_no_graph,top_consequence_no_graph,30,0.2,budget_only,67,5.522926269915104,312.46904334029205
167.40946696498253,150.18954189009094,317.59900885507346,60,3.0,8.700000000000001,3.0,8.700000000000001,inspect_top60_consequence_no_graph,top_consequence_no_graph,60,0.2,budget_only,67,5.129965514781418,312.46904334029205
166.85751135113418,150.81261983589724,317.6701311870314,30,1.5,8.700000000000001,1.5,8.700000000000001,inspect_top30_uncertainty_x_consequence,top_uncertainty_consequence,30,0.2,budget_only,67,5.2010878467393695,312.46904334029205
167.31407128038015,150.92711742894647,318.2411887093266,60,3.0,8.700000000000001,3.0,8.700000000000001,inspect_top60_uncertainty_x_consequence,top_uncertainty_consequence,60,0.2,budget_only,67,5.772145369034547,312.46904334029205
166.78022917474584,150.83354408610256,317.6137732608484,30,1.5,8.700000000000001,1.5,8.700000000000001,inspect_top30_uncertainty_x_graph_consequence,top_uncertainty_graph_consequence,30,0.2,budget_only,67,5.144729920556358,312.46904334029205
166.99132901732742,150.73075600384723,317.7220850211746,60,3.0,8.700000000000001,3.0,8.700000000000001,inspect_top60_uncertainty_x_graph_consequence,top_uncertainty_graph_consequence,60,0.2,budget_only,67,5.253041680882575,312.46904334029205
165.72162001186342,150.07230590554556,315.79392591740896,60,3.0,8.700000000000001,3.0,8.700000000000001,inspect_random60,random,60,0.2,budget_only,67,3.3248825771169095,312.46904334029205
176.08951953539872,159.6408703039908,335.73038983938955,30,1.5,8.700000000000001,1.5,8.700000000000001,inspect_top30_consequence,top_consequence,30,0.2,budget_only,68,8.994460553536044,326.7359292858535
175.2374071921526,158.29700455278106,333.53441174493366,60,3.0,8.700000000000001,3.0,8.700000000000001,inspect_top60_consequence,top_consequence,60,0.2,budget_only,68,6.798482459080162,326.7359292858535
174.76758227582926,159.45087991693987,334.21846219276915,30,1.5,8.700000000000001,1.5,8.700000000000001,inspect_top30_consequence_no_graph,top_consequence_no_graph,30,0.2,budget_only,68,7.482532906915651,326.7359292858535
175.25298580717424,158.1227778750731,333.37576368224734,60,3.0,8.700000000000001,3.0,8.700000000000001,inspect_top60_consequence_no_graph,top_consequence_no_graph,60,0.2,budget_only,68,6.639834396393837,326.7359292858535
174.8312173516014,159.30359472157562,334.13481207317705,30,1.5,8.700000000000001,1.5,8.700000000000001,inspect_top30_uncertainty_x_consequence,top_uncertainty_consequence,30,0.2,budget_only,68,7.398882787323544,326.7359292858535
175.32274457394334,159.19544933861562,334.51819391255896,60,3.0,8.700000000000001,3.0,8.700000000000001,inspect_top60_uncertainty_x_consequence,top_uncertainty_consequence,60,0.2,budget_only,68,7.782264626705455,326.7359292858535
174.96072837034205,159.7275009870727,334.68822935741474,30,1.5,8.700000000000001,1.5,8.700000000000001,inspect_top30_uncertainty_x_graph_consequence,top_uncertainty_graph_consequence,30,0.2,budget_only,68,7.95230007156124,326.7359292858535
174.56719251089652,158.5617698172316,333.1289623281281,60,3.0,8.700000000000001,3.0,8.700000000000001,inspect_top60_uncertainty_x_graph_consequence,top_uncertainty_graph_consequence,60,0.2,budget_only,68,6.393033042274624,326.7359292858535
174.8131709549732,160.3122464052772,335.12541736025037,60,3.0,8.700000000000001,3.0,8.700000000000001,inspect_random60,random,60,0.2,budget_only,68,8.389488074396866,326.7359292858535
181.30718622880897,166.232352236074,347.539538464883,30,1.5,8.700000000000001,1.5,8.700000000000001,inspect_top30_consequence,top_consequence,30,0.2,budget_only,69,4.373137016546821,343.16640144833616
182.24348011888262,165.75888974250984,348.0023698613925,60,3.0,8.700000000000001,3.0,8.700000000000001,inspect_top60_consequence,top_consequence,60,0.2,budget_only,69,4.835968413056321,343.16640144833616
182.2577883800663,167.42197259176635,349.67976097183265,30,1.5,8.700000000000001,1.5,8.700000000000001,inspect_top30_consequence_no_graph,top_consequence_no_graph,30,0.2,budget_only,69,6.51335952349649,343.16640144833616
182.5994069788303,166.0249382928533,348.62434527168364,60,3.0,8.700000000000001,3.0,8.700000000000001,inspect_top60_consequence_no_graph,top_consequence_no_graph,60,0.2,budget_only,69,5.4579438233474775,343.16640144833616
182.1052781176299,167.49548608481797,349.60076420244786,30,1.5,8.700000000000001,1.5,8.700000000000001,inspect_top30_uncertainty_x_consequence,top_uncertainty_consequence,30,0.2,budget_only,69,6.434362754111703,343.16640144833616
182.75098979990685,166.46871058213054,349.2197003820374,60,3.0,8.700000000000001,3.0,8.700000000000001,inspect_top60_uncertainty_x_consequence,top_uncertainty_consequence,60,0.2,budget_only,69,6.053298933701228,343.16640144833616
182.56161565352164,167.88289480366376,350.4445104571854,30,1.5,8.700000000000001,1.5,8.700000000000001,inspect_top30_uncertainty_x_graph_consequence,top_uncertainty_graph_consequence,30,0.2,budget_only,69,7.278109008849242,343.16640144833616
182.42316729516,166.0939576346945,348.5171249298545,60,3.0,8.700000000000001,3.0,8.700000000000001,inspect_top60_uncertainty_x_graph_consequence,top_uncertainty_graph_consequence,60,0.2,budget_only,69,5.350723481518344,343.16640144833616
181.82241472066542,167.4423687969533,349.26478351761875,60,3.0,8.700000000000001,3.0,8.700000000000001,inspect_random60,random,60,0.2,budget_only,69,6.098382069282593,343.16640144833616
158.32837158386508,143.38685059033162,301.7152221741967,30,1.5,8.700000000000001,1.5,8.700000000000001,inspect_top30_consequence,top_consequence,30,0.2,budget_only,70,4.187359977226549,297.52786219697015
159.44666995947136,142.53867996844,301.98534992791133,60,3.0,8.700000000000001,3.0,8.700000000000001,inspect_top60_consequence,top_consequence,60,0.2,budget_only,70,4.457487730941182,297.52786219697015
158.34131062576165,143.0286115729691,301.36992219873076,30,1.5,8.700000000000001,1.5,8.700000000000001,inspect_top30_consequence_no_graph,top_consequence_no_graph,30,0.2,budget_only,70,3.842060001760615,297.52786219697015
158.93562671917698,142.14986656198795,301.08549328116493,60,3.0,8.700000000000001,3.0,8.700000000000001,inspect_top60_consequence_no_graph,top_consequence_no_graph,60,0.2,budget_only,70,3.5576310841947816,297.52786219697015
159.60920068610616,144.5154633646692,304.1246640507753,30,1.5,8.700000000000001,1.5,8.700000000000001,inspect_top30_uncertainty_x_consequence,top_uncertainty_consequence,30,0.2,budget_only,70,6.596801853805175,297.52786219697015
159.4933829591362,143.5518052078864,303.0451881670226,60,3.0,8.700000000000001,3.0,8.700000000000001,inspect_top60_uncertainty_x_consequence,top_uncertainty_consequence,60,0.2,budget_only,70,5.517325970052468,297.52786219697015
159.53860477962297,144.5033768288163,304.0419816084393,30,1.5,8.700000000000001,1.5,8.700000000000001,inspect_top30_uncertainty_x_graph_consequence,top_uncertainty_graph_consequence,30,0.2,budget_only,70,6.514119411469153,297.52786219697015
159.48648351604942,143.46453712395743,302.95102064000685,60,3.0,8.700000000000001,3.0,8.700000000000001,inspect_top60_uncertainty_x_graph_consequence,top_uncertainty_graph_consequence,60,0.2,budget_only,70,5.423158443036698,297.52786219697015
158.693629705164,143.7926404748217,302.4862701799857,60,3.0,8.700000000000001,3.0,8.700000000000001,inspect_random60,random,60,0.2,budget_only,70,4.958407983015547,297.52786219697015
160.1113317182872,145.25241995050132,305.3637516687885,30,1.5,8.700000000000001,1.5,8.700000000000001,inspect_top30_consequence,top_consequence,30,0.2,budget_only,71,3.9333936168610535,301.43035805192744
161.0496970043426,144.50221442017926,305.55191142452185,60,3.0,8.700000000000001,3.0,8.700000000000001,inspect_top60_consequence,top_consequence,60,0.2,budget_only,71,4.121553372594406,301.43035805192744
160.33534565980932,144.99989825368226,305.3352439134916,30,1.5,8.700000000000001,1.5,8.700000000000001,inspect_top30_consequence_no_graph,top_consequence_no_graph,30,0.2,budget_only,71,3.9048858615641393,301.43035805192744
161.0100683582004,144.29134719999058,305.301415558191,60,3.0,8.700000000000001,3.0,8.700000000000001,inspect_top60_consequence_no_graph,top_consequence_no_graph,60,0.2,budget_only,71,3.8710575062635826,301.43035805192744
160.24147046877712,145.67703637051702,305.91850683929414,30,1.5,8.700000000000001,1.5,8.700000000000001,inspect_top30_uncertainty_x_consequence,top_uncertainty_consequence,30,0.2,budget_only,71,4.488148787366697,301.43035805192744
160.76710719534657,144.90977077334782,305.6768779686944,60,3.0,8.700000000000001,3.0,8.700000000000001,inspect_top60_uncertainty_x_consequence,top_uncertainty_consequence,60,0.2,budget_only,71,4.2465199167669425,301.43035805192744
159.92297714701647,145.89894405609633,305.82192120311277,30,1.5,8.700000000000001,1.5,8.700000000000001,inspect_top30_uncertainty_x_graph_consequence,top_uncertainty_graph_consequence,30,0.2,budget_only,71,4.3915631511853235,301.43035805192744
161.24205016587965,145.3939937781505,306.6360439440301,60,3.0,8.700000000000001,3.0,8.700000000000001,inspect_top60_uncertainty_x_graph_consequence,top_uncertainty_graph_consequence,60,0.2,budget_only,71,5.205685892102679,301.43035805192744
160.4596584418379,145.70072458407378,306.16038302591164,60,3.0,8.700000000000001,3.0,8.700000000000001,inspect_random60,random,60,0.2,budget_only,71,4.7300249739842,301.43035805192744
184.08339684966103,167.53802241397727,351.6214192636383,30,1.5,8.700000000000001,1.5,8.700000000000001,inspect_top30_consequence,top_consequence,30,0.2,budget_only,72,4.1166869119320495,347.50473235170625
183.81234797439828,167.1241371171182,350.9364850915165,60,3.0,8.700000000000001,3.0,8.700000000000001,inspect_top60_consequence,top_consequence,60,0.2,budget_only,72,3.4317527398102357,347.50473235170625
183.9972985370382,167.2689896930441,351.2662882300823,30,1.5,8.700000000000001,1.5,8.700000000000001,inspect_top30_consequence_no_graph,top_consequence_no_graph,30,0.2,budget_only,72,3.7615558783760434,347.50473235170625
184.27050660714465,167.0476592387466,351.31816584589126,60,3.0,8.700000000000001,3.0,8.700000000000001,inspect_top60_consequence_no_graph,top_consequence_no_graph,60,0.2,budget_only,72,3.8134334941850057,347.50473235170625
184.0920598606962,167.95511454617906,352.04717440687523,30,1.5,8.700000000000001,1.5,8.700000000000001,inspect_top30_uncertainty_x_consequence,top_uncertainty_consequence,30,0.2,budget_only,72,4.542442055168976,347.50473235170625
183.18377165257996,167.04345051084925,350.22722216342925,60,3.0,8.700000000000001,3.0,8.700000000000001,inspect_top60_uncertainty_x_consequence,top_uncertainty_consequence,60,0.2,budget_only,72,2.722489811722994,347.50473235170625
183.7431103457262,167.54926755159693,351.29237789732315,30,1.5,8.700000000000001,1.5,8.700000000000001,inspect_top30_uncertainty_x_graph_consequence,top_uncertainty_graph_consequence,30,0.2,budget_only,72,3.787645545616897,347.50473235170625
183.65758097202098,167.44222407655158,351.09980504857253,60,3.0,8.700000000000001,3.0,8.700000000000001,inspect_top60_uncertainty_x_graph_consequence,top_uncertainty_graph_consequence,60,0.2,budget_only,72,3.595072696866282,347.50473235170625
183.8258487274566,167.62300667779095,351.4488554052475,60,3.0,8.700000000000001,3.0,8.700000000000001,inspect_random60,random,60,0.2,budget_only,72,3.9441230535412615,347.50473235170625
163.85590278749868,148.1348997783752,311.9908025658739,30,1.5,8.700000000000001,1.5,8.700000000000001,inspect_top30_consequence,top_consequence,30,0.2,budget_only,73,7.654464121362253,304.3363384445116
162.60381287407031,146.09927236604915,308.70308524011944,60,3.0,8.700000000000001,3.0,8.700000000000001,inspect_top60_consequence,top_consequence,60,0.2,budget_only,73,4.36674679560781,304.3363384445116
162.43264418217584,146.91547510582268,309.34811928799854,30,1.5,8.700000000000001,1.5,8.700000000000001,inspect_top30_consequence_no_graph,top_consequence_no_graph,30,0.2,budget_only,73,5.0117808434869175,304.3363384445116
163.3305129741109,146.15587670204064,309.48638967615153,60,3.0,8.700000000000001,3.0,8.700000000000001,inspect_top60_consequence_no_graph,top_consequence_no_graph,60,0.2,budget_only,73,5.150051231639907,304.3363384445116
163.29276580291753,148.19049608371574,311.4832618866333,30,1.5,8.700000000000001,1.5,8.700000000000001,inspect_top30_uncertainty_x_consequence,top_uncertainty_consequence,30,0.2,budget_only,73,7.146923442121647,304.3363384445116
163.56476908979158,147.76936886682813,311.3341379566197,60,3.0,8.700000000000001,3.0,8.700000000000001,inspect_top60_uncertainty_x_consequence,top_uncertainty_consequence,60,0.2,budget_only,73,6.997799512108088,304.3363384445116
162.72393285498623,148.4047159699088,311.12864882489504,30,1.5,8.700000000000001,1.5,8.700000000000001,inspect_top30_uncertainty_x_graph_consequence,top_uncertainty_graph_consequence,30,0.2,budget_only,73,6.792310380383412,304.3363384445116
164.2901493478039,148.4516064190742,312.7417557668781,60,3.0,8.700000000000001,3.0,8.700000000000001,inspect_top60_uncertainty_x_graph_consequence,top_uncertainty_graph_consequence,60,0.2,budget_only,73,8.405417322366475,304.3363384445116
162.5370249524263,147.92496605092833,310.4619910033546,60,3.0,8.700000000000001,3.0,8.700000000000001,inspect_random60,random,60,0.2,budget_only,73,6.125652558843001,304.3363384445116
165.1714557626745,149.1688867490846,314.3403425117591,30,1.5,8.700000000000001,1.5,8.700000000000001,inspect_top30_consequence,top_consequence,30,0.2,budget_only,74,4.638751075472214,309.7015914362869
166.03704207645495,148.98446082427697,315.0215029007319,60,3.0,8.700000000000001,3.0,8.700000000000001,inspect_top60_consequence,top_consequence,60,0.2,budget_only,74,5.319911464444999,309.7015914362869
165.38269117273444,149.42877614365852,314.81146731639296,30,1.5,8.700000000000001,1.5,8.700000000000001,inspect_top30_consequence_no_graph,top_consequence_no_graph,30,0.2,budget_only,74,5.109875880106074,309.7015914362869
165.03784257353664,147.75920474455148,312.7970473180881,60,3.0,8.700000000000001,3.0,8.700000000000001,inspect_top60_consequence_no_graph,top_consequence_no_graph,60,0.2,budget_only,74,3.0954558818012288,309.7015914362869
165.61662308898502,149.71041588869448,315.32703897767954,30,1.5,8.700000000000001,1.5,8.700000000000001,inspect_top30_uncertainty_x_consequence,top_uncertainty_consequence,30,0.2,budget_only,74,5.625447541392646,309.7015914362869
166.21013600346137,149.6109927255025,315.8211287289639,60,3.0,8.700000000000001,3.0,8.700000000000001,inspect_top60_uncertainty_x_consequence,top_uncertainty_consequence,60,0.2,budget_only,74,6.119537292677023,309.7015914362869
165.07504295841846,149.21725616860715,314.2922991270256,30,1.5,8.700000000000001,1.5,8.700000000000001,inspect_top30_uncertainty_x_graph_consequence,top_uncertainty_graph_consequence,30,0.2,budget_only,74,4.590707690738725,309.7015914362869
166.87521642141834,150.44531164286045,317.3205280642788,60,3.0,8.700000000000001,3.0,8.700000000000001,inspect_top60_uncertainty_x_graph_consequence,top_uncertainty_graph_consequence,60,0.2,budget_only,74,7.6189366279919,309.7015914362869
164.59686179238128,150.10305780385897,314.69991959624025,60,3.0,8.700000000000001,3.0,8.700000000000001,inspect_random60,random,60,0.2,budget_only,74,4.99832815995336,309.7015914362869
175.70990987251457,159.07483772797445,334.784747600489,30,1.5,8.700000000000001,1.5,8.700000000000001,inspect_top30_consequence,top_consequence,30,0.2,budget_only,75,4.541243222175069,330.24350437831396
175.84928858969002,158.9957137006481,334.84500229033813,60,3.0,8.700000000000001,3.0,8.700000000000001,inspect_top60_consequence,top_consequence,60,0.2,budget_only,75,4.601497912024172,330.24350437831396
175.81331797531436,159.8622257023353,335.67554367764967,30,1.5,8.700000000000001,1.5,8.700000000000001,inspect_top30_consequence_no_graph,top_consequence_no_graph,30,0.2,budget_only,75,5.432039299335713,330.24350437831396
176.87241325903426,159.6398546468965,336.5122679059308,60,3.0,8.700000000000001,3.0,8.700000000000001,inspect_top60_consequence_no_graph,top_consequence_no_graph,60,0.2,budget_only,75,6.268763527616841,330.24350437831396
176.30531865933258,160.38401841402896,336.68933707336157,30,1.5,8.700000000000001,1.5,8.700000000000001,inspect_top30_uncertainty_x_consequence,top_uncertainty_consequence,30,0.2,budget_only,75,6.4458326950476135,330.24350437831396
176.19060960988338,159.91743065962487,336.10804026950825,60,3.0,8.700000000000001,3.0,8.700000000000001,inspect_top60_uncertainty_x_consequence,top_uncertainty_consequence,60,0.2,budget_only,75,5.8645358911942935,330.24350437831396
175.63579737693377,159.78690627301575,335.42270364994954,30,1.5,8.700000000000001,1.5,8.700000000000001,inspect_top30_uncertainty_x_graph_consequence,top_uncertainty_graph_consequence,30,0.2,budget_only,75,5.179199271635582,330.24350437831396
175.58078988321688,159.57706995070515,335.15785983392203,60,3.0,8.700000000000001,3.0,8.700000000000001,inspect_top60_uncertainty_x_graph_consequence,top_uncertainty_graph_consequence,60,0.2,budget_only,75,4.914355455608074,330.24350437831396
175.1744388630103,159.86706044220963,335.04149930521993,60,3.0,8.700000000000001,3.0,8.700000000000001,inspect_random60,random,60,0.2,budget_only,75,4.797994926905972,330.24350437831396
179.6238183064434,163.46860348288828,343.0924217893317,30,1.5,8.700000000000001,1.5,8.700000000000001,inspect_top30_consequence,top_consequence,30,0.2,budget_only,76,4.270082387406887,338.8223394019248
179.64171996017723,162.64228365478027,342.2840036149575,60,3.0,8.700000000000001,3.0,8.700000000000001,inspect_top60_consequence,top_consequence,60,0.2,budget_only,76,3.461664213032691,338.8223394019248
180.51777056035527,164.54864520600103,345.0664157663563,30,1.5,8.700000000000001,1.5,8.700000000000001,inspect_top30_consequence_no_graph,top_consequence_no_graph,30,0.2,budget_only,76,6.244076364431464,338.8223394019248
180.89284277084192,163.91430408100672,344.80714685184864,60,3.0,8.700000000000001,3.0,8.700000000000001,inspect_top60_consequence_no_graph,top_consequence_no_graph,60,0.2,budget_only,76,5.984807449923835,338.8223394019248
179.89546467768702,165.11373073055094,345.00919540823793,30,1.5,8.700000000000001,1.5,8.700000000000001,inspect_top30_uncertainty_x_consequence,top_uncertainty_consequence,30,0.2,budget_only,76,6.186856006313121,338.8223394019248
180.15103746779656,164.10304781372983,344.2540852815264,60,3.0,8.700000000000001,3.0,8.700000000000001,inspect_top60_uncertainty_x_consequence,top_uncertainty_consequence,60,0.2,budget_only,76,5.4317458796015785,338.8223394019248
179.25787945895885,164.7017067215233,343.9595861804821,30,1.5,8.700000000000001,1.5,8.700000000000001,inspect_top30_uncertainty_x_graph_consequence,top_uncertainty_graph_consequence,30,0.2,budget_only,76,5.137246778557312,338.8223394019248
180.163283549384,163.94860406316448,344.11188761254846,60,3.0,8.700000000000001,3.0,8.700000000000001,inspect_top60_uncertainty_x_graph_consequence,top_uncertainty_graph_consequence,60,0.2,budget_only,76,5.28954821062365,338.8223394019248
180.42295487065755,165.0151806786124,345.43813554927,60,3.0,8.700000000000001,3.0,8.700000000000001,inspect_random60,random,60,0.2,budget_only,76,6.615796147345179,338.8223394019248
178.20757546561566,162.1435725736248,340.35114803924046,30,1.5,8.700000000000001,1.5,8.700000000000001,inspect_top30_consequence,top_consequence,30,0.2,budget_only,77,4.868558052554135,335.4825899866863
178.35359370548554,161.6940435696239,340.0476372751094,60,3.0,8.700000000000001,3.0,8.700000000000001,inspect_top60_consequence,top_consequence,60,0.2,budget_only,77,4.565047288423102,335.4825899866863
178.09884158197292,161.98643182828644,340.08527341025933,30,1.5,8.700000000000001,1.5,8.700000000000001,inspect_top30_consequence_no_graph,top_consequence_no_graph,30,0.2,budget_only,77,4.602683423573012,335.4825899866863
178.568146285789,161.65426008813074,340.22240637391974,60,3.0,8.700000000000001,3.0,8.700000000000001,inspect_top60_consequence_no_graph,top_consequence_no_graph,60,0.2,budget_only,77,4.739816387233418,335.4825899866863
178.7750039755803,163.5832119029474,342.3582158785277,30,1.5,8.700000000000001,1.5,8.700000000000001,inspect_top30_uncertainty_x_consequence,top_uncertainty_consequence,30,0.2,budget_only,77,6.875625891841366,335.4825899866863
179.41483068952678,163.1634561720043,342.57828686153107,60,3.0,8.700000000000001,3.0,8.700000000000001,inspect_top60_uncertainty_x_consequence,top_uncertainty_consequence,60,0.2,budget_only,77,7.095696874844748,335.4825899866863
177.97784168352752,162.8495375270272,340.8273792105547,30,1.5,8.700000000000001,1.5,8.700000000000001,inspect_top30_uncertainty_x_graph_consequence,top_uncertainty_graph_consequence,30,0.2,budget_only,77,5.344789223868361,335.4825899866863
178.3113621577251,162.23578516472,340.5471473224451,60,3.0,8.700000000000001,3.0,8.700000000000001,inspect_top60_uncertainty_x_graph_consequence,top_uncertainty_graph_consequence,60,0.2,budget_only,77,5.064557335758764,335.4825899866863
178.04639654339343,162.239432432268,340.2858289756614,60,3.0,8.700000000000001,3.0,8.700000000000001,inspect_random60,random,60,0.2,budget_only,77,4.8032389889750675,335.4825899866863
160.79040761199877,144.92447483462374,305.7148824466225,30,1.5,8.700000000000001,1.5,8.700000000000001,inspect_top30_consequence,top_consequence,30,0.2,budget_only,78,4.397376503536748,301.31750594308573
161.96015855455698,145.11089404771832,307.0710526022753,60,3.0,8.700000000000001,3.0,8.700000000000001,inspect_top60_consequence,top_consequence,60,0.2,budget_only,78,5.753546659189567,301.31750594308573
160.03181152360364,144.87800204725997,304.9098135708636,30,1.5,8.700000000000001,1.5,8.700000000000001,inspect_top30_consequence_no_graph,top_consequence_no_graph,30,0.2,budget_only,78,3.5923076277778705,301.31750594308573
161.70151090113902,144.8079402749442,306.5094511760832,60,3.0,8.700000000000001,3.0,8.700000000000001,inspect_top60_consequence_no_graph,top_consequence_no_graph,60,0.2,budget_only,78,5.191945232997455,301.31750594308573
160.84035987730522,144.76181016808695,305.6021700453922,30,1.5,8.700000000000001,1.5,8.700000000000001,inspect_top30_uncertainty_x_consequence,top_uncertainty_consequence,30,0.2,budget_only,78,4.284664102306465,301.31750594308573
160.40254883918448,144.63816175902195,305.04071059820643,60,3.0,8.700000000000001,3.0,8.700000000000001,inspect_top60_uncertainty_x_consequence,top_uncertainty_consequence,60,0.2,budget_only,78,3.7232046551206963,301.31750594308573
160.50813375312805,144.30841444362994,304.816548196758,30,1.5,8.700000000000001,1.5,8.700000000000001,inspect_top30_uncertainty_x_graph_consequence,top_uncertainty_graph_consequence,30,0.2,budget_only,78,3.4990422536722576,301.31750594308573
159.90962342428534,144.13444780744635,304.04407123173166,60,3.0,8.700000000000001,3.0,8.700000000000001,inspect_top60_uncertainty_x_graph_consequence,top_uncertainty_graph_consequence,60,0.2,budget_only,78,2.7265652886459293,301.31750594308573
159.80949346566908,144.42151007969647,304.2310035453655,60,3.0,8.700000000000001,3.0,8.700000000000001,inspect_random60,random,60,0.2,budget_only,78,2.91349760227979,301.31750594308573
177.26004279230582,160.8225342508158,338.08257704312166,30,1.5,8.700000000000001,1.5,8.700000000000001,inspect_top30_consequence,top_consequence,30,0.2,budget_only,79,3.872720526359842,334.2098565167618
178.0301527928388,160.92982460073628,338.95997739357506,60,3.0,8.700000000000001,3.0,8.700000000000001,inspect_top60_consequence,top_consequence,60,0.2,budget_only,79,4.7501208768132415,334.2098565167618
177.11442568168627,160.48824709114132,337.6026727728276,30,1.5,8.700000000000001,1.5,8.700000000000001,inspect_top30_consequence_no_graph,top_consequence_no_graph,30,0.2,budget_only,79,3.392816256065771,334.2098565167618
177.33003140272444,160.11661316474238,337.4466445674668,60,3.0,8.700000000000001,3.0,8.700000000000001,inspect_top60_consequence_no_graph,top_consequence_no_graph,60,0.2,budget_only,79,3.2367880507050018,334.2098565167618
176.79183076097303,160.94528432954525,337.7371150905183,30,1.5,8.700000000000001,1.5,8.700000000000001,inspect_top30_uncertainty_x_consequence,top_uncertainty_consequence,30,0.2,budget_only,79,3.5272585737564555,334.2098565167618
177.89422480149565,161.4883930173781,339.38261781887377,60,3.0,8.700000000000001,3.0,8.700000000000001,inspect_top60_uncertainty_x_consequence,top_uncertainty_consequence,60,0.2,budget_only,79,5.172761302111951,334.2098565167618
176.7908400721796,160.96429178090304,337.7551318530826,30,1.5,8.700000000000001,1.5,8.700000000000001,inspect_top30_uncertainty_x_graph_consequence,top_uncertainty_graph_consequence,30,0.2,budget_only,79,3.545275336320799,334.2098565167618
177.86783640432296,161.41486750838357,339.28270391270655,60,3.0,8.700000000000001,3.0,8.700000000000001,inspect_top60_uncertainty_x_graph_consequence,top_uncertainty_graph_consequence,60,0.2,budget_only,79,5.072847395944734,334.2098565167618
176.65781507518136,161.06411863098816,337.7219337061695,60,3.0,8.700000000000001,3.0,8.700000000000001,inspect_random60,random,60,0.2,budget_only,79,3.512077189407705,334.2098565167618
159.29426970865381,143.55630785487585,302.85057756352967,30,1.5,8.700000000000001,1.5,8.700000000000001,inspect_top30_consequence,top_consequence,30,0.2,budget_only,80,7.06043066995187,295.7901468935778
159.13193489843093,142.36952635977917,301.5014612582101,60,3.0,8.700000000000001,3.0,8.700000000000001,inspect_top60_consequence,top_consequence,60,0.2,budget_only,80,5.711314364632301,295.7901468935778
160.09069703353708,144.25553958344244,304.3462366169795,30,1.5,8.700000000000001,1.5,8.700000000000001,inspect_top30_consequence_no_graph,top_consequence_no_graph,30,0.2,budget_only,80,8.556089723401726,295.7901468935778
160.5696279830551,143.82130109022506,304.3909290732802,60,3.0,8.700000000000001,3.0,8.700000000000001,inspect_top60_consequence_no_graph,top_consequence_no_graph,60,0.2,budget_only,80,8.600782179702378,295.7901468935778
159.54803539787616,145.06749579931653,304.6155311971927,30,1.5,8.700000000000001,1.5,8.700000000000001,inspect_top30_uncertainty_x_consequence,top_uncertainty_consequence,30,0.2,budget_only,80,8.825384303614896,295.7901468935778
159.3065223942836,143.5313960442667,302.83791843855033,60,3.0,8.700000000000001,3.0,8.700000000000001,inspect_top60_uncertainty_x_consequence,top_uncertainty_consequence,60,0.2,budget_only,80,7.047771544972534,295.7901468935778
158.91114111267188,145.17459032791692,304.0857314405888,30,1.5,8.700000000000001,1.5,8.700000000000001,inspect_top30_uncertainty_x_graph_consequence,top_uncertainty_graph_consequence,30,0.2,budget_only,80,8.295584547011003,295.7901468935778
158.89254943724393,142.94030623669641,301.83285567394034,60,3.0,8.700000000000001,3.0,8.700000000000001,inspect_top60_uncertainty_x_graph_consequence,top_uncertainty_graph_consequence,60,0.2,budget_only,80,6.042708780362545,295.7901468935778
158.35389086187996,144.9523672945512,303.30625815643117,60,3.0,8.700000000000001,3.0,8.700000000000001,inspect_random60,random,60,0.2,budget_only,80,7.5161112628533715,295.7901468935778
166.7964867237118,151.44503324650805,318.2415199702199,30,1.5,8.700000000000001,1.5,8.700000000000001,inspect_top30_consequence,top_consequence,30,0.2,budget_only,81,6.10707497507309,312.1344449951468
167.94329243503552,151.36265463008087,319.30594706511636,60,3.0,8.700000000000001,3.0,8.700000000000001,inspect_top60_consequence,top_consequence,60,0.2,budget_only,81,7.171502069969563,312.1344449951468
166.37321467329514,150.94931240081954,317.32252707411465,30,1.5,8.700000000000001,1.5,8.700000000000001,inspect_top30_consequence_no_graph,top_consequence_no_graph,30,0.2,budget_only,81,5.188082078967852,312.1344449951468
167.44335275111598,150.48160714729747,317.9249598984135,60,3.0,8.700000000000001,3.0,8.700000000000001,inspect_top60_consequence_no_graph,top_consequence_no_graph,60,0.2,budget_only,81,5.790514903266683,312.1344449951468
166.45444369418644,151.60201354873243,318.0564572429189,30,1.5,8.700000000000001,1.5,8.700000000000001,inspect_top30_uncertainty_x_consequence,top_uncertainty_consequence,30,0.2,budget_only,81,5.922012247772102,312.1344449951468
167.81798930315887,152.17980202787663,319.9977913310355,60,3.0,8.700000000000001,3.0,8.700000000000001,inspect_top60_uncertainty_x_consequence,top_uncertainty_consequence,60,0.2,budget_only,81,7.863346335888707,312.1344449951468
165.7536696938348,151.26821806915234,317.02188776298715,30,1.5,8.700000000000001,1.5,8.700000000000001,inspect_top30_uncertainty_x_graph_consequence,top_uncertainty_graph_consequence,30,0.2,budget_only,81,4.887442767840355,312.1344449951468
167.5055201560319,151.94337912005966,319.44889927609154,60,3.0,8.700000000000001,3.0,8.700000000000001,inspect_top60_uncertainty_x_graph_consequence,top_uncertainty_graph_consequence,60,0.2,budget_only,81,7.314454280944744,312.1344449951468
165.79322434003188,151.50205892705117,317.29528326708305,60,3.0,8.700000000000001,3.0,8.700000000000001,inspect_random60,random,60,0.2,budget_only,81,5.160838271936257,312.1344449951468
172.2511371011596,157.04692245677106,329.2980595579306,30,1.5,8.700000000000001,1.5,8.700000000000001,inspect_top30_consequence,top_consequence,30,0.2,budget_only,82,4.124317289436249,325.1737422684944
172.5906273426924,155.87591822476358,328.46654556745597,60,3.0,8.700000000000001,3.0,8.700000000000001,inspect_top60_consequence,top_consequence,60,0.2,budget_only,82,3.292803298961587,325.1737422684944
173.06618925033888,157.0109323800787,330.0771216304176,30,1.5,8.700000000000001,1.5,8.700000000000001,inspect_top30_consequence_no_graph,top_consequence_no_graph,30,0.2,budget_only,82,4.903379361923214,325.1737422684944
172.9882233892291,156.12446426287295,329.11268765210207,60,3.0,8.700000000000001,3.0,8.700000000000001,inspect_top60_consequence_no_graph,top_consequence_no_graph,60,0.2,budget_only,82,3.938945383607688,325.1737422684944
172.61348295980426,157.2322131059276,329.8456960657319,30,1.5,8.700000000000001,1.5,8.700000000000001,inspect_top30_uncertainty_x_consequence,top_uncertainty_consequence,30,0.2,budget_only,82,4.6719537972375065,325.1737422684944
173.182742438,157.51877952277425,330.70152196077424,60,3.0,8.700000000000001,3.0,8.700000000000001,inspect_top60_uncertainty_x_consequence,top_uncertainty_consequence,60,0.2,budget_only,82,5.527779692279864,325.1737422684944
172.3230727346048,157.04049510794098,329.36356784254576,30,1.5,8.700000000000001,1.5,8.700000000000001,inspect_top30_uncertainty_x_graph_consequence,top_uncertainty_graph_consequence,30,0.2,budget_only,82,4.189825574051383,325.1737422684944
173.15603184062817,157.31538118154324,330.4714130221714,60,3.0,8.700000000000001,3.0,8.700000000000001,inspect_top60_uncertainty_x_graph_consequence,top_uncertainty_graph_consequence,60,0.2,budget_only,82,5.297670753677039,325.1737422684944
172.64434410791796,157.45297621187268,330.09732031979064,60,3.0,8.700000000000001,3.0,8.700000000000001,inspect_random60,random,60,0.2,budget_only,82,4.923578051296261,325.1737422684944
174.85957696778527,159.49639582496334,334.3559727927486,30,1.5,8.700000000000001,1.5,8.700000000000001,inspect_top30_consequence,top_consequence,30,0.2,budget_only,83,5.395048090709167,328.96092470203945
174.64369937904905,158.01887428523955,332.66257366428863,60,3.0,8.700000000000001,3.0,8.700000000000001,inspect_top60_consequence,top_consequence,60,0.2,budget_only,83,3.7016489622491804,328.96092470203945
175.39161264374667,158.80902586655412,334.2006385103008,30,1.5,8.700000000000001,1.5,8.700000000000001,inspect_top30_consequence_no_graph,top_consequence_no_graph,30,0.2,budget_only,83,5.239713808261342,328.96092470203945
175.34976509186146,158.32435948120622,333.6741245730677,60,3.0,8.700000000000001,3.0,8.700000000000001,inspect_top60_consequence_no_graph,top_consequence_no_graph,60,0.2,budget_only,83,4.713199871028223,328.96092470203945
175.01054419446984,159.81056742338097,334.8211116178508,30,1.5,8.700000000000001,1.5,8.700000000000001,inspect_top30_uncertainty_x_consequence,top_uncertainty_consequence,30,0.2,budget_only,83,5.860186915811369,328.96092470203945
175.8963763619327,159.93680888867405,335.8331852506068,60,3.0,8.700000000000001,3.0,8.700000000000001,inspect_top60_uncertainty_x_consequence,top_uncertainty_consequence,60,0.2,budget_only,83,6.87226054856734,328.96092470203945
174.91880599561833,159.78877030552565,334.70757630114394,30,1.5,8.700000000000001,1.5,8.700000000000001,inspect_top30_uncertainty_x_graph_consequence,top_uncertainty_graph_consequence,30,0.2,budget_only,83,5.746651599104496,328.96092470203945
175.06034059684634,159.3110143898732,334.37135498671955,60,3.0,8.700000000000001,3.0,8.700000000000001,inspect_top60_uncertainty_x_graph_consequence,top_uncertainty_graph_consequence,60,0.2,budget_only,83,5.410430284680103,328.96092470203945
174.77250164186358,159.89549818737237,334.66799982923595,60,3.0,8.700000000000001,3.0,8.700000000000001,inspect_random60,random,60,0.2,budget_only,83,5.707075127196504,328.96092470203945
168.82590899727902,152.19514246267389,321.0210514599529,30,1.5,8.700000000000001,1.5,8.700000000000001,inspect_top30_consequence,top_consequence,30,0.2,budget_only,84,4.966245352096848,316.05480610785605
168.24275224658942,151.2732978362347,319.5160500828241,60,3.0,8.700000000000001,3.0,8.700000000000001,inspect_top60_consequence,top_consequence,60,0.2,budget_only,84,3.461243974968056,316.05480610785605
168.32144748373472,152.11801713129944,320.4394646150341,30,1.5,8.700000000000001,1.5,8.700000000000001,inspect_top30_consequence_no_graph,top_consequence_no_graph,30,0.2,budget_only,84,4.384658507178074,316.05480610785605
168.57794569947822,151.4728684649801,320.0508141644583,60,3.0,8.700000000000001,3.0,8.700000000000001,inspect_top60_consequence_no_graph,top_consequence_no_graph,60,0.2,budget_only,84,3.99600805660225,316.05480610785605
168.52685115704853,153.00421735481507,321.5310685118636,30,1.5,8.700000000000001,1.5,8.700000000000001,inspect_top30_uncertainty_x_consequence,top_uncertainty_consequence,30,0.2,budget_only,84,5.476262404007571,316.05480610785605
167.6012815720683,151.48021624661885,319.0814978186871,60,3.0,8.700000000000001,3.0,8.700000000000001,inspect_top60_uncertainty_x_consequence,top_uncertainty_consequence,60,0.2,budget_only,84,3.0266917108310736,316.05480610785605
168.38251338083006,152.50773530966552,320.8902486904956,30,1.5,8.700000000000001,1.5,8.700000000000001,inspect_top30_uncertainty_x_graph_consequence,top_uncertainty_graph_consequence,30,0.2,budget_only,84,4.83544258263953,316.05480610785605
167.20924771197667,151.2642363495262,318.47348406150286,60,3.0,8.700000000000001,3.0,8.700000000000001,inspect_top60_uncertainty_x_graph_consequence,top_uncertainty_graph_consequence,60,0.2,budget_only,84,2.4186779536468066,316.05480610785605
168.74789853011828,153.12190281907812,321.8698013491964,60,3.0,8.700000000000001,3.0,8.700000000000001,inspect_random60,random,60,0.2,budget_only,84,5.814995241340341,316.05480610785605
175.50889154464528,159.21183163183338,334.72072317647866,30,1.5,8.700000000000001,1.5,8.700000000000001,inspect_top30_consequence,top_consequence,30,0.2,budget_only,85,3.5909013470560467,331.1298218294226
176.1233149812964,159.2086478143606,335.331962795657,60,3.0,8.700000000000001,3.0,8.700000000000001,inspect_top60_consequence,top_consequence,60,0.2,budget_only,85,4.202140966234367,331.1298218294226
175.61445674273278,159.62048981360275,335.23494655633556,30,1.5,8.700000000000001,1.5,8.700000000000001,inspect_top30_consequence_no_graph,top_consequence_no_graph,30,0.2,budget_only,85,4.105124726912948,331.1298218294226
176.70946940343532,159.48632487083495,336.19579427427027,60,3.0,8.700000000000001,3.0,8.700000000000001,inspect_top60_consequence_no_graph,top_consequence_no_graph,60,0.2,budget_only,85,5.0659724448476595,331.1298218294226
176.19494364023407,160.14244414261503,336.3373877828491,30,1.5,8.700000000000001,1.5,8.700000000000001,inspect_top30_uncertainty_x_consequence,top_uncertainty_consequence,30,0.2,budget_only,85,5.207565953426467,331.1298218294226
175.73814475166617,159.66634001768898,335.4044847693551,60,3.0,8.700000000000001,3.0,8.700000000000001,inspect_top60_uncertainty_x_consequence,top_uncertainty_consequence,60,0.2,budget_only,85,4.274662939932512,331.1298218294226
175.75358343649225,159.62729381899663,335.3808772554889,30,1.5,8.700000000000001,1.5,8.700000000000001,inspect_top30_uncertainty_x_graph_consequence,top_uncertainty_graph_consequence,30,0.2,budget_only,85,4.251055426066273,331.1298218294226
174.95973304990113,158.82191799243571,333.7816510423369,60,3.0,8.700000000000001,3.0,8.700000000000001,inspect_top60_uncertainty_x_graph_consequence,top_uncertainty_graph_consequence,60,0.2,budget_only,85,2.651829212914265,331.1298218294226
176.02330642790946,160.30624682182085,336.32955324973034,60,3.0,8.700000000000001,3.0,8.700000000000001,inspect_random60,random,60,0.2,budget_only,85,5.199731420307728,331.1298218294226
160.98373033286998,144.50162603545147,305.48535636832145,30,1.5,8.700000000000001,1.5,8.700000000000001,inspect_top30_consequence,top_consequence,30,0.2,budget_only,86,4.586212113197519,300.89914425512393
161.94337928238667,144.6618749960366,306.6052542784233,60,3.0,8.700000000000001,3.0,8.700000000000001,inspect_top60_consequence,top_consequence,60,0.2,budget_only,86,5.706110023299345,300.89914425512393
160.92829863699606,144.46570272462844,305.39400136162453,30,1.5,8.700000000000001,1.5,8.700000000000001,inspect_top30_consequence_no_graph,top_consequence_no_graph,30,0.2,budget_only,86,4.4948571065006035,300.89914425512393
161.7458709366501,144.29911809222753,306.04498902887764,60,3.0,8.700000000000001,3.0,8.700000000000001,inspect_top60_consequence_no_graph,top_consequence_no_graph,60,0.2,budget_only,86,5.1458447737537085,300.89914425512393
161.06393877954307,145.24549470084474,306.30943348038784,30,1.5,8.700000000000001,1.5,8.700000000000001,inspect_top30_uncertainty_x_consequence,top_uncertainty_consequence,30,0.2,budget_only,86,5.410289225263909,300.89914425512393
160.92505032206142,144.5679292961875,305.4929796182489,60,3.0,8.700000000000001,3.0,8.700000000000001,inspect_top60_uncertainty_x_consequence,top_uncertainty_consequence,60,0.2,budget_only,86,4.593835363124981,300.89914425512393
160.94390999743527,145.10919054287473,306.05310054030997,30,1.5,8.700000000000001,1.5,8.700000000000001,inspect_top30_uncertainty_x_graph_consequence,top_uncertainty_graph_consequence,30,0.2,budget_only,86,5.153956285186041,300.89914425512393
160.715572444612,144.51965254130369,305.2352249859157,60,3.0,8.700000000000001,3.0,8.700000000000001,inspect_top60_uncertainty_x_graph_consequence,top_uncertainty_graph_consequence,60,0.2,budget_only,86,4.336080730791764,300.89914425512393
160.35185153965986,144.75177107447576,305.1036226141356,60,3.0,8.700000000000001,3.0,8.700000000000001,inspect_random60,random,60,0.2,budget_only,86,4.2044783590116594,300.89914425512393
179.59132855248356,164.4571095149087,344.0484380673922,30,1.5,8.700000000000001,1.5,8.700000000000001,inspect_top30_consequence,top_consequence,30,0.2,budget_only,87,6.079728139891699,337.9687099275005
179.85785946349878,163.02468966451718,342.88254912801597,60,3.0,8.700000000000001,3.0,8.700000000000001,inspect_top60_consequence,top_consequence,60,0.2,budget_only,87,4.91383920051544,337.9687099275005
179.7799546019711,164.33421356172744,344.11416816369854,30,1.5,8.700000000000001,1.5,8.700000000000001,inspect_top30_consequence_no_graph,top_consequence_no_graph,30,0.2,budget_only,87,6.14545823619801,337.9687099275005
180.0573972521372,163.09147167360345,343.14886892574066,60,3.0,8.700000000000001,3.0,8.700000000000001,inspect_top60_consequence_no_graph,top_consequence_no_graph,60,0.2,budget_only,87,5.180158998240131,337.9687099275005
180.4413498624741,165.13637684112052,345.57772670359464,30,1.5,8.700000000000001,1.5,8.700000000000001,inspect_top30_uncertainty_x_consequence,top_uncertainty_consequence,30,0.2,budget_only,87,7.6090167760941085,337.9687099275005
180.39789854141264,164.7133437300977,345.1112422715104,60,3.0,8.700000000000001,3.0,8.700000000000001,inspect_top60_uncertainty_x_consequence,top_uncertainty_consequence,60,0.2,budget_only,87,7.142532344009851,337.9687099275005
179.68627547963018,165.19383485189152,344.8801103315217,30,1.5,8.700000000000001,1.5,8.700000000000001,inspect_top30_uncertainty_x_graph_consequence,top_uncertainty_graph_consequence,30,0.2,budget_only,87,6.911400404021151,337.9687099275005
179.9011571316031,164.04991910556603,343.9510762371691,60,3.0,8.700000000000001,3.0,8.700000000000001,inspect_top60_uncertainty_x_graph_consequence,top_uncertainty_graph_consequence,60,0.2,budget_only,87,5.982366309668578,337.9687099275005
179.49233631934058,164.52920655998577,344.0215428793264,60,3.0,8.700000000000001,3.0,8.700000000000001,inspect_random60,random,60,0.2,budget_only,87,6.052832951825849,337.9687099275005
167.72737176661443,152.3359786353265,320.06335040194097,30,1.5,8.700000000000001,1.5,8.700000000000001,inspect_top30_consequence,top_consequence,30,0.2,budget_only,88,6.74032794430002,313.32302245764095
168.0508719639024,151.52334048035894,319.5742124442613,60,3.0,8.700000000000001,3.0,8.700000000000001,inspect_top60_consequence,top_consequence,60,0.2,budget_only,88,6.251189986620375,313.32302245764095
167.45598528614596,152.11632837935042,319.5723136654964,30,1.5,8.700000000000001,1.5,8.700000000000001,inspect_top30_consequence_no_graph,top_consequence_no_graph,30,0.2,budget_only,88,6.2492912078554355,313.32302245764095
167.24338488577848,150.24817753183444,317.49156241761295,60,3.0,8.700000000000001,3.0,8.700000000000001,inspect_top60_consequence_no_graph,top_consequence_no_graph,60,0.2,budget_only,88,4.1685399599720085,313.32302245764095
166.7008554870647,151.53891022970978,318.2397657167745,30,1.5,8.700000000000001,1.5,8.700000000000001,inspect_top30_uncertainty_x_consequence,top_uncertainty_consequence,30,0.2,budget_only,88,4.916743259133568,313.32302245764095
168.04372473767614,152.01993700351724,320.0636617411934,60,3.0,8.700000000000001,3.0,8.700000000000001,inspect_top60_uncertainty_x_consequence,top_uncertainty_consequence,60,0.2,budget_only,88,6.740639283552468,313.32302245764095
166.630227733835,151.69244511504354,318.32267284887854,30,1.5,8.700000000000001,1.5,8.700000000000001,inspect_top30_uncertainty_x_graph_consequence,top_uncertainty_graph_consequence,30,0.2,budget_only,88,4.999650391237594,313.32302245764095
168.02978114048022,152.01526451196776,320.045045652448,60,3.0,8.700000000000001,3.0,8.700000000000001,inspect_top60_uncertainty_x_graph_consequence,top_uncertainty_graph_consequence,60,0.2,budget_only,88,6.722023194807036,313.32302245764095
166.8641124976549,152.69180233636604,319.55591483402094,60,3.0,8.700000000000001,3.0,8.700000000000001,inspect_random60,random,60,0.2,budget_only,88,6.2328923763799935,313.32302245764095
166.1174031647497,149.9213875456848,316.0387907104345,30,1.5,8.700000000000001,1.5,8.700000000000001,inspect_top30_consequence,top_consequence,30,0.2,budget_only,89,5.794614410263364,310.24417630017115
166.0571008514939,149.2490376433039,315.3061384947978,60,3.0,8.700000000000001,3.0,8.700000000000001,inspect_top60_consequence,top_consequence,60,0.2,budget_only,89,5.061962194626631,310.24417630017115
165.24786310590753,149.4630683034963,314.7109314094038,30,1.5,8.700000000000001,1.5,8.700000000000001,inspect_top30_consequence_no_graph,top_consequence_no_graph,30,0.2,budget_only,89,4.466755109232679,310.24417630017115
166.0781612920066,149.21608972413537,315.29425101614197,60,3.0,8.700000000000001,3.0,8.700000000000001,inspect_top60_consequence_no_graph,top_consequence_no_graph,60,0.2,budget_only,89,5.050074715970823,310.24417630017115
165.81008438287574,150.21867832467774,316.0287627075535,30,1.5,8.700000000000001,1.5,8.700000000000001,inspect_top30_uncertainty_x_consequence,top_uncertainty_consequence,30,0.2,budget_only,89,5.784586407382335,310.24417630017115
165.36104852136225,149.55165683842438,314.9127053597866,60,3.0,8.700000000000001,3.0,8.700000000000001,inspect_top60_uncertainty_x_consequence,top_uncertainty_consequence,60,0.2,budget_only,89,4.66852905961548,310.24417630017115
165.75829057520178,150.32216039021958,316.0804509654214,30,1.5,8.700000000000001,1.5,8.700000000000001,inspect_top30_uncertainty_x_graph_consequence,top_uncertainty_graph_consequence,30,0.2,budget_only,89,5.836274665250244,310.24417630017115
164.998780849736,149.1764900316278,314.17527088136376,60,3.0,8.700000000000001,3.0,8.700000000000001,inspect_top60_uncertainty_x_graph_consequence,top_uncertainty_graph_consequence,60,0.2,budget_only,89,3.9310945811926103,310.24417630017115
166.37553841184467,151.6653874885363,318.040925900381,60,3.0,8.700000000000001,3.0,8.700000000000001,inspect_random60,random,60,0.2,budget_only,89,7.796749600209864,310.24417630017115
174.63038156273598,158.0489830499754,332.67936461271137,30,1.5,8.700000000000001,1.5,8.700000000000001,inspect_top30_consequence,top_consequence,30,0.2,budget_only,90,5.807700534148353,326.871664078563
174.60635141158377,157.723890318344,332.33024172992776,60,3.0,8.700000000000001,3.0,8.700000000000001,inspect_top60_consequence,top_consequence,60,0.2,budget_only,90,5.458577651364749,326.871664078563
174.08993170420206,157.6193497422519,331.70928144645393,30,1.5,8.700000000000001,1.5,8.700000000000001,inspect_top30_consequence_no_graph,top_consequence_no_graph,30,0.2,budget_only,90,4.837617367890914,326.871664078563
174.56415295143685,157.30584695950472,331.8699999109416,60,3.0,8.700000000000001,3.0,8.700000000000001,inspect_top60_consequence_no_graph,top_consequence_no_graph,60,0.2,budget_only,90,4.9983358323785865,326.871664078563
173.54983342812176,157.53897518113496,331.0888086092567,30,1.5,8.700000000000001,1.5,8.700000000000001,inspect_top30_uncertainty_x_consequence,top_uncertainty_consequence,30,0.2,budget_only,90,4.217144530693702,326.871664078563
173.7857264432156,157.08586089133047,330.87158733454606,60,3.0,8.700000000000001,3.0,8.700000000000001,inspect_top60_uncertainty_x_consequence,top_uncertainty_consequence,60,0.2,budget_only,90,3.999923255983049,326.871664078563
174.51264734040137,158.00035280936015,332.5130001497615,30,1.5,8.700000000000001,1.5,8.700000000000001,inspect_top30_uncertainty_x_graph_consequence,top_uncertainty_graph_consequence,30,0.2,budget_only,90,5.641336071198509,326.871664078563
173.4921569505117,156.71408048302447,330.2062374335362,60,3.0,8.700000000000001,3.0,8.700000000000001,inspect_top60_uncertainty_x_graph_consequence,top_uncertainty_graph_consequence,60,0.2,budget_only,90,3.3345733549732017,326.871664078563
173.4084753851417,157.45940330456907,330.8678786897108,60,3.0,8.700000000000001,3.0,8.700000000000001,inspect_random60,random,60,0.2,budget_only,90,3.9962146111477637,326.871664078563
171.19023841617485,155.49765225966794,326.6878906758428,30,1.5,8.700000000000001,1.5,8.700000000000001,inspect_top30_consequence,top_consequence,30,0.2,budget_only,91,4.241772185070943,322.4461184907719
171.75851908513312,155.41563871004718,327.1741577951803,60,3.0,8.700000000000001,3.0,8.700000000000001,inspect_top60_consequence,top_consequence,60,0.2,budget_only,91,4.728039304408412,322.4461184907719
171.63192287724948,155.9318576582046,327.56378053545404,30,1.5,8.700000000000001,1.5,8.700000000000001,inspect_top30_consequence_no_graph,top_consequence_no_graph,30,0.2,budget_only,91,5.117662044682163,322.4461184907719
171.71833451273267,154.78538656291883,326.50372107565147,60,3.0,8.700000000000001,3.0,8.700000000000001,inspect_top60_consequence_no_graph,top_consequence_no_graph,60,0.2,budget_only,91,4.057602584879589,322.4461184907719
171.35829061818552,156.854440809985,328.2127314281705,30,1.5,8.700000000000001,1.5,8.700000000000001,inspect_top30_uncertainty_x_consequence,top_uncertainty_consequence,30,0.2,budget_only,91,5.766612937398634,322.4461184907719
172.93751918079755,157.18738875401544,330.124907934813,60,3.0,8.700000000000001,3.0,8.700000000000001,inspect_top60_uncertainty_x_consequence,top_uncertainty_consequence,60,0.2,budget_only,91,7.678789444041115,322.4461184907719
170.90351981412974,156.74891864347788,327.6524384576076,30,1.5,8.700000000000001,1.5,8.700000000000001,inspect_top30_uncertainty_x_graph_consequence,top_uncertainty_graph_consequence,30,0.2,budget_only,91,5.206319966835736,322.4461184907719
172.3076057280867,156.61466630339189,328.9222720314786,60,3.0,8.700000000000001,3.0,8.700000000000001,inspect_top60_uncertainty_x_graph_consequence,top_uncertainty_graph_consequence,60,0.2,budget_only,91,6.476153540706719,322.4461184907719
171.09167634458652,156.12422136376279,327.2158977083493,60,3.0,8.700000000000001,3.0,8.700000000000001,inspect_random60,random,60,0.2,budget_only,91,4.7697792175774225,322.4461184907719
162.32859178765688,146.151833712878,308.48042550053486,30,0.0,8.700000000000001,0.0,8.700000000000001,inspect_top30_consequence,top_consequence,30,0.05,dedicated,42,4.609132215612533,303.87129328492233
162.77274769600925,145.81981995178091,308.59256764779013,60,0.0,8.700000000000001,0.0,8.700000000000001,inspect_top60_consequence,top_consequence,60,0.05,dedicated,42,4.721274362867803,303.87129328492233
162.78901175130187,146.66756224538358,309.45657399668545,30,0.0,8.700000000000001,0.0,8.700000000000001,inspect_top30_consequence_no_graph,top_consequence_no_graph,30,0.05,dedicated,42,5.585280711763119,303.87129328492233
162.51702301792477,145.38138896861767,307.89841198654244,60,0.0,8.700000000000001,0.0,8.700000000000001,inspect_top60_consequence_no_graph,top_consequence_no_graph,60,0.05,dedicated,42,4.027118701620111,303.87129328492233
163.1427003971135,147.4339424485311,310.5766428456446,30,0.0,8.700000000000001,0.0,8.700000000000001,inspect_top30_uncertainty_x_consequence,top_uncertainty_consequence,30,0.05,dedicated,42,6.705349560722254,303.87129328492233
162.81704440126322,146.8801245617317,309.6971689629949,60,0.0,8.700000000000001,0.0,8.700000000000001,inspect_top60_uncertainty_x_consequence,top_uncertainty_consequence,60,0.05,dedicated,42,5.825875678072578,303.87129328492233
162.57443242466343,147.1725506886818,309.7469831133452,30,0.0,8.700000000000001,0.0,8.700000000000001,inspect_top30_uncertainty_x_graph_consequence,top_uncertainty_graph_consequence,30,0.05,dedicated,42,5.875689828422878,303.87129328492233
162.43746279212277,146.62481511654477,309.0622779086675,60,0.0,8.700000000000001,0.0,8.700000000000001,inspect_top60_uncertainty_x_graph_consequence,top_uncertainty_graph_consequence,60,0.05,dedicated,42,5.19098462374518,303.87129328492233
162.8759232615302,147.42290639534139,310.2988296568716,60,0.0,8.700000000000001,0.0,8.700000000000001,inspect_random60,random,60,0.05,dedicated,42,6.427536371949259,303.87129328492233
177.05126879632576,160.88673145536922,337.938000251695,30,0.0,8.700000000000001,0.0,8.700000000000001,inspect_top30_consequence,top_consequence,30,0.05,dedicated,43,3.452886026074509,334.48511422562046
177.86684928290538,161.11482710284625,338.9816763857516,60,0.0,8.700000000000001,0.0,8.700000000000001,inspect_top60_consequence,top_consequence,60,0.05,dedicated,43,4.496562160131134,334.48511422562046
177.1314091015901,160.37030630548614,337.50171540707623,30,0.0,8.700000000000001,0.0,8.700000000000001,inspect_top30_consequence_no_graph,top_consequence_no_graph,30,0.05,dedicated,43,3.016601181455769,334.48511422562046
177.341823156567,160.25410265454337,337.59592581111036,60,0.0,8.700000000000001,0.0,8.700000000000001,inspect_top60_consequence_no_graph,top_consequence_no_graph,60,0.05,dedicated,43,3.1108115854898983,334.48511422562046
177.26856912380822,161.37509104992264,338.64366017373084,30,0.0,8.700000000000001,0.0,8.700000000000001,inspect_top30_uncertainty_x_consequence,top_uncertainty_consequence,30,0.05,dedicated,43,4.158545948110373,334.48511422562046
178.78375084286998,162.49872941037236,341.28248025324234,60,0.0,8.700000000000001,0.0,8.700000000000001,inspect_top60_uncertainty_x_consequence,top_uncertainty_consequence,60,0.05,dedicated,43,6.797366027621877,334.48511422562046
177.32868111106865,161.32347589402917,338.6521570050978,30,0.0,8.700000000000001,0.0,8.700000000000001,inspect_top30_uncertainty_x_graph_consequence,top_uncertainty_graph_consequence,30,0.05,dedicated,43,4.167042779477356,334.48511422562046
178.41523672349186,162.28493465740576,340.7001713808976,60,0.0,8.700000000000001,0.0,8.700000000000001,inspect_top60_uncertainty_x_graph_consequence,top_uncertainty_graph_consequence,60,0.05,dedicated,43,6.2150571552771225,334.48511422562046
176.53058005157294,160.78968772959232,337.3202677811653,60,0.0,8.700000000000001,0.0,8.700000000000001,inspect_random60,random,60,0.05,dedicated,43,2.835153555544821,334.48511422562046
173.5162301786955,157.1185926795801,330.6348228582756,30,0.0,8.700000000000001,0.0,8.700000000000001,inspect_top30_consequence,top_consequence,30,0.05,dedicated,44,5.7966856044168935,324.8381372538587
173.79855985558683,156.61551117565637,330.4140710312432,60,0.0,8.700000000000001,0.0,8.700000000000001,inspect_top60_consequence,top_consequence,60,0.05,dedicated,44,5.5759337773845346,324.8381372538587
174.18721987566877,157.6934502393264,331.88067011499516,30,0.0,8.700000000000001,0.0,8.700000000000001,inspect_top30_consequence_no_graph,top_consequence_no_graph,30,0.05,dedicated,44,7.042532861136465,324.8381372538587
173.64864673785513,156.30482119748524,329.95346793534037,60,0.0,8.700000000000001,0.0,8.700000000000001,inspect_top60_consequence_no_graph,top_consequence_no_graph,60,0.05,dedicated,44,5.11533068148168,324.8381372538587
173.10035909873767,157.0769159647573,330.17727506349496,30,0.0,8.700000000000001,0.0,8.700000000000001,inspect_top30_uncertainty_x_consequence,top_uncertainty_consequence,30,0.05,dedicated,44,5.33913780963627,324.8381372538587
173.3822441632655,156.9478857265873,330.3301298898528,60,0.0,8.700000000000001,0.0,8.700000000000001,inspect_top60_uncertainty_x_consequence,top_uncertainty_consequence,60,0.05,dedicated,44,5.491992635994109,324.8381372538587
172.81219857356785,156.87795742086962,329.6901559944375,30,0.0,8.700000000000001,0.0,8.700000000000001,inspect_top30_uncertainty_x_graph_consequence,top_uncertainty_graph_consequence,30,0.05,dedicated,44,4.852018740578785,324.8381372538587
172.82360998334525,156.47315457583773,329.296764559183,60,0.0,8.700000000000001,0.0,8.700000000000001,inspect_top60_uncertainty_x_graph_consequence,top_uncertainty_graph_consequence,60,0.05,dedicated,44,4.458627305324285,324.8381372538587
173.72734815552002,158.34934415158705,332.07669230710707,60,0.0,8.700000000000001,0.0,8.700000000000001,inspect_random60,random,60,0.05,dedicated,44,7.238555053248376,324.8381372538587
172.73490655234315,156.1959767658613,328.93088331820445,30,0.0,8.700000000000001,0.0,8.700000000000001,inspect_top30_consequence,top_consequence,30,0.05,dedicated,45,5.864522974502677,323.0663603437018
173.39040322362354,156.26224298885504,329.65264621247854,60,0.0,8.700000000000001,0.0,8.700000000000001,inspect_top60_consequence,top_consequence,60,0.05,dedicated,45,6.58628586877677,323.0663603437018
172.44586637863569,156.12038282942453,328.5662492080602,30,0.0,8.700000000000001,0.0,8.700000000000001,inspect_top30_consequence_no_graph,top_consequence_no_graph,30,0.05,dedicated,45,5.499888864358411,323.0663603437018
173.00413870641682,155.59529130840514,328.59943001482196,60,0.0,8.700000000000001,0.0,8.700000000000001,inspect_top60_consequence_no_graph,top_consequence_no_graph,60,0.05,dedicated,45,5.533069671120188,323.0663603437018
172.81938726553642,157.27370509942676,330.0930923649632,30,0.0,8.700000000000001,0.0,8.700000000000001,inspect_top30_uncertainty_x_consequence,top_uncertainty_consequence,30,0.05,dedicated,45,7.0267320212614095,323.0663603437018
172.85211660141053,156.74353723656407,329.5956538379746,60,0.0,8.700000000000001,0.0,8.700000000000001,inspect_top60_uncertainty_x_consequence,top_uncertainty_consequence,60,0.05,dedicated,45,6.529293494272849,323.0663603437018
172.73603632152674,157.1530773816892,329.8891137032159,30,0.0,8.700000000000001,0.0,8.700000000000001,inspect_top30_uncertainty_x_graph_consequence,top_uncertainty_graph_consequence,30,0.05,dedicated,45,6.822753359514138,323.0663603437018
172.5091019152553,156.60188335773452,329.1109852729898,60,0.0,8.700000000000001,0.0,8.700000000000001,inspect_top60_uncertainty_x_graph_consequence,top_uncertainty_graph_consequence,60,0.05,dedicated,45,6.044624929288034,323.0663603437018
172.71994413336176,157.3455616653286,330.06550579869037,60,0.0,8.700000000000001,0.0,8.700000000000001,inspect_random60,random,60,0.05,dedicated,45,6.999145454988593,323.0663603437018
175.91276987679566,159.32551902545322,335.2382889022489,30,0.0,8.700000000000001,0.0,8.700000000000001,inspect_top30_consequence,top_consequence,30,0.05,dedicated,46,3.308628817369197,331.9296600848797
176.04326170118264,159.21279368801981,335.25605538920246,60,0.0,8.700000000000001,0.0,8.700000000000001,inspect_top60_consequence,top_consequence,60,0.05,dedicated,46,3.326395304322773,331.9296600848797
176.12499468805538,159.67493277858628,335.79992746664163,30,0.0,8.700000000000001,0.0,8.700000000000001,inspect_top30_consequence_no_graph,top_consequence_no_graph,30,0.05,dedicated,46,3.8702673817619484,331.9296600848797
176.82439461083914,159.80801834186394,336.6324129527031,60,0.0,8.700000000000001,0.0,8.700000000000001,inspect_top60_consequence_no_graph,top_consequence_no_graph,60,0.05,dedicated,46,4.702752867823392,331.9296600848797
175.21356857705592,159.72530156147423,334.93887013853015,30,0.0,8.700000000000001,0.0,8.700000000000001,inspect_top30_uncertainty_x_consequence,top_uncertainty_consequence,30,0.05,dedicated,46,3.009210053650463,331.9296600848797
177.37686046032331,160.75980650309606,338.1366669634194,60,0.0,8.700000000000001,0.0,8.700000000000001,inspect_top60_uncertainty_x_consequence,top_uncertainty_consequence,60,0.05,dedicated,46,6.207006878539687,331.9296600848797
175.61610722183295,159.47425496874604,335.09036219057896,30,0.0,8.700000000000001,0.0,8.700000000000001,inspect_top30_uncertainty_x_graph_consequence,top_uncertainty_graph_consequence,30,0.05,dedicated,46,3.160702105699272,331.9296600848797
177.33215215224527,160.7174976743387,338.04964982658396,60,0.0,8.700000000000001,0.0,8.700000000000001,inspect_top60_uncertainty_x_graph_consequence,top_uncertainty_graph_consequence,60,0.05,dedicated,46,6.1199897417042735,331.9296600848797
175.47907033370925,159.93356694040085,335.4126372741101,60,0.0,8.700000000000001,0.0,8.700000000000001,inspect_random60,random,60,0.05,dedicated,46,3.4829771892304393,331.9296600848797
165.5922465146503,150.17520417725095,315.7674506919012,30,0.0,8.700000000000001,0.0,8.700000000000001,inspect_top30_consequence,top_consequence,30,0.05,dedicated,47,5.334386836819647,310.43306385508157
167.04769842087006,150.2928918162245,317.3405902370946,60,0.0,8.700000000000001,0.0,8.700000000000001,inspect_top60_consequence,top_consequence,60,0.05,dedicated,47,6.907526382013032,310.43306385508157
165.4683199572442,149.67363925053633,315.14195920778053,30,0.0,8.700000000000001,0.0,8.700000000000001,inspect_top30_consequence_no_graph,top_consequence_no_graph,30,0.05,dedicated,47,4.70889535269896,310.43306385508157
166.6195547094353,149.56175275209063,316.18130746152593,60,0.0,8.700000000000001,0.0,8.700000000000001,inspect_top60_consequence_no_graph,top_consequence_no_graph,60,0.05,dedicated,47,5.748243606444362,310.43306385508157
165.67737449361917,149.85181579314718,315.5291902867664,30,0.0,8.700000000000001,0.0,8.700000000000001,inspect_top30_uncertainty_x_consequence,top_uncertainty_consequence,30,0.05,dedicated,47,5.096126431684809,310.43306385508157
166.1655211374578,150.02415944327498,316.1896805807328,60,0.0,8.700000000000001,0.0,8.700000000000001,inspect_top60_uncertainty_x_consequence,top_uncertainty_consequence,60,0.05,dedicated,47,5.756616725651213,310.43306385508157
165.48449269208635,149.58906707384693,315.0735597659333,30,0.0,8.700000000000001,0.0,8.700000000000001,inspect_top30_uncertainty_x_graph_consequence,top_uncertainty_graph_consequence,30,0.05,dedicated,47,4.640495910851712,310.43306385508157
166.97769341621938,150.90355244674026,317.88124586295964,60,0.0,8.700000000000001,0.0,8.700000000000001,inspect_top60_uncertainty_x_graph_consequence,top_uncertainty_graph_consequence,60,0.05,dedicated,47,7.448182007878074,310.43306385508157
165.1685721876265,150.23338340523793,315.4019555928644,60,0.0,8.700000000000001,0.0,8.700000000000001,inspect_random60,random,60,0.05,dedicated,47,4.968891737782826,310.43306385508157
175.11415324302962,158.6742700713698,333.78842331439944,30,0.0,8.700000000000001,0.0,8.700000000000001,inspect_top30_consequence,top_consequence,30,0.05,dedicated,48,4.189335623413967,329.59908769098547
175.22833486603884,158.498545448928,333.7268803149668,60,0.0,8.700000000000001,0.0,8.700000000000001,inspect_top60_consequence,top_consequence,60,0.05,dedicated,48,4.12779262398135,329.59908769098547
174.93623846900738,158.7296372406534,333.6658757096608,30,0.0,8.700000000000001,0.0,8.700000000000001,inspect_top30_consequence_no_graph,top_consequence_no_graph,30,0.05,dedicated,48,4.066788018675311,329.59908769098547
175.27845099709612,158.18128601163158,333.4597370087277,60,0.0,8.700000000000001,0.0,8.700000000000001,inspect_top60_consequence_no_graph,top_consequence_no_graph,60,0.05,dedicated,48,3.8606493177422294,329.59908769098547
174.64005798752186,158.8472637863987,333.4873217739206,30,0.0,8.700000000000001,0.0,8.700000000000001,inspect_top30_uncertainty_x_consequence,top_uncertainty_consequence,30,0.05,dedicated,48,3.888234082935128,329.59908769098547
175.09630057943158,158.9756910040553,334.0719915834869,60,0.0,8.700000000000001,0.0,8.700000000000001,inspect_top60_uncertainty_x_consequence,top_uncertainty_consequence,60,0.05,dedicated,48,4.472903892501449,329.59908769098547
174.1736544546473,158.69330111515686,332.8669555698042,30,0.0,8.700000000000001,0.0,8.700000000000001,inspect_top30_uncertainty_x_graph_consequence,top_uncertainty_graph_consequence,30,0.05,dedicated,48,3.26786787881872,329.59908769098547
175.02784810314466,159.02470016793808,334.05254827108274,60,0.0,8.700000000000001,0.0,8.700000000000001,inspect_top60_uncertainty_x_graph_consequence,top_uncertainty_graph_consequence,60,0.05,dedicated,48,4.453460580097271,329.59908769098547
174.3868227603375,159.6690524557513,334.0558752160888,60,0.0,8.700000000000001,0.0,8.700000000000001,inspect_random60,random,60,0.05,dedicated,48,4.456787525103323,329.59908769098547
171.58655795917906,155.14125950670172,326.7278174658808,30,0.0,8.700000000000001,0.0,8.700000000000001,inspect_top30_consequence,top_consequence,30,0.05,dedicated,49,5.270258389956211,321.45755907592456
171.65576652375975,154.87298331520753,326.5287498389673,60,0.0,8.700000000000001,0.0,8.700000000000001,inspect_top60_consequence,top_consequence,60,0.05,dedicated,49,5.07119076304275,321.45755907592456
171.78651672450476,154.81509594621733,326.6016126707221,30,0.0,8.700000000000001,0.0,8.700000000000001,inspect_top30_consequence_no_graph,top_consequence_no_graph,30,0.05,dedicated,49,5.144053594797526,321.45755907592456
171.88013937606075,154.80660939647802,326.68674877253875,60,0.0,8.700000000000001,0.0,8.700000000000001,inspect_top60_consequence_no_graph,top_consequence_no_graph,60,0.05,dedicated,49,5.229189696614185,321.45755907592456
171.38249490563027,156.0568729622546,327.43936786788487,30,0.0,8.700000000000001,0.0,8.700000000000001,inspect_top30_uncertainty_x_consequence,top_uncertainty_consequence,30,0.05,dedicated,49,5.9818087919603045,321.45755907592456
172.20435405090808,156.44511262488575,328.64946667579386,60,0.0,8.700000000000001,0.0,8.700000000000001,inspect_top60_uncertainty_x_consequence,top_uncertainty_consequence,60,0.05,dedicated,49,7.191907599869296,321.45755907592456
171.18297870600958,156.1080617787045,327.2910404847141,30,0.0,8.700000000000001,0.0,8.700000000000001,inspect_top30_uncertainty_x_graph_consequence,top_uncertainty_graph_consequence,30,0.05,dedicated,49,5.83348140878951,321.45755907592456
171.89789516128644,156.074421831076,327.97231699236244,60,0.0,8.700000000000001,0.0,8.700000000000001,inspect_top60_uncertainty_x_graph_consequence,top_uncertainty_graph_consequence,60,0.05,dedicated,49,6.514757916437873,321.45755907592456
171.69511188660562,156.17018034906047,327.86529223566606,60,0.0,8.700000000000001,0.0,8.700000000000001,inspect_random60,random,60,0.05,dedicated,49,6.407733159741497,321.45755907592456
170.22868728365978,153.780582627453,324.00926991111277,30,0.0,8.700000000000001,0.0,8.700000000000001,inspect_top30_consequence,top_consequence,30,0.05,dedicated,50,4.383771794090819,319.62549811702195
170.54562586232942,153.94634286029952,324.49196872262894,60,0.0,8.700000000000001,0.0,8.700000000000001,inspect_top60_consequence,top_consequence,60,0.05,dedicated,50,4.866470605606992,319.62549811702195
171.7403443474517,155.0581185513796,326.7984628988313,30,0.0,8.700000000000001,0.0,8.700000000000001,inspect_top30_consequence_no_graph,top_consequence_no_graph,30,0.05,dedicated,50,7.172964781809355,319.62549811702195
171.10023891375238,153.9342840888701,325.03452300262245,60,0.0,8.700000000000001,0.0,8.700000000000001,inspect_top60_consequence_no_graph,top_consequence_no_graph,60,0.05,dedicated,50,5.409024885600502,319.62549811702195
170.60532197913574,155.3531595562544,325.95848153539015,30,0.0,8.700000000000001,0.0,8.700000000000001,inspect_top30_uncertainty_x_consequence,top_uncertainty_consequence,30,0.05,dedicated,50,6.332983418368201,319.62549811702195
171.06404787973693,155.40046750333394,326.4645153830709,60,0.0,8.700000000000001,0.0,8.700000000000001,inspect_top60_uncertainty_x_consequence,top_uncertainty_consequence,60,0.05,dedicated,50,6.839017266048927,319.62549811702195
170.46465447480256,155.3531595562544,325.81781403105697,30,0.0,8.700000000000001,0.0,8.700000000000001,inspect_top30_uncertainty_x_graph_consequence,top_uncertainty_graph_consequence,30,0.05,dedicated,50,6.192315914035021,319.62549811702195
170.39157756569006,154.78975083042667,325.1813283961167,60,0.0,8.700000000000001,0.0,8.700000000000001,inspect_top60_uncertainty_x_graph_consequence,top_uncertainty_graph_consequence,60,0.05,dedicated,50,5.555830279094778,319.62549811702195
170.2564515872802,155.12294537856445,325.37939696584465,60,0.0,8.700000000000001,0.0,8.700000000000001,inspect_random60,random,60,0.05,dedicated,50,5.7538988488227005,319.62549811702195
185.9201547528595,169.2910140304961,355.21116878335556,30,0.0,8.700000000000001,0.0,8.700000000000001,inspect_top30_consequence,top_consequence,30,0.05,dedicated,51,4.150308738683805,351.06086004467176
186.409194296905,169.5529485837575,355.96214288066255,60,0.0,8.700000000000001,0.0,8.700000000000001,inspect_top60_consequence,top_consequence,60,0.05,dedicated,51,4.9012828359907985,351.06086004467176
186.03149410190036,170.05635646693145,356.0878505688318,30,0.0,8.700000000000001,0.0,8.700000000000001,inspect_top30_consequence_no_graph,top_consequence_no_graph,30,0.05,dedicated,51,5.026990524160055,351.06086004467176
186.6645235365151,169.7773428507014,356.44186638721646,60,0.0,8.700000000000001,0.0,8.700000000000001,inspect_top60_consequence_no_graph,top_consequence_no_graph,60,0.05,dedicated,51,5.381006342544708,351.06086004467176
186.1097051279783,170.14721374521912,356.2569188731974,30,0.0,8.700000000000001,0.0,8.700000000000001,inspect_top30_uncertainty_x_consequence,top_uncertainty_consequence,30,0.05,dedicated,51,5.196058828525622,351.06086004467176
186.33808804064503,170.07596799086917,356.4140560315142,60,0.0,8.700000000000001,0.0,8.700000000000001,inspect_top60_uncertainty_x_consequence,top_uncertainty_consequence,60,0.05,dedicated,51,5.353195986842422,351.06086004467176
186.1198850985968,170.19683511447766,356.31672021307446,30,0.0,8.700000000000001,0.0,8.700000000000001,inspect_top30_uncertainty_x_graph_consequence,top_uncertainty_graph_consequence,30,0.05,dedicated,51,5.255860168402705,351.06086004467176
186.27513828258446,170.1786063749027,356.45374465748716,60,0.0,8.700000000000001,0.0,8.700000000000001,inspect_top60_uncertainty_x_graph_consequence,top_uncertainty_graph_consequence,60,0.05,dedicated,51,5.392884612815408,351.06086004467176
185.2923347929775,170.35795535535482,355.6502901483323,60,0.0,8.700000000000001,0.0,8.700000000000001,inspect_random60,random,60,0.05,dedicated,51,4.589430103660561,351.06086004467176
168.35410124328502,152.93802582560258,321.29212706888757,30,0.0,8.700000000000001,0.0,8.700000000000001,inspect_top30_consequence,top_consequence,30,0.05,dedicated,52,7.871457008424386,313.4206700604632
167.15401599899192,150.44543136347667,317.5994473624686,60,0.0,8.700000000000001,0.0,8.700000000000001,inspect_top60_consequence,top_consequence,60,0.05,dedicated,52,4.178777302005415,313.4206700604632
167.5207372605464,152.1240243735377,319.64476163408415,30,0.0,8.700000000000001,0.0,8.700000000000001,inspect_top30_consequence_no_graph,top_consequence_no_graph,30,0.05,dedicated,52,6.224091573620967,313.4206700604632
168.11946325819176,150.99235580207397,319.1118190602657,60,0.0,8.700000000000001,0.0,8.700000000000001,inspect_top60_consequence_no_graph,top_consequence_no_graph,60,0.05,dedicated,52,5.691148999802522,313.4206700604632
167.30581708420073,151.77780912919613,319.0836262133969,30,0.0,8.700000000000001,0.0,8.700000000000001,inspect_top30_uncertainty_x_consequence,top_uncertainty_consequence,30,0.05,dedicated,52,5.6629561529337025,313.4206700604632
167.96517265727505,151.5480015036893,319.51317416096435,60,0.0,8.700000000000001,0.0,8.700000000000001,inspect_top60_uncertainty_x_consequence,top_uncertainty_consequence,60,0.05,dedicated,52,6.0925041005011735,313.4206700604632
167.9168277253134,151.77780912919613,319.69463685450955,30,0.0,8.700000000000001,0.0,8.700000000000001,inspect_top30_uncertainty_x_graph_consequence,top_uncertainty_graph_consequence,30,0.05,dedicated,52,6.273966794046373,313.4206700604632
167.30537551471429,150.88820436112857,318.19357987584283,60,0.0,8.700000000000001,0.0,8.700000000000001,inspect_top60_uncertainty_x_graph_consequence,top_uncertainty_graph_consequence,60,0.05,dedicated,52,4.7729098153796485,313.4206700604632
166.2273764865625,151.56274283596272,317.79011932252524,60,0.0,8.700000000000001,0.0,8.700000000000001,inspect_random60,random,60,0.05,dedicated,52,4.369449262062062,313.4206700604632
178.54805746714652,162.8126998683319,341.3607573354784,30,0.0,8.700000000000001,0.0,8.700000000000001,inspect_top30_consequence,top_consequence,30,0.05,dedicated,53,5.681556510167866,335.67920082531055
178.95183977843428,161.9525891416708,340.9044289201051,60,0.0,8.700000000000001,0.0,8.700000000000001,inspect_top60_consequence,top_consequence,60,0.05,dedicated,53,5.225228094794545,335.67920082531055
177.74648708425212,161.5094088563852,339.2558959406373,30,0.0,8.700000000000001,0.0,8.700000000000001,inspect_top30_consequence_no_graph,top_consequence_no_graph,30,0.05,dedicated,53,3.576695115326743,335.67920082531055
178.22227861392855,161.0296949899752,339.25197360390376,60,0.0,8.700000000000001,0.0,8.700000000000001,inspect_top60_consequence_no_graph,top_consequence_no_graph,60,0.05,dedicated,53,3.572772778593219,335.67920082531055
178.17235127530301,162.9674344936377,341.1397857689407,30,0.0,8.700000000000001,0.0,8.700000000000001,inspect_top30_uncertainty_x_consequence,top_uncertainty_consequence,30,0.05,dedicated,53,5.460584943630181,335.67920082531055
179.5906469275385,163.2327279987084,342.8233749262469,60,0.0,8.700000000000001,0.0,8.700000000000001,inspect_top60_uncertainty_x_consequence,top_uncertainty_consequence,60,0.05,dedicated,53,7.144174100936368,335.67920082531055
178.2806660703145,163.03975535433935,341.3204214246539,30,0.0,8.700000000000001,0.0,8.700000000000001,inspect_top30_uncertainty_x_graph_consequence,top_uncertainty_graph_consequence,30,0.05,dedicated,53,5.641220599343342,335.67920082531055
179.41569641146268,163.04061248525477,342.4563088967175,60,0.0,8.700000000000001,0.0,8.700000000000001,inspect_top60_uncertainty_x_graph_consequence,top_uncertainty_graph_consequence,60,0.05,dedicated,53,6.7771080714069285,335.67920082531055
177.08635612399343,162.499669630894,339.58602575488743,60,0.0,8.700000000000001,0.0,8.700000000000001,inspect_random60,random,60,0.05,dedicated,53,3.906824929576885,335.67920082531055
168.7049145280688,152.56879623328823,321.27371076135705,30,0.0,8.700000000000001,0.0,8.700000000000001,inspect_top30_consequence,top_consequence,30,0.05,dedicated,54,3.339270365052016,317.93444039630504
169.12421042825684,152.17553831497207,321.2997487432289,60,0.0,8.700000000000001,0.0,8.700000000000001,inspect_top60_consequence,top_consequence,60,0.05,dedicated,54,3.3653083469238823,317.93444039630504
169.43129522754407,152.7349022069911,322.1661974345352,30,0.0,8.700000000000001,0.0,8.700000000000001,inspect_top30_consequence_no_graph,top_consequence_no_graph,30,0.05,dedicated,54,4.231757038230171,317.93444039630504
170.28119935862622,153.0197381596766,323.3009375183028,60,0.0,8.700000000000001,0.0,8.700000000000001,inspect_top60_consequence_no_graph,top_consequence_no_graph,60,0.05,dedicated,54,5.3664971219977815,317.93444039630504
170.76268050984334,154.60737514138629,325.3700556512296,30,0.0,8.700000000000001,0.0,8.700000000000001,inspect_top30_uncertainty_x_consequence,top_uncertainty_consequence,30,0.05,dedicated,54,7.435615254924585,317.93444039630504
169.60709154414963,153.51501338517042,323.12210492932,60,0.0,8.700000000000001,0.0,8.700000000000001,inspect_top60_uncertainty_x_consequence,top_uncertainty_consequence,60,0.05,dedicated,54,5.187664533014981,317.93444039630504
170.61740260153664,154.55708489652704,325.1744874980637,30,0.0,8.700000000000001,0.0,8.700000000000001,inspect_top30_uncertainty_x_graph_consequence,top_uncertainty_graph_consequence,30,0.05,dedicated,54,7.240047101758648,317.93444039630504
168.84594143395577,152.72414836282206,321.57008979677784,60,0.0,8.700000000000001,0.0,8.700000000000001,inspect_top60_uncertainty_x_graph_consequence,top_uncertainty_graph_consequence,60,0.05,dedicated,54,3.6356494004728006,317.93444039630504
169.95373411318747,154.09294506883634,324.0466791820238,60,0.0,8.700000000000001,0.0,8.700000000000001,inspect_random60,random,60,0.05,dedicated,54,6.112238785718773,317.93444039630504
172.04970493719281,155.55332472072695,327.60302965791976,30,0.0,8.700000000000001,0.0,8.700000000000001,inspect_top30_consequence,top_consequence,30,0.05,dedicated,55,5.12100541438798,322.4820242435318
172.42499038851372,155.55631409737282,327.98130448588654,60,0.0,8.700000000000001,0.0,8.700000000000001,inspect_top60_consequence,top_consequence,60,0.05,dedicated,55,5.499280242354757,322.4820242435318
171.21858754753487,155.25948270510895,326.4780702526438,30,0.0,8.700000000000001,0.0,8.700000000000001,inspect_top30_consequence_no_graph,top_consequence_no_graph,30,0.05,dedicated,55,3.9960460091120353,322.4820242435318
172.38578032972978,155.21411191535682,327.5998922450866,60,0.0,8.700000000000001,0.0,8.700000000000001,inspect_top60_consequence_no_graph,top_consequence_no_graph,60,0.05,dedicated,55,5.117868001554825,322.4820242435318
171.23591511324832,155.67668796652652,326.91260307977484,30,0.0,8.700000000000001,0.0,8.700000000000001,inspect_top30_uncertainty_x_consequence,top_uncertainty_consequence,30,0.05,dedicated,55,4.430578836243058,322.4820242435318
171.91246215129843,155.83653429798824,327.74899644928666,60,0.0,8.700000000000001,0.0,8.700000000000001,inspect_top60_uncertainty_x_consequence,top_uncertainty_consequence,60,0.05,dedicated,55,5.2669722057548825,322.4820242435318
171.31857539994485,155.67668796652652,326.99526336647136,30,0.0,8.700000000000001,0.0,8.700000000000001,inspect_top30_uncertainty_x_graph_consequence,top_uncertainty_graph_consequence,30,0.05,dedicated,55,4.513239122939581,322.4820242435318
171.44029975173117,155.3987408672667,326.83904061899784,60,0.0,8.700000000000001,0.0,8.700000000000001,inspect_top60_uncertainty_x_graph_consequence,top_uncertainty_graph_consequence,60,0.05,dedicated,55,4.35701637546606,322.4820242435318
171.48019286738838,156.65197492027986,328.1321677876682,60,0.0,8.700000000000001,0.0,8.700000000000001,inspect_random60,random,60,0.05,dedicated,55,5.6501435441364265,322.4820242435318
163.21374709700865,147.0806878319769,310.29443492898554,30,0.0,8.700000000000001,0.0,8.700000000000001,inspect_top30_consequence,top_consequence,30,0.05,dedicated,56,4.684338522943733,305.6100964060418
162.94873529860058,146.27933197087756,309.2280672694782,60,0.0,8.700000000000001,0.0,8.700000000000001,inspect_top60_consequence,top_consequence,60,0.05,dedicated,56,3.617970863436369,305.6100964060418
163.3924514480834,147.24932686590074,310.6417783139841,30,0.0,8.700000000000001,0.0,8.700000000000001,inspect_top30_consequence_no_graph,top_consequence_no_graph,30,0.05,dedicated,56,5.0316819079423,305.6100964060418
163.62375979002445,146.63609830230786,310.2598580923323,60,0.0,8.700000000000001,0.0,8.700000000000001,inspect_top60_consequence_no_graph,top_consequence_no_graph,60,0.05,dedicated,56,4.649761686290503,305.6100964060418
164.26291084901277,148.77260612502715,313.0355169740399,30,0.0,8.700000000000001,0.0,8.700000000000001,inspect_top30_uncertainty_x_consequence,top_uncertainty_consequence,30,0.05,dedicated,56,7.425420567998117,305.6100964060418
164.71535476000656,148.26572567351957,312.98108043352613,60,0.0,8.700000000000001,0.0,8.700000000000001,inspect_top60_uncertainty_x_consequence,top_uncertainty_consequence,60,0.05,dedicated,56,7.370984027484326,305.6100964060418
163.9506907146206,148.8112871710852,312.76197788570585,30,0.0,8.700000000000001,0.0,8.700000000000001,inspect_top30_uncertainty_x_graph_consequence,top_uncertainty_graph_consequence,30,0.05,dedicated,56,7.151881479664041,305.6100964060418
163.80324567605305,147.37511790721356,311.1783635832666,60,0.0,8.700000000000001,0.0,8.700000000000001,inspect_top60_uncertainty_x_graph_consequence,top_uncertainty_graph_consequence,60,0.05,dedicated,56,5.568267177224811,305.6100964060418
163.40758442510514,148.1895409691531,311.5971253942582,60,0.0,8.700000000000001,0.0,8.700000000000001,inspect_random60,random,60,0.05,dedicated,56,5.987028988216423,305.6100964060418
165.59533331466824,149.2729848120695,314.86831812673773,30,0.0,8.700000000000001,0.0,8.700000000000001,inspect_top30_consequence,top_consequence,30,0.05,dedicated,57,3.480393996553289,311.38792413018444
165.75209281226233,148.86289560699686,314.6149884192592,60,0.0,8.700000000000001,0.0,8.700000000000001,inspect_top60_consequence,top_consequence,60,0.05,dedicated,57,3.2270642890747467,311.38792413018444
166.1297173298369,149.55109507883668,315.68081240867355,30,0.0,8.700000000000001,0.0,8.700000000000001,inspect_top30_consequence_no_graph,top_consequence_no_graph,30,0.05,dedicated,57,4.292888278489102,311.38792413018444
165.97807967894298,148.83368144850397,314.81176112744697,60,0.0,8.700000000000001,0.0,8.700000000000001,inspect_top60_consequence_no_graph,top_consequence_no_graph,60,0.05,dedicated,57,3.4238369972625264,311.38792413018444
165.81359891837337,150.13613434714438,315.94973326551775,30,0.0,8.700000000000001,0.0,8.700000000000001,inspect_top30_uncertainty_x_consequence,top_uncertainty_consequence,30,0.05,dedicated,57,4.561809135333306,311.38792413018444
165.41077177048817,149.4363907834193,314.8471625539075,60,0.0,8.700000000000001,0.0,8.700000000000001,inspect_top60_uncertainty_x_consequence,top_uncertainty_consequence,60,0.05,dedicated,57,3.4592384237230362,311.38792413018444
165.74870249553118,150.13613434714438,315.88483684267555,30,0.0,8.700000000000001,0.0,8.700000000000001,inspect_top30_uncertainty_x_graph_consequence,top_uncertainty_graph_consequence,30,0.05,dedicated,57,4.49691271249111,311.38792413018444
165.9494332592829,150.05242439300088,316.0018576522838,60,0.0,8.700000000000001,0.0,8.700000000000001,inspect_top60_uncertainty_x_graph_consequence,top_uncertainty_graph_consequence,60,0.05,dedicated,57,4.61393352209933,311.38792413018444
166.23682175384047,150.88150797117845,317.11832972501895,60,0.0,8.700000000000001,0.0,8.700000000000001,inspect_random60,random,60,0.05,dedicated,57,5.730405594834508,311.38792413018444
169.69137224747223,153.29340328174703,322.9847755292193,30,0.0,8.700000000000001,0.0,8.700000000000001,inspect_top30_consequence,top_consequence,30,0.05,dedicated,58,6.470659352326038,316.51411617689325
168.52022641098745,151.80261790755554,320.322844318543,60,0.0,8.700000000000001,0.0,8.700000000000001,inspect_top60_consequence,top_consequence,60,0.05,dedicated,58,3.8087281416497376,316.51411617689325
169.43910908335124,153.29429043806294,322.7333995214142,30,0.0,8.700000000000001,0.0,8.700000000000001,inspect_top30_consequence_no_graph,top_consequence_no_graph,30,0.05,dedicated,58,6.219283344520932,316.51411617689325
170.11599462759034,153.15801704272963,323.27401167031996,60,0.0,8.700000000000001,0.0,8.700000000000001,inspect_top60_consequence_no_graph,top_consequence_no_graph,60,0.05,dedicated,58,6.759895493426711,316.51411617689325
168.2348718463301,153.26801007158684,321.50288191791697,30,0.0,8.700000000000001,0.0,8.700000000000001,inspect_top30_uncertainty_x_consequence,top_uncertainty_consequence,30,0.05,dedicated,58,4.9887657410237125,316.51411617689325
169.11744035968815,153.24031796855903,322.3577583282472,60,0.0,8.700000000000001,0.0,8.700000000000001,inspect_top60_uncertainty_x_consequence,top_uncertainty_consequence,60,0.05,dedicated,58,5.843642151353947,316.51411617689325
168.25116484652776,153.3742695066071,321.6254343531349,30,0.0,8.700000000000001,0.0,8.700000000000001,inspect_top30_uncertainty_x_graph_consequence,top_uncertainty_graph_consequence,30,0.05,dedicated,58,5.111318176241639,316.51411617689325
169.03089875778784,153.14474731886003,322.17564607664787,60,0.0,8.700000000000001,0.0,8.700000000000001,inspect_top60_uncertainty_x_graph_consequence,top_uncertainty_graph_consequence,60,0.05,dedicated,58,5.661529899754612,316.51411617689325
169.12283211154255,153.64372402194581,322.7665561334884,60,0.0,8.700000000000001,0.0,8.700000000000001,inspect_random60,random,60,0.05,dedicated,58,6.25243995659514,316.51411617689325
171.57854932664466,155.84262051945515,327.4211698460998,30,0.0,8.700000000000001,0.0,8.700000000000001,inspect_top30_consequence,top_consequence,30,0.05,dedicated,59,6.266810735444778,321.15435911065504
171.56696764147313,154.95741671867472,326.52438436014785,60,0.0,8.700000000000001,0.0,8.700000000000001,inspect_top60_consequence,top_consequence,60,0.05,dedicated,59,5.370025249492812,321.15435911065504
171.8305669703109,156.05793452366476,327.8885014939757,30,0.0,8.700000000000001,0.0,8.700000000000001,inspect_top30_consequence_no_graph,top_consequence_no_graph,30,0.05,dedicated,59,6.734142383320659,321.15435911065504
172.0765382895596,155.13529397052847,327.21183226008804,60,0.0,8.700000000000001,0.0,8.700000000000001,inspect_top60_consequence_no_graph,top_consequence_no_graph,60,0.05,dedicated,59,6.057473149433008,321.15435911065504
171.1302454082337,155.41181998402794,326.54206539226163,30,0.0,8.700000000000001,0.0,8.700000000000001,inspect_top30_uncertainty_x_consequence,top_uncertainty_consequence,30,0.05,dedicated,59,5.387706281606597,321.15435911065504
170.77626164314188,154.74559173955203,325.5218533826939,60,0.0,8.700000000000001,0.0,8.700000000000001,inspect_top60_uncertainty_x_consequence,top_uncertainty_consequence,60,0.05,dedicated,59,4.3674942720388685,321.15435911065504
170.98953195273154,155.2058255534812,326.19535750621276,30,0.0,8.700000000000001,0.0,8.700000000000001,inspect_top30_uncertainty_x_graph_consequence,top_uncertainty_graph_consequence,30,0.05,dedicated,59,5.040998395557722,321.15435911065504
171.172118978762,155.00467304658463,326.17679202534663,60,0.0,8.700000000000001,0.0,8.700000000000001,inspect_top60_uncertainty_x_graph_consequence,top_uncertainty_graph_consequence,60,0.05,dedicated,59,5.022432914691592,321.15435911065504
171.03318820088083,156.25102396311647,327.28421216399727,60,0.0,8.700000000000001,0.0,8.700000000000001,inspect_random60,random,60,0.05,dedicated,59,6.129853053342231,321.15435911065504
163.06996209326957,146.68196968713534,309.7519317804049,30,0.0,8.700000000000001,0.0,8.700000000000001,inspect_top30_consequence,top_consequence,30,0.05,dedicated,60,4.603125494243216,305.1488062861617
163.29272704680176,146.68893100308114,309.98165804988287,60,0.0,8.700000000000001,0.0,8.700000000000001,inspect_top60_consequence,top_consequence,60,0.05,dedicated,60,4.83285176372118,305.1488062861617
162.85764993460424,146.22029841229698,309.0779483469012,30,0.0,8.700000000000001,0.0,8.700000000000001,inspect_top30_consequence_no_graph,top_consequence_no_graph,30,0.05,dedicated,60,3.9291420607395366,305.1488062861617
163.1964630121546,146.029945123047,309.2264081352016,60,0.0,8.700000000000001,0.0,8.700000000000001,inspect_top60_consequence_no_graph,top_consequence_no_graph,60,0.05,dedicated,60,4.077601849039922,305.1488062861617
162.48345194400065,146.8404579566337,309.32390990063436,30,0.0,8.700000000000001,0.0,8.700000000000001,inspect_top30_uncertainty_x_consequence,top_uncertainty_consequence,30,0.05,dedicated,60,4.175103614472675,305.1488062861617
162.31328274094696,146.12365715274427,308.43693989369126,60,0.0,8.700000000000001,0.0,8.700000000000001,inspect_top60_uncertainty_x_consequence,top_uncertainty_consequence,60,0.05,dedicated,60,3.2881336075295735,305.1488062861617
162.7402441605466,147.00774406415476,309.7479882247014,30,0.0,8.700000000000001,0.0,8.700000000000001,inspect_top30_uncertainty_x_graph_consequence,top_uncertainty_graph_consequence,30,0.05,dedicated,60,4.599181938539687,305.1488062861617
162.29475265892012,146.1832147531192,308.47796741203933,60,0.0,8.700000000000001,0.0,8.700000000000001,inspect_top60_uncertainty_x_graph_consequence,top_uncertainty_graph_consequence,60,0.05,dedicated,60,3.329161125877647,305.1488062861617
162.74090118381486,146.87788665989524,309.6187878437101,60,0.0,8.700000000000001,0.0,8.700000000000001,inspect_random60,random,60,0.05,dedicated,60,4.469981557548408,305.1488062861617
172.20098713506303,155.74443331561798,327.945420450681,30,0.0,8.700000000000001,0.0,8.700000000000001,inspect_top30_consequence,top_consequence,30,0.05,dedicated,61,4.322481877623261,323.62293857305775
171.99013471423388,155.1206876638226,327.11082237805647,60,0.0,8.700000000000001,0.0,8.700000000000001,inspect_top60_consequence,top_consequence,60,0.05,dedicated,61,3.4878838049987166,323.62293857305775
172.66465784611214,156.1493835109793,328.81404135709147,30,0.0,8.700000000000001,0.0,8.700000000000001,inspect_top30_consequence_no_graph,top_consequence_no_graph,30,0.05,dedicated,61,5.191102784033717,323.62293857305775
172.5116884177021,155.41028471947206,327.9219731371742,60,0.0,8.700000000000001,0.0,8.700000000000001,inspect_top60_consequence_no_graph,top_consequence_no_graph,60,0.05,dedicated,61,4.299034564116425,323.62293857305775
172.2519296918619,155.98499973578566,328.23692942764757,30,0.0,8.700000000000001,0.0,8.700000000000001,inspect_top30_uncertainty_x_consequence,top_uncertainty_consequence,30,0.05,dedicated,61,4.613990854589815,323.62293857305775
173.45506548082972,157.04713166568365,330.50219714651337,60,0.0,8.700000000000001,0.0,8.700000000000001,inspect_top60_uncertainty_x_consequence,top_uncertainty_consequence,60,0.05,dedicated,61,6.8792585734556155,323.62293857305775
171.9523677744075,155.99304726404114,327.94541503844863,30,0.0,8.700000000000001,0.0,8.700000000000001,inspect_top30_uncertainty_x_graph_consequence,top_uncertainty_graph_consequence,30,0.05,dedicated,61,4.322476465390878,323.62293857305775
173.5128089812214,157.00089747726824,330.51370645848965,60,0.0,8.700000000000001,0.0,8.700000000000001,inspect_top60_uncertainty_x_graph_consequence,top_uncertainty_graph_consequence,60,0.05,dedicated,61,6.890767885431899,323.62293857305775
171.5501175718794,155.84842210663464,327.39853967851406,60,0.0,8.700000000000001,0.0,8.700000000000001,inspect_random60,random,60,0.05,dedicated,61,3.7756011054563032,323.62293857305775
176.26069327569587,159.75807593318706,336.01876920888293,30,0.0,8.700000000000001,0.0,8.700000000000001,inspect_top30_consequence,top_consequence,30,0.05,dedicated,62,6.095631184622164,329.92313802426077
176.87491113505462,159.97048072165893,336.84539185671355,60,0.0,8.700000000000001,0.0,8.700000000000001,inspect_top60_consequence,top_consequence,60,0.05,dedicated,62,6.922253832452782,329.92313802426077
176.7738854284251,160.31484187253588,337.08872730096095,30,0.0,8.700000000000001,0.0,8.700000000000001,inspect_top30_consequence_no_graph,top_consequence_no_graph,30,0.05,dedicated,62,7.165589276700189,329.92313802426077
176.90323365598306,159.71064473702876,336.6138783930118,60,0.0,8.700000000000001,0.0,8.700000000000001,inspect_top60_consequence_no_graph,top_consequence_no_graph,60,0.05,dedicated,62,6.690740368751051,329.92313802426077
175.92883769776836,161.23725457850318,337.16609227627157,30,0.0,8.700000000000001,0.0,8.700000000000001,inspect_top30_uncertainty_x_consequence,top_uncertainty_consequence,30,0.05,dedicated,62,7.242954252010804,329.92313802426077
175.4790344805935,159.73388585078933,335.21292033138286,60,0.0,8.700000000000001,0.0,8.700000000000001,inspect_top60_uncertainty_x_consequence,top_uncertainty_consequence,60,0.05,dedicated,62,5.2897823071220955,329.92313802426077
175.72440573053495,160.73223932522367,336.4566450557586,30,0.0,8.700000000000001,0.0,8.700000000000001,inspect_top30_uncertainty_x_graph_consequence,top_uncertainty_graph_consequence,30,0.05,dedicated,62,6.533507031497834,329.92313802426077
175.40879787163036,159.3383907776449,334.74718864927524,60,0.0,8.700000000000001,0.0,8.700000000000001,inspect_top60_uncertainty_x_graph_consequence,top_uncertainty_graph_consequence,60,0.05,dedicated,62,4.824050625014479,329.92313802426077
176.97145897528924,161.7435004958551,338.7149594711443,60,0.0,8.700000000000001,0.0,8.700000000000001,inspect_random60,random,60,0.05,dedicated,62,8.791821446883546,329.92313802426077
175.6130401305171,158.919579108871,334.5326192393881,30,0.0,8.700000000000001,0.0,8.700000000000001,inspect_top30_consequence,top_consequence,30,0.05,dedicated,63,3.2768244427978743,331.25579479659024
176.25267069233956,159.38069867072426,335.6333693630638,60,0.0,8.700000000000001,0.0,8.700000000000001,inspect_top60_consequence,top_consequence,60,0.05,dedicated,63,4.377574566473584,331.25579479659024
175.9981319128414,159.58517901988472,335.58331093272614,30,0.0,8.700000000000001,0.0,8.700000000000001,inspect_top30_consequence_no_graph,top_consequence_no_graph,30,0.05,dedicated,63,4.327516136135898,331.25579479659024
176.71077380040134,159.50619905637217,336.2169728567735,60,0.0,8.700000000000001,0.0,8.700000000000001,inspect_top60_consequence_no_graph,top_consequence_no_graph,60,0.05,dedicated,63,4.961178060183272,331.25579479659024
175.48946629426706,160.22142557009715,335.7108918643642,30,0.0,8.700000000000001,0.0,8.700000000000001,inspect_top30_uncertainty_x_consequence,top_uncertainty_consequence,30,0.05,dedicated,63,4.455097067773977,331.25579479659024
176.50853129962246,160.08447411294395,336.5930054125664,60,0.0,8.700000000000001,0.0,8.700000000000001,inspect_top60_uncertainty_x_consequence,top_uncertainty_consequence,60,0.05,dedicated,63,5.337210615976176,331.25579479659024
175.4291886242733,160.22142557009715,335.65061419437046,30,0.0,8.700000000000001,0.0,8.700000000000001,inspect_top30_uncertainty_x_graph_consequence,top_uncertainty_graph_consequence,30,0.05,dedicated,63,4.394819397780225,331.25579479659024
176.52126273543684,160.12229842318175,336.6435611586186,60,0.0,8.700000000000001,0.0,8.700000000000001,inspect_top60_uncertainty_x_graph_consequence,top_uncertainty_graph_consequence,60,0.05,dedicated,63,5.387766362028344,331.25579479659024
176.85547358190917,161.25576846160573,338.1112420435149,60,0.0,8.700000000000001,0.0,8.700000000000001,inspect_random60,random,60,0.05,dedicated,63,6.855447246924655,331.25579479659024
170.08301361375504,153.2803527953888,323.36336640914385,30,0.0,8.700000000000001,0.0,8.700000000000001,inspect_top30_consequence,top_consequence,30,0.05,dedicated,64,5.170864487819642,318.1925019213242
170.619379913584,153.54175723177593,324.16113714535993,60,0.0,8.700000000000001,0.0,8.700000000000001,inspect_top60_consequence,top_consequence,60,0.05,dedicated,64,5.968635224035722,318.1925019213242
170.75085224604464,153.86520606444373,324.61605831048837,30,0.0,8.700000000000001,0.0,8.700000000000001,inspect_top30_consequence_no_graph,top_consequence_no_graph,30,0.05,dedicated,64,6.423556389164162,318.1925019213242
170.807710880393,153.57376258826378,324.38147346865674,60,0.0,8.700000000000001,0.0,8.700000000000001,inspect_top60_consequence_no_graph,top_consequence_no_graph,60,0.05,dedicated,64,6.188971547332528,318.1925019213242
169.97715128124955,155.13028333664124,325.1074346178908,30,0.0,8.700000000000001,0.0,8.700000000000001,inspect_top30_uncertainty_x_consequence,top_uncertainty_consequence,30,0.05,dedicated,64,6.914932696566609,318.1925019213242
170.2296592457426,154.0385175420171,324.26817678775967,60,0.0,8.700000000000001,0.0,8.700000000000001,inspect_top60_uncertainty_x_consequence,top_uncertainty_consequence,60,0.05,dedicated,64,6.075674866435463,318.1925019213242
168.4808299760479,154.46112847322837,322.9419584492763,30,0.0,8.700000000000001,0.0,8.700000000000001,inspect_top30_uncertainty_x_graph_consequence,top_uncertainty_graph_consequence,30,0.05,dedicated,64,4.749456527952077,318.1925019213242
169.783051951141,153.37923623327697,323.162288184418,60,0.0,8.700000000000001,0.0,8.700000000000001,inspect_top60_uncertainty_x_graph_consequence,top_uncertainty_graph_consequence,60,0.05,dedicated,64,4.969786263093795,318.1925019213242
170.19766712074576,155.20258388032755,325.40025100107334,60,0.0,8.700000000000001,0.0,8.700000000000001,inspect_random60,random,60,0.05,dedicated,64,7.207749079749135,318.1925019213242
163.36301512749188,146.76851258746694,310.1315277149588,30,0.0,8.700000000000001,0.0,8.700000000000001,inspect_top30_consequence,top_consequence,30,0.05,dedicated,65,2.2605903416423985,307.8709373733164
164.4557479848826,147.4791706515321,311.9349186364147,60,0.0,8.700000000000001,0.0,8.700000000000001,inspect_top60_consequence,top_consequence,60,0.05,dedicated,65,4.063981263098299,307.8709373733164
163.2340345963713,146.72490983101096,309.9589444273822,30,0.0,8.700000000000001,0.0,8.700000000000001,inspect_top30_consequence_no_graph,top_consequence_no_graph,30,0.05,dedicated,65,2.0880070540658267,307.8709373733164
164.10517165485336,146.88856417367867,310.99373582853207,60,0.0,8.700000000000001,0.0,8.700000000000001,inspect_top60_consequence_no_graph,top_consequence_no_graph,60,0.05,dedicated,65,3.1227984552156727,307.8709373733164
164.219058675992,147.94177775432505,312.16083643031703,30,0.0,8.700000000000001,0.0,8.700000000000001,inspect_top30_uncertainty_x_consequence,top_uncertainty_consequence,30,0.05,dedicated,65,4.289899057000639,307.8709373733164
164.86934890932613,148.1846439209451,313.0539928302712,60,0.0,8.700000000000001,0.0,8.700000000000001,inspect_top60_uncertainty_x_consequence,top_uncertainty_consequence,60,0.05,dedicated,65,5.183055456954833,307.8709373733164
164.2495110455759,147.82090801261205,312.07041905818795,30,0.0,8.700000000000001,0.0,8.700000000000001,inspect_top30_uncertainty_x_graph_consequence,top_uncertainty_graph_consequence,30,0.05,dedicated,65,4.199481684871557,307.8709373733164
164.82945554375488,148.2039020976269,313.03335764138177,60,0.0,8.700000000000001,0.0,8.700000000000001,inspect_top60_uncertainty_x_graph_consequence,top_uncertainty_graph_consequence,60,0.05,dedicated,65,5.162420268065375,307.8709373733164
162.65630365121098,147.69554553326202,310.351849184473,60,0.0,8.700000000000001,0.0,8.700000000000001,inspect_random60,random,60,0.05,dedicated,65,2.480911811156602,307.8709373733164
179.19783682207174,162.56915629518735,341.76699311725906,30,0.0,8.700000000000001,0.0,8.700000000000001,inspect_top30_consequence,top_consequence,30,0.05,dedicated,66,4.593815831439883,337.1731772858192
179.5176206099232,162.4533089732758,341.970929583199,60,0.0,8.700000000000001,0.0,8.700000000000001,inspect_top60_consequence,top_consequence,60,0.05,dedicated,66,4.797752297379816,337.1731772858192
179.62234163426794,162.7197985512208,342.34214018548874,30,0.0,8.700000000000001,0.0,8.700000000000001,inspect_top30_consequence_no_graph,top_consequence_no_graph,30,0.05,dedicated,66,5.168962899669566,337.1731772858192
179.97224920695538,162.86116092031602,342.8334101272714,60,0.0,8.700000000000001,0.0,8.700000000000001,inspect_top60_consequence_no_graph,top_consequence_no_graph,60,0.05,dedicated,66,5.660232841452228,337.1731772858192
179.17736116859803,163.3742327646982,342.5515939332962,30,0.0,8.700000000000001,0.0,8.700000000000001,inspect_top30_uncertainty_x_consequence,top_uncertainty_consequence,30,0.05,dedicated,66,5.3784166474770245,337.1731772858192
180.01952140141424,163.62647430771722,343.64599570913145,60,0.0,8.700000000000001,0.0,8.700000000000001,inspect_top60_uncertainty_x_consequence,top_uncertainty_consequence,60,0.05,dedicated,66,6.472818423312276,337.1731772858192
179.006064634881,163.21383854292537,342.2199031778064,30,0.0,8.700000000000001,0.0,8.700000000000001,inspect_top30_uncertainty_x_graph_consequence,top_uncertainty_graph_consequence,30,0.05,dedicated,66,5.046725891987194,337.1731772858192
180.15346477606812,163.83398872600327,343.9874535020714,60,0.0,8.700000000000001,0.0,8.700000000000001,inspect_top60_uncertainty_x_graph_consequence,top_uncertainty_graph_consequence,60,0.05,dedicated,66,6.81427621625221,337.1731772858192
179.18283567753153,164.00934501952287,343.19218069705437,60,0.0,8.700000000000001,0.0,8.700000000000001,inspect_random60,random,60,0.05,dedicated,66,6.01900341123519,337.1731772858192
166.552850711948,150.3831219315642,316.9359726435122,30,0.0,8.700000000000001,0.0,8.700000000000001,inspect_top30_consequence,top_consequence,30,0.05,dedicated,67,4.466929303220127,312.46904334029205
167.0816333801426,150.0566236804477,317.13825706059026,60,0.0,8.700000000000001,0.0,8.700000000000001,inspect_top60_consequence,top_consequence,60,0.05,dedicated,67,4.669213720298217,312.46904334029205
166.96634902201023,150.6219580199733,317.5883070419835,30,0.0,8.700000000000001,0.0,8.700000000000001,inspect_top30_consequence_no_graph,top_consequence_no_graph,30,0.05,dedicated,67,5.119263701691466,312.46904334029205
167.40946696498253,150.2360428548575,317.64550981984,60,0.0,8.700000000000001,0.0,8.700000000000001,inspect_top60_consequence_no_graph,top_consequence_no_graph,60,0.05,dedicated,67,5.176466479547969,312.46904334029205
166.85751135113418,150.71085304025829,317.5683643913925,30,0.0,8.700000000000001,0.0,8.700000000000001,inspect_top30_uncertainty_x_consequence,top_uncertainty_consequence,30,0.05,dedicated,67,5.099321051100446,312.46904334029205
167.31407128038015,150.88175966295879,318.19583094333893,60,0.0,8.700000000000001,0.0,8.700000000000001,inspect_top60_uncertainty_x_consequence,top_uncertainty_consequence,60,0.05,dedicated,67,5.726787603046887,312.46904334029205
166.78022917474584,150.7550969580068,317.53532613275263,30,0.0,8.700000000000001,0.0,8.700000000000001,inspect_top30_uncertainty_x_graph_consequence,top_uncertainty_graph_consequence,30,0.05,dedicated,67,5.0662827924605836,312.46904334029205
166.99132901732742,150.50464528267617,317.4959743000036,60,0.0,8.700000000000001,0.0,8.700000000000001,inspect_top60_uncertainty_x_graph_consequence,top_uncertainty_graph_consequence,60,0.05,dedicated,67,5.026930959711535,312.46904334029205
165.72162001186342,149.9844488483434,315.7060688602068,60,0.0,8.700000000000001,0.0,8.700000000000001,inspect_random60,random,60,0.05,dedicated,67,3.2370255199147664,312.46904334029205
176.08951953539872,159.19046901208048,335.2799885474792,30,0.0,8.700000000000001,0.0,8.700000000000001,inspect_top30_consequence,top_consequence,30,0.05,dedicated,68,8.544059261625705,326.7359292858535
175.2374071921526,158.1722548752462,333.4096620673988,60,0.0,8.700000000000001,0.0,8.700000000000001,inspect_top60_consequence,top_consequence,60,0.05,dedicated,68,6.673732781545311,326.7359292858535
174.76758227582926,157.47386785936732,332.2414501351966,30,0.0,8.700000000000001,0.0,8.700000000000001,inspect_top30_consequence_no_graph,top_consequence_no_graph,30,0.05,dedicated,68,5.5055208493431,326.7359292858535
175.25298580717424,157.9123344264411,333.1653202336154,60,0.0,8.700000000000001,0.0,8.700000000000001,inspect_top60_consequence_no_graph,top_consequence_no_graph,60,0.05,dedicated,68,6.429390947761874,326.7359292858535
174.8312173516014,159.1912199026722,334.0224372542736,30,0.0,8.700000000000001,0.0,8.700000000000001,inspect_top30_uncertainty_x_consequence,top_uncertainty_consequence,30,0.05,dedicated,68,7.286507968420096,326.7359292858535
175.32274457394334,159.10308250814487,334.4258270820882,60,0.0,8.700000000000001,0.0,8.700000000000001,inspect_top60_uncertainty_x_consequence,top_uncertainty_consequence,60,0.05,dedicated,68,7.689897796234675,326.7359292858535
174.96072837034205,159.1912199026722,334.1519482730142,30,0.0,8.700000000000001,0.0,8.700000000000001,inspect_top30_uncertainty_x_graph_consequence,top_uncertainty_graph_consequence,30,0.05,dedicated,68,7.416018987160726,326.7359292858535
174.56719251089652,158.39153234518812,332.95872485608464,60,0.0,8.700000000000001,0.0,8.700000000000001,inspect_top60_uncertainty_x_graph_consequence,top_uncertainty_graph_consequence,60,0.05,dedicated,68,6.222795570231142,326.7359292858535
174.8131709549732,160.36111180659123,335.1742827615644,60,0.0,8.700000000000001,0.0,8.700000000000001,inspect_random60,random,60,0.05,dedicated,68,8.438353475710926,326.7359292858535
181.30718622880897,165.50054828204708,346.80773451085605,30,0.0,8.700000000000001,0.0,8.700000000000001,inspect_top30_consequence,top_consequence,30,0.05,dedicated,69,3.641333062519891,343.16640144833616
182.24348011888262,165.2995874859359,347.5430676048185,60,0.0,8.700000000000001,0.0,8.700000000000001,inspect_top60_consequence,top_consequence,60,0.05,dedicated,69,4.376666156482315,343.16640144833616
182.2577883800663,165.98278365546247,348.24057203552877,30,0.0,8.700000000000001,0.0,8.700000000000001,inspect_top30_consequence_no_graph,top_consequence_no_graph,30,0.05,dedicated,69,5.0741705871926115,343.16640144833616
182.5994069788303,165.22595249250264,347.82535947133294,60,0.0,8.700000000000001,0.0,8.700000000000001,inspect_top60_consequence_no_graph,top_consequence_no_graph,60,0.05,dedicated,69,4.658958022996785,343.16640144833616
182.1052781176299,167.4181110989976,349.5233892166275,30,0.0,8.700000000000001,0.0,8.700000000000001,inspect_top30_uncertainty_x_consequence,top_uncertainty_consequence,30,0.05,dedicated,69,6.356987768291333,343.16640144833616
182.75098979990685,166.21229010181185,348.9632799017187,60,0.0,8.700000000000001,0.0,8.700000000000001,inspect_top60_uncertainty_x_consequence,top_uncertainty_consequence,60,0.05,dedicated,69,5.796878453382533,343.16640144833616
182.56161565352164,167.37043643104943,349.93205208457107,30,0.0,8.700000000000001,0.0,8.700000000000001,inspect_top30_uncertainty_x_graph_consequence,top_uncertainty_graph_consequence,30,0.05,dedicated,69,6.765650636234909,343.16640144833616
182.42316729516,165.93305488909544,348.35622218425544,60,0.0,8.700000000000001,0.0,8.700000000000001,inspect_top60_uncertainty_x_graph_consequence,top_uncertainty_graph_consequence,60,0.05,dedicated,69,5.189820735919284,343.16640144833616
181.82241472066542,166.9399316431851,348.7623463638505,60,0.0,8.700000000000001,0.0,8.700000000000001,inspect_random60,random,60,0.05,dedicated,69,5.5959449155143375,343.16640144833616
158.32837158386508,142.4849557311174,300.8133273149825,30,0.0,8.700000000000001,0.0,8.700000000000001,inspect_top30_consequence,top_consequence,30,0.05,dedicated,70,3.2854651180123255,297.52786219697015
159.44666995947136,142.52316871850184,301.9698386779732,60,0.0,8.700000000000001,0.0,8.700000000000001,inspect_top60_consequence,top_consequence,60,0.05,dedicated,70,4.441976481003053,297.52786219697015
158.34131062576165,142.08410702009823,300.42541764585985,30,0.0,8.700000000000001,0.0,8.700000000000001,inspect_top30_consequence_no_graph,top_consequence_no_graph,30,0.05,dedicated,70,2.8975554488897046,297.52786219697015
158.93562671917698,141.81873063032504,300.754357349502,60,0.0,8.700000000000001,0.0,8.700000000000001,inspect_top60_consequence_no_graph,top_consequence_no_graph,60,0.05,dedicated,70,3.226495152531868,297.52786219697015
159.60920068610616,144.27325297988017,303.8824536659863,30,0.0,8.700000000000001,0.0,8.700000000000001,inspect_top30_uncertainty_x_consequence,top_uncertainty_consequence,30,0.05,dedicated,70,6.354591469016157,297.52786219697015
159.4933829591362,143.26573743045492,302.7591203895911,60,0.0,8.700000000000001,0.0,8.700000000000001,inspect_top60_uncertainty_x_consequence,top_uncertainty_consequence,60,0.05,dedicated,70,5.231258192620942,297.52786219697015
159.53860477962297,144.22643442583666,303.76503920545963,30,0.0,8.700000000000001,0.0,8.700000000000001,inspect_top30_uncertainty_x_graph_consequence,top_uncertainty_graph_consequence,30,0.05,dedicated,70,6.237177008489482,297.52786219697015
159.48648351604942,143.27963766714197,302.7661211831914,60,0.0,8.700000000000001,0.0,8.700000000000001,inspect_top60_uncertainty_x_graph_consequence,top_uncertainty_graph_consequence,60,0.05,dedicated,70,5.23825898622124,297.52786219697015
158.693629705164,143.6502292727123,302.34385897787627,60,0.0,8.700000000000001,0.0,8.700000000000001,inspect_random60,random,60,0.05,dedicated,70,4.815996780906119,297.52786219697015
160.1113317182872,144.61793377317207,304.7292654914593,30,0.0,8.700000000000001,0.0,8.700000000000001,inspect_top30_consequence,top_consequence,30,0.05,dedicated,71,3.298907439531831,301.43035805192744
161.0496970043426,144.3715284848783,305.4212254892209,60,0.0,8.700000000000001,0.0,8.700000000000001,inspect_top60_consequence,top_consequence,60,0.05,dedicated,71,3.9908674372934456,301.43035805192744
160.33534565980932,144.57592369806483,304.9112693578742,30,0.0,8.700000000000001,0.0,8.700000000000001,inspect_top30_consequence_no_graph,top_consequence_no_graph,30,0.05,dedicated,71,3.4809113059467336,301.43035805192744
161.0100683582004,144.11594018227174,305.1260085404722,60,0.0,8.700000000000001,0.0,8.700000000000001,inspect_top60_consequence_no_graph,top_consequence_no_graph,60,0.05,dedicated,71,3.695650488544743,301.43035805192744
160.24147046877712,145.1796621431939,305.421132611971,30,0.0,8.700000000000001,0.0,8.700000000000001,inspect_top30_uncertainty_x_consequence,top_uncertainty_consequence,30,0.05,dedicated,71,3.990774560043576,301.43035805192744
160.76710719534657,144.8259618317996,305.59306902714616,60,0.0,8.700000000000001,0.0,8.700000000000001,inspect_top60_uncertainty_x_consequence,top_uncertainty_consequence,60,0.05,dedicated,71,4.162710975218715,301.43035805192744
159.92297714701647,145.48174535912966,305.40472250614613,30,0.0,8.700000000000001,0.0,8.700000000000001,inspect_top30_uncertainty_x_graph_consequence,top_uncertainty_graph_consequence,30,0.05,dedicated,71,3.974364454218687,301.43035805192744
161.24205016587965,145.18459965186955,306.4266498177492,60,0.0,8.700000000000001,0.0,8.700000000000001,inspect_top60_uncertainty_x_graph_consequence,top_uncertainty_graph_consequence,60,0.05,dedicated,71,4.996291765821752,301.43035805192744
160.4596584418379,145.84315545282072,306.3028138946586,60,0.0,8.700000000000001,0.0,8.700000000000001,inspect_random60,random,60,0.05,dedicated,71,4.872455842731142,301.43035805192744
184.08339684966103,167.3281322509759,351.4115291006369,30,0.0,8.700000000000001,0.0,8.700000000000001,inspect_top30_consequence,top_consequence,30,0.05,dedicated,72,3.906796748930674,347.50473235170625
183.81234797439828,167.2176987614777,351.030046735876,60,0.0,8.700000000000001,0.0,8.700000000000001,inspect_top60_consequence,top_consequence,60,0.05,dedicated,72,3.5253143841697465,347.50473235170625
183.9972985370382,166.92098492551088,350.9182834625491,30,0.0,8.700000000000001,0.0,8.700000000000001,inspect_top30_consequence_no_graph,top_consequence_no_graph,30,0.05,dedicated,72,3.413551110842832,347.50473235170625
184.27050660714465,166.98005171964803,351.25055832679266,60,0.0,8.700000000000001,0.0,8.700000000000001,inspect_top60_consequence_no_graph,top_consequence_no_graph,60,0.05,dedicated,72,3.7458259750864045,347.50473235170625
184.0920598606962,167.9780415160686,352.0701013767648,30,0.0,8.700000000000001,0.0,8.700000000000001,inspect_top30_uncertainty_x_consequence,top_uncertainty_consequence,30,0.05,dedicated,72,4.565369025058544,347.50473235170625
183.18377165257996,166.90274651123477,350.08651816381473,60,0.0,8.700000000000001,0.0,8.700000000000001,inspect_top60_uncertainty_x_consequence,top_uncertainty_consequence,60,0.05,dedicated,72,2.5817858121084782,347.50473235170625
183.7431103457262,167.54686052421724,351.28997086994343,30,0.0,8.700000000000001,0.0,8.700000000000001,inspect_top30_uncertainty_x_graph_consequence,top_uncertainty_graph_consequence,30,0.05,dedicated,72,3.785238518237179,347.50473235170625
183.65758097202098,167.33992716377068,350.9975081357917,60,0.0,8.700000000000001,0.0,8.700000000000001,inspect_top60_uncertainty_x_graph_consequence,top_uncertainty_graph_consequence,60,0.05,dedicated,72,3.4927757840854383,347.50473235170625
183.8258487274566,167.5861174011126,351.4119661285692,60,0.0,8.700000000000001,0.0,8.700000000000001,inspect_random60,random,60,0.05,dedicated,72,3.907233776862938,347.50473235170625
163.85590278749868,147.28175981185206,311.13766259935073,30,0.0,8.700000000000001,0.0,8.700000000000001,inspect_top30_consequence,top_consequence,30,0.05,dedicated,73,6.801324154839108,304.3363384445116
162.60381287407031,145.98108645733817,308.58489933140845,60,0.0,8.700000000000001,0.0,8.700000000000001,inspect_top60_consequence,top_consequence,60,0.05,dedicated,73,4.248560886896826,304.3363384445116
162.43264418217584,146.52740518684385,308.96004936901966,30,0.0,8.700000000000001,0.0,8.700000000000001,inspect_top30_consequence_no_graph,top_consequence_no_graph,30,0.05,dedicated,73,4.623710924508032,304.3363384445116
163.3305129741109,145.96106724636792,309.2915802204788,60,0.0,8.700000000000001,0.0,8.700000000000001,inspect_top60_consequence_no_graph,top_consequence_no_graph,60,0.05,dedicated,73,4.955241775967181,304.3363384445116
163.29276580291753,148.12351164612315,311.41627744904065,30,0.0,8.700000000000001,0.0,8.700000000000001,inspect_top30_uncertainty_x_consequence,top_uncertainty_consequence,30,0.05,dedicated,73,7.079939004529024,304.3363384445116
163.56476908979158,147.48056135699704,311.0453304467886,60,0.0,8.700000000000001,0.0,8.700000000000001,inspect_top60_uncertainty_x_consequence,top_uncertainty_consequence,60,0.05,dedicated,73,6.708992002277,304.3363384445116
162.72393285498623,147.58004448923862,310.30397734422485,30,0.0,8.700000000000001,0.0,8.700000000000001,inspect_top30_uncertainty_x_graph_consequence,top_uncertainty_graph_consequence,30,0.05,dedicated,73,5.967638899713222,304.3363384445116
164.2901493478039,148.0529398313153,312.3430891791192,60,0.0,8.700000000000001,0.0,8.700000000000001,inspect_top60_uncertainty_x_graph_consequence,top_uncertainty_graph_consequence,60,0.05,dedicated,73,8.006750734607579,304.3363384445116
162.5370249524263,147.6869937717259,310.2240187241522,60,0.0,8.700000000000001,0.0,8.700000000000001,inspect_random60,random,60,0.05,dedicated,73,5.887680279640563,304.3363384445116
165.1714557626745,149.05346538815118,314.2249211508257,30,0.0,8.700000000000001,0.0,8.700000000000001,inspect_top30_consequence,top_consequence,30,0.05,dedicated,74,4.523329714538818,309.7015914362869
166.03704207645495,148.94950294711222,314.98654502356715,60,0.0,8.700000000000001,0.0,8.700000000000001,inspect_top60_consequence,top_consequence,60,0.05,dedicated,74,5.284953587280256,309.7015914362869
165.38269117273444,149.18432880390984,314.56701997664425,30,0.0,8.700000000000001,0.0,8.700000000000001,inspect_top30_consequence_no_graph,top_consequence_no_graph,30,0.05,dedicated,74,4.865428540357357,309.7015914362869
165.03784257353664,147.6386427738516,312.6764853473882,60,0.0,8.700000000000001,0.0,8.700000000000001,inspect_top60_consequence_no_graph,top_consequence_no_graph,60,0.05,dedicated,74,2.974893911101333,309.7015914362869
165.61662308898502,149.53588603868107,315.1525091276661,30,0.0,8.700000000000001,0.0,8.700000000000001,inspect_top30_uncertainty_x_consequence,top_uncertainty_consequence,30,0.05,dedicated,74,5.450917691379232,309.7015914362869
166.21013600346137,149.50794591234273,315.7180819158041,60,0.0,8.700000000000001,0.0,8.700000000000001,inspect_top60_uncertainty_x_consequence,top_uncertainty_consequence,60,0.05,dedicated,74,6.016490479517188,309.7015914362869
165.07504295841846,149.25837515452707,314.33341811294554,30,0.0,8.700000000000001,0.0,8.700000000000001,inspect_top30_uncertainty_x_graph_consequence,top_uncertainty_graph_consequence,30,0.05,dedicated,74,4.631826676658648,309.7015914362869
166.87521642141834,150.1617079133399,317.0369243347583,60,0.0,8.700000000000001,0.0,8.700000000000001,inspect_top60_uncertainty_x_graph_consequence,top_uncertainty_graph_consequence,60,0.05,dedicated,74,7.335332898471393,309.7015914362869
164.59686179238128,149.75037158124724,314.3472333736285,60,0.0,8.700000000000001,0.0,8.700000000000001,inspect_random60,random,60,0.05,dedicated,74,4.6456419373416225,309.7015914362869
175.70990987251457,158.86406639281563,334.5739762653302,30,0.0,8.700000000000001,0.0,8.700000000000001,inspect_top30_consequence,top_consequence,30,0.05,dedicated,75,4.330471887016245,330.24350437831396
175.84928858969002,158.9106924040659,334.7599809937559,60,0.0,8.700000000000001,0.0,8.700000000000001,inspect_top60_consequence,top_consequence,60,0.05,dedicated,75,4.516476615441945,330.24350437831396
175.81331797531436,159.5824949533707,335.3958129286851,30,0.0,8.700000000000001,0.0,8.700000000000001,inspect_top30_consequence_no_graph,top_consequence_no_graph,30,0.05,dedicated,75,5.152308550371117,330.24350437831396
176.87241325903426,159.57718762066781,336.4496008797021,60,0.0,8.700000000000001,0.0,8.700000000000001,inspect_top60_consequence_no_graph,top_consequence_no_graph,60,0.05,dedicated,75,6.206096501388117,330.24350437831396
176.30531865933258,160.2610935201212,336.5664121794538,30,0.0,8.700000000000001,0.0,8.700000000000001,inspect_top30_uncertainty_x_consequence,top_uncertainty_consequence,30,0.05,dedicated,75,6.32290780113982,330.24350437831396
176.19060960988338,159.76902266359127,335.95963227347465,60,0.0,8.700000000000001,0.0,8.700000000000001,inspect_top60_uncertainty_x_consequence,top_uncertainty_consequence,60,0.05,dedicated,75,5.716127895160696,330.24350437831396
175.63579737693377,159.7679290772338,335.40372645416755,30,0.0,8.700000000000001,0.0,8.700000000000001,inspect_top30_uncertainty_x_graph_consequence,top_uncertainty_graph_consequence,30,0.05,dedicated,75,5.160222075853596,330.24350437831396
175.58078988321688,159.21434533173945,334.7951352149563,60,0.0,8.700000000000001,0.0,8.700000000000001,inspect_top60_uncertainty_x_graph_consequence,top_uncertainty_graph_consequence,60,0.05,dedicated,75,4.551630836642346,330.24350437831396
175.1744388630103,159.8808956719772,335.05533453498754,60,0.0,8.700000000000001,0.0,8.700000000000001,inspect_random60,random,60,0.05,dedicated,75,4.8118301566735795,330.24350437831396
179.6238183064434,163.38013707745722,343.00395538390063,30,0.0,8.700000000000001,0.0,8.700000000000001,inspect_top30_consequence,top_consequence,30,0.05,dedicated,76,4.181615981975824,338.8223394019248
179.64171996017723,162.5826117268951,342.2243316870723,60,0.0,8.700000000000001,0.0,8.700000000000001,inspect_top60_consequence,top_consequence,60,0.05,dedicated,76,3.4019922851475144,338.8223394019248
180.51777056035527,163.52174978204567,344.0395203424009,30,0.0,8.700000000000001,0.0,8.700000000000001,inspect_top30_consequence_no_graph,top_consequence_no_graph,30,0.05,dedicated,76,5.217180940476112,338.8223394019248
180.89284277084192,163.66887905818777,344.5617218290297,60,0.0,8.700000000000001,0.0,8.700000000000001,inspect_top60_consequence_no_graph,top_consequence_no_graph,60,0.05,dedicated,76,5.739382427104886,338.8223394019248
179.89546467768702,164.5445267742391,344.4399914519261,30,0.0,8.700000000000001,0.0,8.700000000000001,inspect_top30_uncertainty_x_consequence,top_uncertainty_consequence,30,0.05,dedicated,76,5.617652050001311,338.8223394019248
180.15103746779656,163.86528527008306,344.0163227378796,60,0.0,8.700000000000001,0.0,8.700000000000001,inspect_top60_uncertainty_x_consequence,top_uncertainty_consequence,60,0.05,dedicated,76,5.193983335954783,338.8223394019248
179.25787945895885,164.0351989014761,343.29307836043495,30,0.0,8.700000000000001,0.0,8.700000000000001,inspect_top30_uncertainty_x_graph_consequence,top_uncertainty_graph_consequence,30,0.05,dedicated,76,4.47073895851014,338.8223394019248
180.163283549384,163.8593230477518,344.0226065971358,60,0.0,8.700000000000001,0.0,8.700000000000001,inspect_top60_uncertainty_x_graph_consequence,top_uncertainty_graph_consequence,60,0.05,dedicated,76,5.200267195210984,338.8223394019248
180.42295487065755,164.88833324892863,345.31128811958615,60,0.0,8.700000000000001,0.0,8.700000000000001,inspect_random60,random,60,0.05,dedicated,76,6.488948717661344,338.8223394019248
178.20757546561566,161.88958589851768,340.09716136413334,30,0.0,8.700000000000001,0.0,8.700000000000001,inspect_top30_consequence,top_consequence,30,0.05,dedicated,77,4.614571377447021,335.4825899866863
178.35359370548554,161.38671127002652,339.74030497551206,60,0.0,8.700000000000001,0.0,8.700000000000001,inspect_top60_consequence,top_consequence,60,0.05,dedicated,77,4.2577149888257395,335.4825899866863
178.09884158197292,161.89191241181732,339.99075399379024,30,0.0,8.700000000000001,0.0,8.700000000000001,inspect_top30_consequence_no_graph,top_consequence_no_graph,30,0.05,dedicated,77,4.508164007103915,335.4825899866863
178.568146285789,161.38263826078253,339.9507845465715,60,0.0,8.700000000000001,0.0,8.700000000000001,inspect_top60_consequence_no_graph,top_consequence_no_graph,60,0.05,dedicated,77,4.468194559885205,335.4825899866863
178.7750039755803,162.57812486132372,341.35312883690403,30,0.0,8.700000000000001,0.0,8.700000000000001,inspect_top30_uncertainty_x_consequence,top_uncertainty_consequence,30,0.05,dedicated,77,5.870538850217713,335.4825899866863
179.41483068952678,162.99834523531365,342.4131759248404,60,0.0,8.700000000000001,0.0,8.700000000000001,inspect_top60_uncertainty_x_consequence,top_uncertainty_consequence,60,0.05,dedicated,77,6.930585938154081,335.4825899866863
177.97784168352752,162.45322774457514,340.43106942810266,30,0.0,8.700000000000001,0.0,8.700000000000001,inspect_top30_uncertainty_x_graph_consequence,top_uncertainty_graph_consequence,30,0.05,dedicated,77,4.948479441416339,335.4825899866863
178.3113621577251,162.0933022572621,340.4046644149872,60,0.0,8.700000000000001,0.0,8.700000000000001,inspect_top60_uncertainty_x_graph_consequence,top_uncertainty_graph_consequence,60,0.05,dedicated,77,4.922074428300903,335.4825899866863
178.04639654339343,162.0589323424135,340.1053288858069,60,0.0,8.700000000000001,0.0,8.700000000000001,inspect_random60,random,60,0.05,dedicated,77,4.622738899120577,335.4825899866863
160.79040761199877,144.8141670516359,305.6045746636347,30,0.0,8.700000000000001,0.0,8.700000000000001,inspect_top30_consequence,top_consequence,30,0.05,dedicated,78,4.287068720548973,301.31750594308573
161.96015855455698,145.16176995059695,307.12192850515396,60,0.0,8.700000000000001,0.0,8.700000000000001,inspect_top60_consequence,top_consequence,60,0.05,dedicated,78,5.8044225620682255,301.31750594308573
160.03181152360364,144.63133861948035,304.66315014308395,30,0.0,8.700000000000001,0.0,8.700000000000001,inspect_top30_consequence_no_graph,top_consequence_no_graph,30,0.05,dedicated,78,3.345644199998219,301.31750594308573
161.70151090113902,144.69666125668462,306.39817215782364,60,0.0,8.700000000000001,0.0,8.700000000000001,inspect_top60_consequence_no_graph,top_consequence_no_graph,60,0.05,dedicated,78,5.080666214737903,301.31750594308573
160.84035987730522,144.73959473337118,305.5799546106764,30,0.0,8.700000000000001,0.0,8.700000000000001,inspect_top30_uncertainty_x_consequence,top_uncertainty_consequence,30,0.05,dedicated,78,4.262448667590661,301.31750594308573
160.40254883918448,144.27282087935404,304.6753697185385,60,0.0,8.700000000000001,0.0,8.700000000000001,inspect_top60_uncertainty_x_consequence,top_uncertainty_consequence,60,0.05,dedicated,78,3.3578637754527563,301.31750594308573
160.50813375312805,144.30841444362994,304.816548196758,30,0.0,8.700000000000001,0.0,8.700000000000001,inspect_top30_uncertainty_x_graph_consequence,top_uncertainty_graph_consequence,30,0.05,dedicated,78,3.4990422536722576,301.31750594308573
159.90962342428534,143.77945127950477,303.6890747037901,60,0.0,8.700000000000001,0.0,8.700000000000001,inspect_top60_uncertainty_x_graph_consequence,top_uncertainty_graph_consequence,60,0.05,dedicated,78,2.371568760704349,301.31750594308573
159.80949346566908,144.42151007969647,304.2310035453655,60,0.0,8.700000000000001,0.0,8.700000000000001,inspect_random60,random,60,0.05,dedicated,78,2.91349760227979,301.31750594308573
177.26004279230582,160.27516259228832,337.5352053845942,30,0.0,8.700000000000001,0.0,8.700000000000001,inspect_top30_consequence,top_consequence,30,0.05,dedicated,79,3.3253488678323606,334.2098565167618
178.0301527928388,160.91977113960598,338.9499239324448,60,0.0,8.700000000000001,0.0,8.700000000000001,inspect_top60_consequence,top_consequence,60,0.05,dedicated,79,4.740067415682972,334.2098565167618
177.11442568168627,160.0507699607868,337.16519564247307,30,0.0,8.700000000000001,0.0,8.700000000000001,inspect_top30_consequence_no_graph,top_consequence_no_graph,30,0.05,dedicated,79,2.955339125711248,334.2098565167618
177.33003140272444,160.13443907774862,337.4644704804731,60,0.0,8.700000000000001,0.0,8.700000000000001,inspect_top60_consequence_no_graph,top_consequence_no_graph,60,0.05,dedicated,79,3.2546139637112788,334.2098565167618
176.79183076097303,160.6105789328018,337.4024096937748,30,0.0,8.700000000000001,0.0,8.700000000000001,inspect_top30_uncertainty_x_consequence,top_uncertainty_consequence,30,0.05,dedicated,79,3.1925531770129965,334.2098565167618
177.89422480149565,161.18226424428266,339.0764890457783,60,0.0,8.700000000000001,0.0,8.700000000000001,inspect_top60_uncertainty_x_consequence,top_uncertainty_consequence,60,0.05,dedicated,79,4.866632529016499,334.2098565167618
176.7908400721796,160.63853813293616,337.42937820511577,30,0.0,8.700000000000001,0.0,8.700000000000001,inspect_top30_uncertainty_x_graph_consequence,top_uncertainty_graph_consequence,30,0.05,dedicated,79,3.21952168835395,334.2098565167618
177.86783640432296,161.1202667408367,338.9881031451597,60,0.0,8.700000000000001,0.0,8.700000000000001,inspect_top60_uncertainty_x_graph_consequence,top_uncertainty_graph_consequence,60,0.05,dedicated,79,4.778246628397881,334.2098565167618
176.65781507518136,160.86044273295437,337.51825780813573,60,0.0,8.700000000000001,0.0,8.700000000000001,inspect_random60,random,60,0.05,dedicated,79,3.3084012913739116,334.2098565167618
159.29426970865381,143.37326566642048,302.6675353750743,30,0.0,8.700000000000001,0.0,8.700000000000001,inspect_top30_consequence,top_consequence,30,0.05,dedicated,80,6.877388481496496,295.7901468935778
159.13193489843093,142.31259330047575,301.4445281989067,60,0.0,8.700000000000001,0.0,8.700000000000001,inspect_top60_consequence,top_consequence,60,0.05,dedicated,80,5.654381305328911,295.7901468935778
160.09069703353708,144.25544776645265,304.3461447999897,30,0.0,8.700000000000001,0.0,8.700000000000001,inspect_top30_consequence_no_graph,top_consequence_no_graph,30,0.05,dedicated,80,8.555997906411903,295.7901468935778
160.5696279830551,143.7152273176159,304.284855300671,60,0.0,8.700000000000001,0.0,8.700000000000001,inspect_top60_consequence_no_graph,top_consequence_no_graph,60,0.05,dedicated,80,8.494708407093185,295.7901468935778
159.54803539787616,145.06749579931653,304.6155311971927,30,0.0,8.700000000000001,0.0,8.700000000000001,inspect_top30_uncertainty_x_consequence,top_uncertainty_consequence,30,0.05,dedicated,80,8.825384303614896,295.7901468935778
159.3065223942836,143.38742299532916,302.69394538961274,60,0.0,8.700000000000001,0.0,8.700000000000001,inspect_top60_uncertainty_x_consequence,top_uncertainty_consequence,60,0.05,dedicated,80,6.903798496034938,295.7901468935778
158.91114111267188,145.0833341189442,303.9944752316161,30,0.0,8.700000000000001,0.0,8.700000000000001,inspect_top30_uncertainty_x_graph_consequence,top_uncertainty_graph_consequence,30,0.05,dedicated,80,8.204328338038295,295.7901468935778
158.89254943724393,142.8798333447359,301.77238278197984,60,0.0,8.700000000000001,0.0,8.700000000000001,inspect_top60_uncertainty_x_graph_consequence,top_uncertainty_graph_consequence,60,0.05,dedicated,80,5.982235888402045,295.7901468935778
158.35389086187996,144.37251591865254,302.7264067805325,60,0.0,8.700000000000001,0.0,8.700000000000001,inspect_random60,random,60,0.05,dedicated,80,6.936259886954701,295.7901468935778
166.7964867237118,151.27441111859218,318.070897842304,30,0.0,8.700000000000001,0.0,8.700000000000001,inspect_top30_consequence,top_consequence,30,0.05,dedicated,81,5.936452847157227,312.1344449951468
167.94329243503552,151.31142984420848,319.254722279244,60,0.0,8.700000000000001,0.0,8.700000000000001,inspect_top60_consequence,top_consequence,60,0.05,dedicated,81,7.120277284097199,312.1344449951468
166.37321467329514,150.47946227247775,316.8526769457729,30,0.0,8.700000000000001,0.0,8.700000000000001,inspect_top30_consequence_no_graph,top_consequence_no_graph,30,0.05,dedicated,81,4.718231950626091,312.1344449951468
167.44335275111598,150.35784861214682,317.8012013632628,60,0.0,8.700000000000001,0.0,8.700000000000001,inspect_top60_consequence_no_graph,top_consequence_no_graph,60,0.05,dedicated,81,5.666756368116012,312.1344449951468
166.45444369418644,151.39366334299882,317.8481070371853,30,0.0,8.700000000000001,0.0,8.700000000000001,inspect_top30_uncertainty_x_consequence,top_uncertainty_consequence,30,0.05,dedicated,81,5.713662042038493,312.1344449951468
167.81798930315887,151.9901077687569,319.80809707191577,60,0.0,8.700000000000001,0.0,8.700000000000001,inspect_top60_uncertainty_x_consequence,top_uncertainty_consequence,60,0.05,dedicated,81,7.673652076768974,312.1344449951468
165.7536696938348,151.17244150088393,316.9261111947187,30,0.0,8.700000000000001,0.0,8.700000000000001,inspect_top30_uncertainty_x_graph_consequence,top_uncertainty_graph_consequence,30,0.05,dedicated,81,4.791666199571921,312.1344449951468
167.5055201560319,151.74498615898278,319.2505063150147,60,0.0,8.700000000000001,0.0,8.700000000000001,inspect_top60_uncertainty_x_graph_consequence,top_uncertainty_graph_consequence,60,0.05,dedicated,81,7.116061319867924,312.1344449951468
165.79322434003188,151.21294673372816,317.00617107376,60,0.0,8.700000000000001,0.0,8.700000000000001,inspect_random60,random,60,0.05,dedicated,81,4.8717260786132215,312.1344449951468
172.2511371011596,156.1249121796734,328.376049280833,30,0.0,8.700000000000001,0.0,8.700000000000001,inspect_top30_consequence,top_consequence,30,0.05,dedicated,82,3.202307012338622,325.1737422684944
172.5906273426924,155.82362633129125,328.41425367398364,60,0.0,8.700000000000001,0.0,8.700000000000001,inspect_top60_consequence,top_consequence,60,0.05,dedicated,82,3.240511405489258,325.1737422684944
173.06618925033888,156.52398429264323,329.59017354298214,30,0.0,8.700000000000001,0.0,8.700000000000001,inspect_top30_consequence_no_graph,top_consequence_no_graph,30,0.05,dedicated,82,4.416431274487763,325.1737422684944
172.9882233892291,155.8502125885606,328.8384359777897,60,0.0,8.700000000000001,0.0,8.700000000000001,inspect_top60_consequence_no_graph,top_consequence_no_graph,60,0.05,dedicated,82,3.6646937092953067,325.1737422684944
172.61348295980426,157.18184494715666,329.7953279069609,30,0.0,8.700000000000001,0.0,8.700000000000001,inspect_top30_uncertainty_x_consequence,top_uncertainty_consequence,30,0.05,dedicated,82,4.621585638466513,325.1737422684944
173.182742438,156.94262860980143,330.1253710478014,60,0.0,8.700000000000001,0.0,8.700000000000001,inspect_top60_uncertainty_x_consequence,top_uncertainty_consequence,60,0.05,dedicated,82,4.951628779307043,325.1737422684944
172.3230727346048,157.0968786224221,329.4199513570269,30,0.0,8.700000000000001,0.0,8.700000000000001,inspect_top30_uncertainty_x_graph_consequence,top_uncertainty_graph_consequence,30,0.05,dedicated,82,4.24620908853251,325.1737422684944
173.15603184062817,157.02125927371117,330.17729111433937,60,0.0,8.700000000000001,0.0,8.700000000000001,inspect_top60_uncertainty_x_graph_consequence,top_uncertainty_graph_consequence,60,0.05,dedicated,82,5.003548845844989,325.1737422684944
172.64434410791796,156.92490401599233,329.56924812391026,60,0.0,8.700000000000001,0.0,8.700000000000001,inspect_random60,random,60,0.05,dedicated,82,4.395505855415877,325.1737422684944
174.85957696778527,159.14253348867794,334.00211045646324,30,0.0,8.700000000000001,0.0,8.700000000000001,inspect_top30_consequence,top_consequence,30,0.05,dedicated,83,5.041185754423793,328.96092470203945
174.64369937904905,157.98184879791722,332.6255481769663,60,0.0,8.700000000000001,0.0,8.700000000000001,inspect_top60_consequence,top_consequence,60,0.05,dedicated,83,3.6646234749268274,328.96092470203945
175.39161264374667,158.6061560669071,333.99776871065376,30,0.0,8.700000000000001,0.0,8.700000000000001,inspect_top30_consequence_no_graph,top_consequence_no_graph,30,0.05,dedicated,83,5.03684400861431,328.96092470203945
175.34976509186146,158.2103527353055,333.56011782716695,60,0.0,8.700000000000001,0.0,8.700000000000001,inspect_top60_consequence_no_graph,top_consequence_no_graph,60,0.05,dedicated,83,4.599193125127499,328.96092470203945
175.01054419446984,159.68187195619123,334.6924161506611,30,0.0,8.700000000000001,0.0,8.700000000000001,inspect_top30_uncertainty_x_consequence,top_uncertainty_consequence,30,0.05,dedicated,83,5.731491448621625,328.96092470203945
175.8963763619327,159.74899691543942,335.64537327737213,60,0.0,8.700000000000001,0.0,8.700000000000001,inspect_top60_uncertainty_x_consequence,top_uncertainty_consequence,60,0.05,dedicated,83,6.684448575332681,328.96092470203945
174.91880599561833,159.68187195619123,334.60067795180953,30,0.0,8.700000000000001,0.0,8.700000000000001,inspect_top30_uncertainty_x_graph_consequence,top_uncertainty_graph_consequence,30,0.05,dedicated,83,5.639753249770081,328.96092470203945
175.06034059684634,159.10396073567222,334.16430133251856,60,0.0,8.700000000000001,0.0,8.700000000000001,inspect_top60_uncertainty_x_graph_consequence,top_uncertainty_graph_consequence,60,0.05,dedicated,83,5.203376630479113,328.96092470203945
174.77250164186358,159.79796507348448,334.57046671534806,60,0.0,8.700000000000001,0.0,8.700000000000001,inspect_random60,random,60,0.05,dedicated,83,5.609542013308612,328.96092470203945
168.82590899727902,152.00145950245448,320.8273684997335,30,0.0,8.700000000000001,0.0,8.700000000000001,inspect_top30_consequence,top_consequence,30,0.05,dedicated,84,4.772562391877443,316.05480610785605
168.24275224658942,151.34748747235818,319.5902397189476,60,0.0,8.700000000000001,0.0,8.700000000000001,inspect_top60_consequence,top_consequence,60,0.05,dedicated,84,3.5354336110915483,316.05480610785605
168.32144748373472,151.3712081962878,319.69265568002254,30,0.0,8.700000000000001,0.0,8.700000000000001,inspect_top30_consequence_no_graph,top_consequence_no_graph,30,0.05,dedicated,84,3.6378495721664876,316.05480610785605
168.57794569947822,151.39108595132706,319.9690316508053,60,0.0,8.700000000000001,0.0,8.700000000000001,inspect_top60_consequence_no_graph,top_consequence_no_graph,60,0.05,dedicated,84,3.914225542949225,316.05480610785605
168.52685115704853,152.72826774985043,321.25511890689893,30,0.0,8.700000000000001,0.0,8.700000000000001,inspect_top30_uncertainty_x_consequence,top_uncertainty_consequence,30,0.05,dedicated,84,5.200312799042877,316.05480610785605
167.6012815720683,151.38484906181986,318.98613063388814,60,0.0,8.700000000000001,0.0,8.700000000000001,inspect_top60_uncertainty_x_consequence,top_uncertainty_consequence,60,0.05,dedicated,84,2.9313245260320855,316.05480610785605
168.38251338083006,152.23244217514224,320.6149555559723,30,0.0,8.700000000000001,0.0,8.700000000000001,inspect_top30_uncertainty_x_graph_consequence,top_uncertainty_graph_consequence,30,0.05,dedicated,84,4.560149448116249,316.05480610785605
167.20924771197667,151.139159849663,318.34840756163965,60,0.0,8.700000000000001,0.0,8.700000000000001,inspect_top60_uncertainty_x_graph_consequence,top_uncertainty_graph_consequence,60,0.05,dedicated,84,2.2936014537835945,316.05480610785605
168.74789853011828,153.01766559717316,321.76556412729144,60,0.0,8.700000000000001,0.0,8.700000000000001,inspect_random60,random,60,0.05,dedicated,84,5.710758019435389,316.05480610785605
175.50889154464528,159.08927511545193,334.5981666600972,30,0.0,8.700000000000001,0.0,8.700000000000001,inspect_top30_consequence,top_consequence,30,0.05,dedicated,85,3.468344830674596,331.1298218294226
176.1233149812964,159.14076246317953,335.2640774444759,60,0.0,8.700000000000001,0.0,8.700000000000001,inspect_top60_consequence,top_consequence,60,0.05,dedicated,85,4.134255615053291,331.1298218294226
175.61445674273278,159.06818045732558,334.68263720005837,30,0.0,8.700000000000001,0.0,8.700000000000001,inspect_top30_consequence_no_graph,top_consequence_no_graph,30,0.05,dedicated,85,3.5528153706357557,331.1298218294226
176.70946940343532,159.36848309569427,336.0779524991296,60,0.0,8.700000000000001,0.0,8.700000000000001,inspect_top60_consequence_no_graph,top_consequence_no_graph,60,0.05,dedicated,85,4.948130669706984,331.1298218294226
176.19494364023407,160.01927386544008,336.2142175056741,30,0.0,8.700000000000001,0.0,8.700000000000001,inspect_top30_uncertainty_x_consequence,top_uncertainty_consequence,30,0.05,dedicated,85,5.084395676251518,331.1298218294226
175.73814475166617,159.31371879562545,335.05186354729165,60,0.0,8.700000000000001,0.0,8.700000000000001,inspect_top60_uncertainty_x_consequence,top_uncertainty_consequence,60,0.05,dedicated,85,3.9220417178690354,331.1298218294226
175.75358343649225,159.32351093692282,335.0770943734151,30,0.0,8.700000000000001,0.0,8.700000000000001,inspect_top30_uncertainty_x_graph_consequence,top_uncertainty_graph_consequence,30,0.05,dedicated,85,3.947272543992483,331.1298218294226
174.95973304990113,158.54061125815093,333.50034430805204,60,0.0,8.700000000000001,0.0,8.700000000000001,inspect_top60_uncertainty_x_graph_consequence,top_uncertainty_graph_consequence,60,0.05,dedicated,85,2.3705224786294252,331.1298218294226
176.02330642790946,160.0940671988569,336.1173736267664,60,0.0,8.700000000000001,0.0,8.700000000000001,inspect_random60,random,60,0.05,dedicated,85,4.9875517973437695,331.1298218294226
160.98373033286998,144.17075840062637,305.15448873349635,30,0.0,8.700000000000001,0.0,8.700000000000001,inspect_top30_consequence,top_consequence,30,0.05,dedicated,86,4.255344478372422,300.89914425512393
161.94337928238667,144.7792139854598,306.7225932678465,60,0.0,8.700000000000001,0.0,8.700000000000001,inspect_top60_consequence,top_consequence,60,0.05,dedicated,86,5.823449012722563,300.89914425512393
160.92829863699606,143.9482762616355,304.8765748986316,30,0.0,8.700000000000001,0.0,8.700000000000001,inspect_top30_consequence_no_graph,top_consequence_no_graph,30,0.05,dedicated,86,3.9774306435076596,300.89914425512393
161.7458709366501,144.23366795773802,305.97953889438816,60,0.0,8.700000000000001,0.0,8.700000000000001,inspect_top60_consequence_no_graph,top_consequence_no_graph,60,0.05,dedicated,86,5.080394639264227,300.89914425512393
161.06393877954307,145.01393935878494,306.077878138328,30,0.0,8.700000000000001,0.0,8.700000000000001,inspect_top30_uncertainty_x_consequence,top_uncertainty_consequence,30,0.05,dedicated,86,5.178733883204075,300.89914425512393
160.92505032206142,144.58746036802287,305.5125106900843,60,0.0,8.700000000000001,0.0,8.700000000000001,inspect_top60_uncertainty_x_consequence,top_uncertainty_consequence,60,0.05,dedicated,86,4.613366434960369,300.89914425512393
160.94390999743527,145.0842802242634,306.02819022169865,30,0.0,8.700000000000001,0.0,8.700000000000001,inspect_top30_uncertainty_x_graph_consequence,top_uncertainty_graph_consequence,30,0.05,dedicated,86,5.129045966574722,300.89914425512393
160.715572444612,144.4970199975823,305.2125924421943,60,0.0,8.700000000000001,0.0,8.700000000000001,inspect_top60_uncertainty_x_graph_consequence,top_uncertainty_graph_consequence,60,0.05,dedicated,86,4.313448187070378,300.89914425512393
160.35185153965986,144.62781340951193,304.9796649491718,60,0.0,8.700000000000001,0.0,8.700000000000001,inspect_random60,random,60,0.05,dedicated,86,4.080520694047891,300.89914425512393
179.59132855248356,163.3972973714467,342.9886259239303,30,0.0,8.700000000000001,0.0,8.700000000000001,inspect_top30_consequence,top_consequence,30,0.05,dedicated,87,5.019915996429745,337.9687099275005
179.85785946349878,163.04636883060036,342.90422829409914,60,0.0,8.700000000000001,0.0,8.700000000000001,inspect_top60_consequence,top_consequence,60,0.05,dedicated,87,4.935518366598615,337.9687099275005
179.7799546019711,164.03141531933872,343.81136992130985,30,0.0,8.700000000000001,0.0,8.700000000000001,inspect_top30_consequence_no_graph,top_consequence_no_graph,30,0.05,dedicated,87,5.84265999380932,337.9687099275005
180.0573972521372,163.03768422762678,343.09508147976396,60,0.0,8.700000000000001,0.0,8.700000000000001,inspect_top60_consequence_no_graph,top_consequence_no_graph,60,0.05,dedicated,87,5.126371552263436,337.9687099275005
180.4413498624741,165.04507165538172,345.48642151785583,30,0.0,8.700000000000001,0.0,8.700000000000001,inspect_top30_uncertainty_x_consequence,top_uncertainty_consequence,30,0.05,dedicated,87,7.5177115903553045,337.9687099275005
180.39789854141264,164.51633579998042,344.91423434139307,60,0.0,8.700000000000001,0.0,8.700000000000001,inspect_top60_uncertainty_x_consequence,top_uncertainty_consequence,60,0.05,dedicated,87,6.945524413892542,337.9687099275005
179.68627547963018,164.44013677051063,344.1264122501408,30,0.0,8.700000000000001,0.0,8.700000000000001,inspect_top30_uncertainty_x_graph_consequence,top_uncertainty_graph_consequence,30,0.05,dedicated,87,6.157702322640262,337.9687099275005
179.9011571316031,163.86448605622505,343.7656431878281,60,0.0,8.700000000000001,0.0,8.700000000000001,inspect_top60_uncertainty_x_graph_consequence,top_uncertainty_graph_consequence,60,0.05,dedicated,87,5.796933260327592,337.9687099275005
179.49233631934058,164.4766675213961,343.9690038407367,60,0.0,8.700000000000001,0.0,8.700000000000001,inspect_random60,random,60,0.05,dedicated,87,6.000293913236192,337.9687099275005
167.72737176661443,152.02623365222934,319.7536054188438,30,0.0,8.700000000000001,0.0,8.700000000000001,inspect_top30_consequence,top_consequence,30,0.05,dedicated,88,6.430582961202845,313.32302245764095
168.0508719639024,151.27095112747898,319.32182309138136,60,0.0,8.700000000000001,0.0,8.700000000000001,inspect_top60_consequence,top_consequence,60,0.05,dedicated,88,5.998800633740416,313.32302245764095
167.45598528614596,151.2071929082814,318.66317819442736,30,0.0,8.700000000000001,0.0,8.700000000000001,inspect_top30_consequence_no_graph,top_consequence_no_graph,30,0.05,dedicated,88,5.340155736786414,313.32302245764095
167.24338488577848,150.15360765072865,317.3969925365071,60,0.0,8.700000000000001,0.0,8.700000000000001,inspect_top60_consequence_no_graph,top_consequence_no_graph,60,0.05,dedicated,88,4.073970078866182,313.32302245764095
166.7008554870647,151.58103438033223,318.2818898673969,30,0.0,8.700000000000001,0.0,8.700000000000001,inspect_top30_uncertainty_x_consequence,top_uncertainty_consequence,30,0.05,dedicated,88,4.958867409755953,313.32302245764095
168.04372473767614,151.912266664006,319.9559914016821,60,0.0,8.700000000000001,0.0,8.700000000000001,inspect_top60_uncertainty_x_consequence,top_uncertainty_consequence,60,0.05,dedicated,88,6.632968944041181,313.32302245764095
166.630227733835,151.51785433547744,318.1480820693124,30,0.0,8.700000000000001,0.0,8.700000000000001,inspect_top30_uncertainty_x_graph_consequence,top_uncertainty_graph_consequence,30,0.05,dedicated,88,4.825059611671463,313.32302245764095
168.02978114048022,151.82959040275458,319.85937154323483,60,0.0,8.700000000000001,0.0,8.700000000000001,inspect_top60_uncertainty_x_graph_consequence,top_uncertainty_graph_consequence,60,0.05,dedicated,88,6.5363490855938835,313.32302245764095
166.8641124976549,152.62297602001337,319.48708851766827,60,0.0,8.700000000000001,0.0,8.700000000000001,inspect_random60,random,60,0.05,dedicated,88,6.164066060027324,313.32302245764095
166.1174031647497,149.87262480571437,315.9900279704641,30,0.0,8.700000000000001,0.0,8.700000000000001,inspect_top30_consequence,top_consequence,30,0.05,dedicated,89,5.74585167029295,310.24417630017115
166.0571008514939,149.20792969808633,315.2650305495803,60,0.0,8.700000000000001,0.0,8.700000000000001,inspect_top60_consequence,top_consequence,60,0.05,dedicated,89,5.020854249409126,310.24417630017115
165.24786310590753,149.3849702891194,314.6328333950269,30,0.0,8.700000000000001,0.0,8.700000000000001,inspect_top30_consequence_no_graph,top_consequence_no_graph,30,0.05,dedicated,89,4.388657094855773,310.24417630017115
166.0781612920066,149.1203384305826,315.1984997225892,60,0.0,8.700000000000001,0.0,8.700000000000001,inspect_top60_consequence_no_graph,top_consequence_no_graph,60,0.05,dedicated,89,4.954323422418042,310.24417630017115
165.81008438287574,150.23192323974786,316.0420076226236,30,0.0,8.700000000000001,0.0,8.700000000000001,inspect_top30_uncertainty_x_consequence,top_uncertainty_consequence,30,0.05,dedicated,89,5.797831322452453,310.24417630017115
165.36104852136225,149.4344912525571,314.79553977391936,60,0.0,8.700000000000001,0.0,8.700000000000001,inspect_top60_uncertainty_x_consequence,top_uncertainty_consequence,60,0.05,dedicated,89,4.551363473748211,310.24417630017115
165.75829057520178,150.23192323974786,315.99021381494964,30,0.0,8.700000000000001,0.0,8.700000000000001,inspect_top30_uncertainty_x_graph_consequence,top_uncertainty_graph_consequence,30,0.05,dedicated,89,5.746037514778493,310.24417630017115
164.998780849736,148.8706195643149,313.8694004140509,60,0.0,8.700000000000001,0.0,8.700000000000001,inspect_top60_uncertainty_x_graph_consequence,top_uncertainty_graph_consequence,60,0.05,dedicated,89,3.625224113879767,310.24417630017115
166.37553841184467,151.00388302639314,317.37942143823784,60,0.0,8.700000000000001,0.0,8.700000000000001,inspect_random60,random,60,0.05,dedicated,89,7.1352451380666935,310.24417630017115
174.63038156273598,157.7429682782496,332.3733498409856,30,0.0,8.700000000000001,0.0,8.700000000000001,inspect_top30_consequence,top_consequence,30,0.05,dedicated,90,5.501685762422596,326.871664078563
174.60635141158377,157.47610020973946,332.08245162132323,60,0.0,8.700000000000001,0.0,8.700000000000001,inspect_top60_consequence,top_consequence,60,0.05,dedicated,90,5.210787542760215,326.871664078563
174.08993170420206,157.4593968188661,331.5493285230682,30,0.0,8.700000000000001,0.0,8.700000000000001,inspect_top30_consequence_no_graph,top_consequence_no_graph,30,0.05,dedicated,90,4.677664444505183,326.871664078563
174.56415295143685,157.2477449139289,331.8118978653657,60,0.0,8.700000000000001,0.0,8.700000000000001,inspect_top60_consequence_no_graph,top_consequence_no_graph,60,0.05,dedicated,90,4.9402337868027075,326.871664078563
173.54983342812176,157.55493182035428,331.10476524847604,30,0.0,8.700000000000001,0.0,8.700000000000001,inspect_top30_uncertainty_x_consequence,top_uncertainty_consequence,30,0.05,dedicated,90,4.233101169913027,326.871664078563
173.7857264432156,157.0136861488378,330.7994125920534,60,0.0,8.700000000000001,0.0,8.700000000000001,inspect_top60_uncertainty_x_consequence,top_uncertainty_consequence,60,0.05,dedicated,90,3.9277485134903714,326.871664078563
174.51264734040137,158.07092867302174,332.5835760134231,30,0.0,8.700000000000001,0.0,8.700000000000001,inspect_top30_uncertainty_x_graph_consequence,top_uncertainty_graph_consequence,30,0.05,dedicated,90,5.7119119348600975,326.871664078563
173.4921569505117,156.70481781874264,330.1969747692543,60,0.0,8.700000000000001,0.0,8.700000000000001,inspect_top60_uncertainty_x_graph_consequence,top_uncertainty_graph_consequence,60,0.05,dedicated,90,3.3253106906913104,326.871664078563
173.4084753851417,157.32890002073674,330.7373754058784,60,0.0,8.700000000000001,0.0,8.700000000000001,inspect_random60,random,60,0.05,dedicated,90,3.8657113273154096,326.871664078563
171.19023841617485,154.8416636896174,326.03190210579226,30,0.0,8.700000000000001,0.0,8.700000000000001,inspect_top30_consequence,top_consequence,30,0.05,dedicated,91,3.5857836150203752,322.4461184907719
171.75851908513312,154.9636349570726,326.7221540422057,60,0.0,8.700000000000001,0.0,8.700000000000001,inspect_top60_consequence,top_consequence,60,0.05,dedicated,91,4.276035551433836,322.4461184907719
171.63192287724948,155.2694789704708,326.9014018477203,30,0.0,8.700000000000001,0.0,8.700000000000001,inspect_top30_consequence_no_graph,top_consequence_no_graph,30,0.05,dedicated,91,4.455283356948428,322.4461184907719
171.71833451273267,154.55485932787022,326.27319384060286,60,0.0,8.700000000000001,0.0,8.700000000000001,inspect_top60_consequence_no_graph,top_consequence_no_graph,60,0.05,dedicated,91,3.8270753498309773,322.4461184907719
171.35829061818552,156.73530186281602,328.09359248100156,30,0.0,8.700000000000001,0.0,8.700000000000001,inspect_top30_uncertainty_x_consequence,top_uncertainty_consequence,30,0.05,dedicated,91,5.647473990229685,322.4461184907719
172.93751918079755,156.8157523770802,329.7532715578777,60,0.0,8.700000000000001,0.0,8.700000000000001,inspect_top60_uncertainty_x_consequence,top_uncertainty_consequence,60,0.05,dedicated,91,7.307153067105844,322.4461184907719
170.90351981412974,156.18817643276782,327.0916962468975,30,0.0,8.700000000000001,0.0,8.700000000000001,inspect_top30_uncertainty_x_graph_consequence,top_uncertainty_graph_consequence,30,0.05,dedicated,91,4.645577756125647,322.4461184907719
172.3076057280867,156.2484656321651,328.55607136025185,60,0.0,8.700000000000001,0.0,8.700000000000001,inspect_top60_uncertainty_x_graph_consequence,top_uncertainty_graph_consequence,60,0.05,dedicated,91,6.109952869479969,322.4461184907719
171.09167634458652,155.56268541773505,326.65436176232157,60,0.0,8.700000000000001,0.0,8.700000000000001,inspect_random60,random,60,0.05,dedicated,91,4.208243271549691,322.4461184907719
162.32859178765688,146.44575842075437,308.77435020841125,30,0.0,8.700000000000001,0.0,8.700000000000001,inspect_top30_consequence,top_consequence,30,0.2,dedicated,42,4.9030569234889185,303.87129328492233
162.77274769600925,145.80598394732743,308.5787316433367,60,0.0,8.700000000000001,0.0,8.700000000000001,inspect_top60_consequence,top_consequence,60,0.2,dedicated,42,4.707438358414379,303.87129328492233
162.78901175130187,147.15980988564812,309.94882163695,30,0.0,8.700000000000001,0.0,8.700000000000001,inspect_top30_consequence_no_graph,top_consequence_no_graph,30,0.2,dedicated,42,6.077528352027684,303.87129328492233
162.51702301792477,145.66940944689622,308.186432464821,60,0.0,8.700000000000001,0.0,8.700000000000001,inspect_top60_consequence_no_graph,top_consequence_no_graph,60,0.2,dedicated,42,4.315139179898665,303.87129328492233
163.1427003971135,147.69959177152728,310.84229216864077,30,0.0,8.700000000000001,0.0,8.700000000000001,inspect_top30_uncertainty_x_consequence,top_uncertainty_consequence,30,0.2,dedicated,42,6.970998883718437,303.87129328492233
162.81704440126322,147.11209063634448,309.9291350376077,60,0.0,8.700000000000001,0.0,8.700000000000001,inspect_top60_uncertainty_x_consequence,top_uncertainty_consequence,60,0.2,dedicated,42,6.057841752685363,303.87129328492233
162.57443242466343,147.4248899131002,309.9993223377636,30,0.0,8.700000000000001,0.0,8.700000000000001,inspect_top30_uncertainty_x_graph_consequence,top_uncertainty_graph_consequence,30,0.2,dedicated,42,6.128029052841271,303.87129328492233
162.43746279212277,146.8557901961786,309.29325298830133,60,0.0,8.700000000000001,0.0,8.700000000000001,inspect_top60_uncertainty_x_graph_consequence,top_uncertainty_graph_consequence,60,0.2,dedicated,42,5.421959703379002,303.87129328492233
162.8759232615302,147.51449821169757,310.3904214732278,60,0.0,8.700000000000001,0.0,8.700000000000001,inspect_random60,random,60,0.2,dedicated,42,6.519128188305444,303.87129328492233
177.05126879632576,161.08176330044736,338.13303209677315,30,0.0,8.700000000000001,0.0,8.700000000000001,inspect_top30_consequence,top_consequence,30,0.2,dedicated,43,3.6479178711526856,334.48511422562046
177.86684928290538,161.15493345843362,339.021782741339,60,0.0,8.700000000000001,0.0,8.700000000000001,inspect_top60_consequence,top_consequence,60,0.2,dedicated,43,4.536668515718532,334.48511422562046
177.1314091015901,160.6737556033646,337.8051647049547,30,0.0,8.700000000000001,0.0,8.700000000000001,inspect_top30_consequence_no_graph,top_consequence_no_graph,30,0.2,dedicated,43,3.3200504793342134,334.48511422562046
177.341823156567,160.37585933084713,337.7176824874141,60,0.0,8.700000000000001,0.0,8.700000000000001,inspect_top60_consequence_no_graph,top_consequence_no_graph,60,0.2,dedicated,43,3.232568261793631,334.48511422562046
177.26856912380822,161.89768225850347,339.16625138231166,30,0.0,8.700000000000001,0.0,8.700000000000001,inspect_top30_uncertainty_x_consequence,top_uncertainty_consequence,30,0.2,dedicated,43,4.681137156691193,334.48511422562046
178.78375084286998,162.6146860442377,341.39843688710766,60,0.0,8.700000000000001,0.0,8.700000000000001,inspect_top60_uncertainty_x_consequence,top_uncertainty_consequence,60,0.2,dedicated,43,6.9133226614872,334.48511422562046
177.32868111106865,162.10151763339067,339.4301987444593,30,0.0,8.700000000000001,0.0,8.700000000000001,inspect_top30_uncertainty_x_graph_consequence,top_uncertainty_graph_consequence,30,0.2,dedicated,43,4.945084518838826,334.48511422562046
178.41523672349186,162.43948565414013,340.854722377632,60,0.0,8.700000000000001,0.0,8.700000000000001,inspect_top60_uncertainty_x_graph_consequence,top_uncertainty_graph_consequence,60,0.2,dedicated,43,6.369608152011551,334.48511422562046
176.53058005157294,160.75032106564123,337.28090111721417,60,0.0,8.700000000000001,0.0,8.700000000000001,inspect_random60,random,60,0.2,dedicated,43,2.795786891593707,334.48511422562046
173.5162301786955,157.42356559933083,330.93979577802634,30,0.0,8.700000000000001,0.0,8.700000000000001,inspect_top30_consequence,top_consequence,30,0.2,dedicated,44,6.101658524167647,324.8381372538587
173.79855985558683,156.79448987101136,330.5930497265982,60,0.0,8.700000000000001,0.0,8.700000000000001,inspect_top60_consequence,top_consequence,60,0.2,dedicated,44,5.754912472739534,324.8381372538587
174.18721987566877,157.96019410630996,332.14741398197873,30,0.0,8.700000000000001,0.0,8.700000000000001,inspect_top30_consequence_no_graph,top_consequence_no_graph,30,0.2,dedicated,44,7.3092767281200395,324.8381372538587
173.64864673785513,156.53433143898133,330.18297817683646,60,0.0,8.700000000000001,0.0,8.700000000000001,inspect_top60_consequence_no_graph,top_consequence_no_graph,60,0.2,dedicated,44,5.344840922977767,324.8381372538587
173.10035909873767,157.58845865556947,330.68881775430714,30,0.0,8.700000000000001,0.0,8.700000000000001,inspect_top30_uncertainty_x_consequence,top_uncertainty_consequence,30,0.2,dedicated,44,5.850680500448448,324.8381372538587
173.3822441632655,157.20560067108494,330.58784483435045,60,0.0,8.700000000000001,0.0,8.700000000000001,inspect_top60_uncertainty_x_consequence,top_uncertainty_consequence,60,0.2,dedicated,44,5.749707580491759,324.8381372538587
172.81219857356785,157.32074005026476,330.1329386238326,30,0.0,8.700000000000001,0.0,8.700000000000001,inspect_top30_uncertainty_x_graph_consequence,top_uncertainty_graph_consequence,30,0.2,dedicated,44,5.294801369973925,324.8381372538587
172.82360998334525,156.62301783613316,329.4466278194784,60,0.0,8.700000000000001,0.0,8.700000000000001,inspect_top60_uncertainty_x_graph_consequence,top_uncertainty_graph_consequence,60,0.2,dedicated,44,4.608490565619718,324.8381372538587
173.72734815552002,158.72186222572435,332.44921038124437,60,0.0,8.700000000000001,0.0,8.700000000000001,inspect_random60,random,60,0.2,dedicated,44,7.61107312738568,324.8381372538587
172.73490655234315,156.8382421176085,329.57314866995165,30,0.0,8.700000000000001,0.0,8.700000000000001,inspect_top30_consequence,top_consequence,30,0.2,dedicated,45,6.506788326249875,323.0663603437018
173.39040322362354,156.36542952250738,329.7558327461309,60,0.0,8.700000000000001,0.0,8.700000000000001,inspect_top60_consequence,top_consequence,60,0.2,dedicated,45,6.689472402429146,323.0663603437018
172.44586637863569,156.86262412497194,329.30849050360763,30,0.0,8.700000000000001,0.0,8.700000000000001,inspect_top30_consequence_no_graph,top_consequence_no_graph,30,0.2,dedicated,45,6.242130159905855,323.0663603437018
173.00413870641682,155.7920417583455,328.7961804647623,60,0.0,8.700000000000001,0.0,8.700000000000001,inspect_top60_consequence_no_graph,top_consequence_no_graph,60,0.2,dedicated,45,5.729820121060527,323.0663603437018
172.81938726553642,157.2920118224613,330.1113990879977,30,0.0,8.700000000000001,0.0,8.700000000000001,inspect_top30_uncertainty_x_consequence,top_uncertainty_consequence,30,0.2,dedicated,45,7.045038744295937,323.0663603437018
172.85211660141053,156.9092767268637,329.76139332827427,60,0.0,8.700000000000001,0.0,8.700000000000001,inspect_top60_uncertainty_x_consequence,top_uncertainty_consequence,60,0.2,dedicated,45,6.695032984572492,323.0663603437018
172.73603632152674,157.1121174747098,329.84815379623655,30,0.0,8.700000000000001,0.0,8.700000000000001,inspect_top30_uncertainty_x_graph_consequence,top_uncertainty_graph_consequence,30,0.2,dedicated,45,6.781793452534771,323.0663603437018
172.5091019152553,156.78252609008894,329.29162800534425,60,0.0,8.700000000000001,0.0,8.700000000000001,inspect_top60_uncertainty_x_graph_consequence,top_uncertainty_graph_consequence,60,0.2,dedicated,45,6.2252676616424765,323.0663603437018
172.71994413336176,157.94452231992233,330.6644664532841,60,0.0,8.700000000000001,0.0,8.700000000000001,inspect_random60,random,60,0.2,dedicated,45,7.598106109582318,323.0663603437018
175.91276987679566,159.42328719113706,335.33605706793276,30,0.0,8.700000000000001,0.0,8.700000000000001,inspect_top30_consequence,top_consequence,30,0.2,dedicated,46,3.406396983053071,331.9296600848797
176.04326170118264,159.33166338937662,335.37492509055926,60,0.0,8.700000000000001,0.0,8.700000000000001,inspect_top60_consequence,top_consequence,60,0.2,dedicated,46,3.4452650056795733,331.9296600848797
176.12499468805538,159.7512939925378,335.8762886805932,30,0.0,8.700000000000001,0.0,8.700000000000001,inspect_top30_consequence_no_graph,top_consequence_no_graph,30,0.2,dedicated,46,3.9466285957134914,331.9296600848797
176.82439461083914,159.86343250013925,336.6878271109784,60,0.0,8.700000000000001,0.0,8.700000000000001,inspect_top60_consequence_no_graph,top_consequence_no_graph,60,0.2,dedicated,46,4.758167026098704,331.9296600848797
175.21356857705592,159.75234460863982,334.96591318569574,30,0.0,8.700000000000001,0.0,8.700000000000001,inspect_top30_uncertainty_x_consequence,top_uncertainty_consequence,30,0.2,dedicated,46,3.0362531008160545,331.9296600848797
177.37686046032331,160.91268098433216,338.28954144465547,60,0.0,8.700000000000001,0.0,8.700000000000001,inspect_top60_uncertainty_x_consequence,top_uncertainty_consequence,60,0.2,dedicated,46,6.359881359775784,331.9296600848797
175.61610722183295,159.51562787290095,335.1317350947339,30,0.0,8.700000000000001,0.0,8.700000000000001,inspect_top30_uncertainty_x_graph_consequence,top_uncertainty_graph_consequence,30,0.2,dedicated,46,3.2020750098542408,331.9296600848797
177.33215215224527,161.02957290991287,338.36172506215814,60,0.0,8.700000000000001,0.0,8.700000000000001,inspect_top60_uncertainty_x_graph_consequence,top_uncertainty_graph_consequence,60,0.2,dedicated,46,6.432064977278458,331.9296600848797
175.47907033370925,160.2237674916165,335.7028378253258,60,0.0,8.700000000000001,0.0,8.700000000000001,inspect_random60,random,60,0.2,dedicated,46,3.7731777404461013,331.9296600848797
165.5922465146503,150.22004151507772,315.81228802972805,30,0.0,8.700000000000001,0.0,8.700000000000001,inspect_top30_consequence,top_consequence,30,0.2,dedicated,47,5.379224174646481,310.43306385508157
167.04769842087006,150.37181140196844,317.4195098228385,60,0.0,8.700000000000001,0.0,8.700000000000001,inspect_top60_consequence,top_consequence,60,0.2,dedicated,47,6.986445967756936,310.43306385508157
165.4683199572442,149.87038239546973,315.33870235271394,30,0.0,8.700000000000001,0.0,8.700000000000001,inspect_top30_consequence_no_graph,top_consequence_no_graph,30,0.2,dedicated,47,4.905638497632367,310.43306385508157
166.6195547094353,149.96876646490108,316.5883211743364,60,0.0,8.700000000000001,0.0,8.700000000000001,inspect_top60_consequence_no_graph,top_consequence_no_graph,60,0.2,dedicated,47,6.155257319254815,310.43306385508157
165.67737449361917,149.85181579314718,315.5291902867664,30,0.0,8.700000000000001,0.0,8.700000000000001,inspect_top30_uncertainty_x_consequence,top_uncertainty_consequence,30,0.2,dedicated,47,5.096126431684809,310.43306385508157
166.1655211374578,150.22469090378314,316.39021204124094,60,0.0,8.700000000000001,0.0,8.700000000000001,inspect_top60_uncertainty_x_consequence,top_uncertainty_consequence,60,0.2,dedicated,47,5.9571481861593725,310.43306385508157
165.48449269208635,149.58906707384693,315.0735597659333,30,0.0,8.700000000000001,0.0,8.700000000000001,inspect_top30_uncertainty_x_graph_consequence,top_uncertainty_graph_consequence,30,0.2,dedicated,47,4.640495910851712,310.43306385508157
166.97769341621938,150.92031045271008,317.89800386892944,60,0.0,8.700000000000001,0.0,8.700000000000001,inspect_top60_uncertainty_x_graph_consequence,top_uncertainty_graph_consequence,60,0.2,dedicated,47,7.464940013847865,310.43306385508157
165.1685721876265,150.2472887592232,315.4158609468497,60,0.0,8.700000000000001,0.0,8.700000000000001,inspect_random60,random,60,0.2,dedicated,47,4.982797091768134,310.43306385508157
175.11415324302962,158.9934324883626,334.1075857313922,30,0.0,8.700000000000001,0.0,8.700000000000001,inspect_top30_consequence,top_consequence,30,0.2,dedicated,48,4.508498040406721,329.59908769098547
175.22833486603884,158.5778452587627,333.80618012480153,60,0.0,8.700000000000001,0.0,8.700000000000001,inspect_top60_consequence,top_consequence,60,0.2,dedicated,48,4.207092433816058,329.59908769098547
174.93623846900738,159.0335159250664,333.9697543940738,30,0.0,8.700000000000001,0.0,8.700000000000001,inspect_top30_consequence_no_graph,top_consequence_no_graph,30,0.2,dedicated,48,4.370666703088318,329.59908769098547
175.27845099709612,158.67806295731174,333.95651395440785,60,0.0,8.700000000000001,0.0,8.700000000000001,inspect_top60_consequence_no_graph,top_consequence_no_graph,60,0.2,dedicated,48,4.357426263422383,329.59908769098547
174.64005798752186,158.99951684874293,333.6395748362648,30,0.0,8.700000000000001,0.0,8.700000000000001,inspect_top30_uncertainty_x_consequence,top_uncertainty_consequence,30,0.2,dedicated,48,4.0404871452793145,329.59908769098547
175.09630057943158,158.9921203807055,334.0884209601371,60,0.0,8.700000000000001,0.0,8.700000000000001,inspect_top60_uncertainty_x_consequence,top_uncertainty_consequence,60,0.2,dedicated,48,4.489333269151643,329.59908769098547
174.1736544546473,158.8251941577306,332.9988486123779,30,0.0,8.700000000000001,0.0,8.700000000000001,inspect_top30_uncertainty_x_graph_consequence,top_uncertainty_graph_consequence,30,0.2,dedicated,48,3.399760921392442,329.59908769098547
175.02784810314466,159.49215825687108,334.5200063600157,60,0.0,8.700000000000001,0.0,8.700000000000001,inspect_top60_uncertainty_x_graph_consequence,top_uncertainty_graph_consequence,60,0.2,dedicated,48,4.920918669030243,329.59908769098547
174.3868227603375,159.71770635549026,334.10452911582775,60,0.0,8.700000000000001,0.0,8.700000000000001,inspect_random60,random,60,0.2,dedicated,48,4.5054414248422745,329.59908769098547
171.58655795917906,155.23254956290987,326.8191075220889,30,0.0,8.700000000000001,0.0,8.700000000000001,inspect_top30_consequence,top_consequence,30,0.2,dedicated,49,5.361548446164363,321.45755907592456
171.65576652375975,154.8719405995111,326.52770712327083,60,0.0,8.700000000000001,0.0,8.700000000000001,inspect_top60_consequence,top_consequence,60,0.2,dedicated,49,5.070148047346265,321.45755907592456
171.78651672450476,155.12249127389978,326.90900799840455,30,0.0,8.700000000000001,0.0,8.700000000000001,inspect_top30_consequence_no_graph,top_consequence_no_graph,30,0.2,dedicated,49,5.451448922479983,321.45755907592456
171.88013937606075,154.82081125110886,326.7009506271696,60,0.0,8.700000000000001,0.0,8.700000000000001,inspect_top60_consequence_no_graph,top_consequence_no_graph,60,0.2,dedicated,49,5.243391551245054,321.45755907592456
171.38249490563027,156.62048507063687,328.00297997626717,30,0.0,8.700000000000001,0.0,8.700000000000001,inspect_top30_uncertainty_x_consequence,top_uncertainty_consequence,30,0.2,dedicated,49,6.545420900342606,321.45755907592456
172.20435405090808,156.46353231022715,328.66788636113523,60,0.0,8.700000000000001,0.0,8.700000000000001,inspect_top60_uncertainty_x_consequence,top_uncertainty_consequence,60,0.2,dedicated,49,7.210327285210667,321.45755907592456
171.18297870600958,156.54099436570797,327.7239730717175,30,0.0,8.700000000000001,0.0,8.700000000000001,inspect_top30_uncertainty_x_graph_consequence,top_uncertainty_graph_consequence,30,0.2,dedicated,49,6.266413995792959,321.45755907592456
171.89789516128644,156.44406990325533,328.3419650645418,60,0.0,8.700000000000001,0.0,8.700000000000001,inspect_top60_uncertainty_x_graph_consequence,top_uncertainty_graph_consequence,60,0.2,dedicated,49,6.884405988617232,321.45755907592456
171.69511188660562,156.53737807688998,328.2324899634956,60,0.0,8.700000000000001,0.0,8.700000000000001,inspect_random60,random,60,0.2,dedicated,49,6.774930887571031,321.45755907592456
170.22868728365978,154.13524633201314,324.3639336156729,30,0.0,8.700000000000001,0.0,8.700000000000001,inspect_top30_consequence,top_consequence,30,0.2,dedicated,50,4.738435498650972,319.62549811702195
170.54562586232942,153.96763279213593,324.51325865446535,60,0.0,8.700000000000001,0.0,8.700000000000001,inspect_top60_consequence,top_consequence,60,0.2,dedicated,50,4.887760537443398,319.62549811702195
171.7403443474517,155.5739494613541,327.3142938088058,30,0.0,8.700000000000001,0.0,8.700000000000001,inspect_top30_consequence_no_graph,top_consequence_no_graph,30,0.2,dedicated,50,7.6887956917838665,319.62549811702195
171.10023891375238,153.96290869211688,325.0631476058693,60,0.0,8.700000000000001,0.0,8.700000000000001,inspect_top60_consequence_no_graph,top_consequence_no_graph,60,0.2,dedicated,50,5.437649488847342,319.62549811702195
170.60532197913574,155.59323306121073,326.1985550403465,30,0.0,8.700000000000001,0.0,8.700000000000001,inspect_top30_uncertainty_x_consequence,top_uncertainty_consequence,30,0.2,dedicated,50,6.573056923324543,319.62549811702195
171.06404787973693,155.42338856402583,326.48743644376276,60,0.0,8.700000000000001,0.0,8.700000000000001,inspect_top60_uncertainty_x_consequence,top_uncertainty_consequence,60,0.2,dedicated,50,6.8619383267408125,319.62549811702195
170.46465447480256,155.40837935185147,325.873033826654,30,0.0,8.700000000000001,0.0,8.700000000000001,inspect_top30_uncertainty_x_graph_consequence,top_uncertainty_graph_consequence,30,0.2,dedicated,50,6.247535709632075,319.62549811702195
170.39157756569006,154.9441501441475,325.33572770983756,60,0.0,8.700000000000001,0.0,8.700000000000001,inspect_top60_uncertainty_x_graph_consequence,top_uncertainty_graph_consequence,60,0.2,dedicated,50,5.710229592815608,319.62549811702195
170.2564515872802,155.2871812547371,325.5436328420173,60,0.0,8.700000000000001,0.0,8.700000000000001,inspect_random60,random,60,0.2,dedicated,50,5.918134724995355,319.62549811702195
185.9201547528595,169.2757249043624,355.1958796572219,30,0.0,8.700000000000001,0.0,8.700000000000001,inspect_top30_consequence,top_consequence,30,0.2,dedicated,51,4.135019612550138,351.06086004467176
186.409194296905,169.6761050990773,356.0852993959823,60,0.0,8.700000000000001,0.0,8.700000000000001,inspect_top60_consequence,top_consequence,60,0.2,dedicated,51,5.024439351310548,351.06086004467176
186.03149410190036,170.1744797579547,356.2059738598551,30,0.0,8.700000000000001,0.0,8.700000000000001,inspect_top30_consequence_no_graph,top_consequence_no_graph,30,0.2,dedicated,51,5.145113815183322,351.06086004467176
186.6645235365151,169.78757052887406,356.45209406538913,60,0.0,8.700000000000001,0.0,8.700000000000001,inspect_top60_consequence_no_graph,top_consequence_no_graph,60,0.2,dedicated,51,5.391234020717377,351.06086004467176
186.1097051279783,170.43766881676248,356.5473739447408,30,0.0,8.700000000000001,0.0,8.700000000000001,inspect_top30_uncertainty_x_consequence,top_uncertainty_consequence,30,0.2,dedicated,51,5.486513900069042,351.06086004467176
186.33808804064503,170.3201084449165,356.6581964855616,60,0.0,8.700000000000001,0.0,8.700000000000001,inspect_top60_uncertainty_x_consequence,top_uncertainty_consequence,60,0.2,dedicated,51,5.597336440889819,351.06086004467176
186.1198850985968,170.3825268522922,356.502411950889,30,0.0,8.700000000000001,0.0,8.700000000000001,inspect_top30_uncertainty_x_graph_consequence,top_uncertainty_graph_consequence,30,0.2,dedicated,51,5.441551906217228,351.06086004467176
186.27513828258446,170.1802705983124,356.45540888089687,60,0.0,8.700000000000001,0.0,8.700000000000001,inspect_top60_uncertainty_x_graph_consequence,top_uncertainty_graph_consequence,60,0.2,dedicated,51,5.394548836225113,351.06086004467176
185.2923347929775,170.56363647858686,355.8559712715644,60,0.0,8.700000000000001,0.0,8.700000000000001,inspect_random60,random,60,0.2,dedicated,51,4.7951112268926295,351.06086004467176
168.35410124328502,153.18293536596545,321.53703660925044,30,0.0,8.700000000000001,0.0,8.700000000000001,inspect_top30_consequence,top_consequence,30,0.2,dedicated,52,8.116366548787255,313.4206700604632
167.15401599899192,150.60529859056402,317.75931458955597,60,0.0,8.700000000000001,0.0,8.700000000000001,inspect_top60_consequence,top_consequence,60,0.2,dedicated,52,4.3386445290927895,313.4206700604632
167.5207372605464,152.15938729567821,319.68012455622465,30,0.0,8.700000000000001,0.0,8.700000000000001,inspect_top30_consequence_no_graph,top_consequence_no_graph,30,0.2,dedicated,52,6.259454495761474,313.4206700604632
168.11946325819176,151.09419207165232,319.2136553298441,60,0.0,8.700000000000001,0.0,8.700000000000001,inspect_top60_consequence_no_graph,top_consequence_no_graph,60,0.2,dedicated,52,5.7929852693808925,313.4206700604632
167.30581708420073,151.82906218496015,319.1348792691609,30,0.0,8.700000000000001,0.0,8.700000000000001,inspect_top30_uncertainty_x_consequence,top_uncertainty_consequence,30,0.2,dedicated,52,5.714209208697696,313.4206700604632
167.96517265727505,151.62602695840184,319.5911996156769,60,0.0,8.700000000000001,0.0,8.700000000000001,inspect_top60_uncertainty_x_consequence,top_uncertainty_consequence,60,0.2,dedicated,52,6.1705295552137045,313.4206700604632
167.9168277253134,151.76760777050987,319.68443549582327,30,0.0,8.700000000000001,0.0,8.700000000000001,inspect_top30_uncertainty_x_graph_consequence,top_uncertainty_graph_consequence,30,0.2,dedicated,52,6.263765435360085,313.4206700604632
167.30537551471429,151.0183976093085,318.32377312402275,60,0.0,8.700000000000001,0.0,8.700000000000001,inspect_top60_uncertainty_x_graph_consequence,top_uncertainty_graph_consequence,60,0.2,dedicated,52,4.90310306355957,313.4206700604632
166.2273764865625,152.19809379230878,318.4254702788713,60,0.0,8.700000000000001,0.0,8.700000000000001,inspect_random60,random,60,0.2,dedicated,52,5.004800218408093,313.4206700604632
178.54805746714652,163.38849313728343,341.93655060442995,30,0.0,8.700000000000001,0.0,8.700000000000001,inspect_top30_consequence,top_consequence,30,0.2,dedicated,53,6.257349779119409,335.67920082531055
178.95183977843428,162.27873095962735,341.2305707380616,60,0.0,8.700000000000001,0.0,8.700000000000001,inspect_top60_consequence,top_consequence,60,0.2,dedicated,53,5.551369912751056,335.67920082531055
177.74648708425212,163.41929871668034,341.16578580093244,30,0.0,8.700000000000001,0.0,8.700000000000001,inspect_top30_consequence_no_graph,top_consequence_no_graph,30,0.2,dedicated,53,5.486584975621895,335.67920082531055
178.22227861392855,161.34169149970342,339.56397011363197,60,0.0,8.700000000000001,0.0,8.700000000000001,inspect_top60_consequence_no_graph,top_consequence_no_graph,60,0.2,dedicated,53,3.884769288321422,335.67920082531055
178.17235127530301,162.98339577318654,341.15574704848956,30,0.0,8.700000000000001,0.0,8.700000000000001,inspect_top30_uncertainty_x_consequence,top_uncertainty_consequence,30,0.2,dedicated,53,5.476546223179014,335.67920082531055
179.5906469275385,163.63217796828314,343.22282489582165,60,0.0,8.700000000000001,0.0,8.700000000000001,inspect_top60_uncertainty_x_consequence,top_uncertainty_consequence,60,0.2,dedicated,53,7.5436240705111,335.67920082531055
178.2806660703145,163.16466887029281,341.4453349406073,30,0.0,8.700000000000001,0.0,8.700000000000001,inspect_top30_uncertainty_x_graph_consequence,top_uncertainty_graph_consequence,30,0.2,dedicated,53,5.766134115296779,335.67920082531055
179.41569641146268,163.14313977022698,342.5588361816897,60,0.0,8.700000000000001,0.0,8.700000000000001,inspect_top60_uncertainty_x_graph_consequence,top_uncertainty_graph_consequence,60,0.2,dedicated,53,6.87963535637914,335.67920082531055
177.08635612399343,162.56862594319136,339.6549820671848,60,0.0,8.700000000000001,0.0,8.700000000000001,inspect_random60,random,60,0.2,dedicated,53,3.9757812418742446,335.67920082531055
168.7049145280688,152.51753050199636,321.22244503006516,30,0.0,8.700000000000001,0.0,8.700000000000001,inspect_top30_consequence,top_consequence,30,0.2,dedicated,54,3.2880046337601243,317.93444039630504
169.12421042825684,152.2194374737645,321.3436479020213,60,0.0,8.700000000000001,0.0,8.700000000000001,inspect_top60_consequence,top_consequence,60,0.2,dedicated,54,3.4092075057162674,317.93444039630504
169.43129522754407,153.12923716386365,322.5605323914077,30,0.0,8.700000000000001,0.0,8.700000000000001,inspect_top30_consequence_no_graph,top_consequence_no_graph,30,0.2,dedicated,54,4.6260919951026835,317.93444039630504
170.28119935862622,153.11680541518217,323.3980047738084,60,0.0,8.700000000000001,0.0,8.700000000000001,inspect_top60_consequence_no_graph,top_consequence_no_graph,60,0.2,dedicated,54,5.46356437750336,317.93444039630504
170.76268050984334,154.59211970916283,325.35480021900617,30,0.0,8.700000000000001,0.0,8.700000000000001,inspect_top30_uncertainty_x_consequence,top_uncertainty_consequence,30,0.2,dedicated,54,7.42035982270113,317.93444039630504
169.60709154414963,153.48521841538448,323.0923099595341,60,0.0,8.700000000000001,0.0,8.700000000000001,inspect_top60_uncertainty_x_consequence,top_uncertainty_consequence,60,0.2,dedicated,54,5.157869563229042,317.93444039630504
170.61740260153664,154.53070168541112,325.1481042869477,30,0.0,8.700000000000001,0.0,8.700000000000001,inspect_top30_uncertainty_x_graph_consequence,top_uncertainty_graph_consequence,30,0.2,dedicated,54,7.213663890642692,317.93444039630504
168.84594143395577,152.85510449088898,321.7010459248447,60,0.0,8.700000000000001,0.0,8.700000000000001,inspect_top60_uncertainty_x_graph_consequence,top_uncertainty_graph_consequence,60,0.2,dedicated,54,3.766605528539685,317.93444039630504
169.95373411318747,154.2925801021589,324.2463142153464,60,0.0,8.700000000000001,0.0,8.700000000000001,inspect_random60,random,60,0.2,dedicated,54,6.311873819041352,317.93444039630504
172.04970493719281,155.5858410887421,327.6355460259349,30,0.0,8.700000000000001,0.0,8.700000000000001,inspect_top30_consequence,top_consequence,30,0.2,dedicated,55,5.153521782403118,322.4820242435318
172.42499038851372,156.0040239322605,328.42901432077423,60,0.0,8.700000000000001,0.0,8.700000000000001,inspect_top60_consequence,top_consequence,60,0.2,dedicated,55,5.946990077242447,322.4820242435318
171.21858754753487,155.50239260368068,326.72098015121554,30,0.0,8.700000000000001,0.0,8.700000000000001,inspect_top30_consequence_no_graph,top_consequence_no_graph,30,0.2,dedicated,55,4.23895590768376,322.4820242435318
172.38578032972978,155.5437573331309,327.9295376628607,60,0.0,8.700000000000001,0.0,8.700000000000001,inspect_top60_consequence_no_graph,top_consequence_no_graph,60,0.2,dedicated,55,5.447513419328914,322.4820242435318
171.23591511324832,155.67668796652652,326.91260307977484,30,0.0,8.700000000000001,0.0,8.700000000000001,inspect_top30_uncertainty_x_consequence,top_uncertainty_consequence,30,0.2,dedicated,55,4.430578836243058,322.4820242435318
171.91246215129843,155.98033905814174,327.89280120944017,60,0.0,8.700000000000001,0.0,8.700000000000001,inspect_top60_uncertainty_x_consequence,top_uncertainty_consequence,60,0.2,dedicated,55,5.410776965908383,322.4820242435318
171.31857539994485,155.70232326556624,327.0208986655111,30,0.0,8.700000000000001,0.0,8.700000000000001,inspect_top30_uncertainty_x_graph_consequence,top_uncertainty_graph_consequence,30,0.2,dedicated,55,4.538874421979301,322.4820242435318
171.44029975173117,155.4534277712724,326.8937275230036,60,0.0,8.700000000000001,0.0,8.700000000000001,inspect_top60_uncertainty_x_graph_consequence,top_uncertainty_graph_consequence,60,0.2,dedicated,55,4.411703279471794,322.4820242435318
171.48019286738838,156.86232218420804,328.3425150515964,60,0.0,8.700000000000001,0.0,8.700000000000001,inspect_random60,random,60,0.2,dedicated,55,5.86049080806464,322.4820242435318
163.21374709700865,147.22481331436046,310.4385604113691,30,0.0,8.700000000000001,0.0,8.700000000000001,inspect_top30_consequence,top_consequence,30,0.2,dedicated,56,4.828464005327305,305.6100964060418
162.94873529860058,146.27561062517307,309.2243459237736,60,0.0,8.700000000000001,0.0,8.700000000000001,inspect_top60_consequence,top_consequence,60,0.2,dedicated,56,3.614249517731821,305.6100964060418
163.3924514480834,147.4805293094501,310.87298075753347,30,0.0,8.700000000000001,0.0,8.700000000000001,inspect_top30_consequence_no_graph,top_consequence_no_graph,30,0.2,dedicated,56,5.262884351491664,305.6100964060418
163.62375979002445,146.75790594791448,310.38166573793893,60,0.0,8.700000000000001,0.0,8.700000000000001,inspect_top60_consequence_no_graph,top_consequence_no_graph,60,0.2,dedicated,56,4.771569331897126,305.6100964060418
164.26291084901277,148.75403488405402,313.0169457330668,30,0.0,8.700000000000001,0.0,8.700000000000001,inspect_top30_uncertainty_x_consequence,top_uncertainty_consequence,30,0.2,dedicated,56,7.406849327024986,305.6100964060418
164.71535476000656,148.34412890779743,313.059483667804,60,0.0,8.700000000000001,0.0,8.700000000000001,inspect_top60_uncertainty_x_consequence,top_uncertainty_consequence,60,0.2,dedicated,56,7.449387261762183,305.6100964060418
163.9506907146206,148.9328828085114,312.883573523132,30,0.0,8.700000000000001,0.0,8.700000000000001,inspect_top30_uncertainty_x_graph_consequence,top_uncertainty_graph_consequence,30,0.2,dedicated,56,7.273477117090181,305.6100964060418
163.80324567605305,147.6605878098456,311.46383348589865,60,0.0,8.700000000000001,0.0,8.700000000000001,inspect_top60_uncertainty_x_graph_consequence,top_uncertainty_graph_consequence,60,0.2,dedicated,56,5.853737079856842,305.6100964060418
163.40758442510514,148.23241415711348,311.6399985822186,60,0.0,8.700000000000001,0.0,8.700000000000001,inspect_random60,random,60,0.2,dedicated,56,6.02990217617679,305.6100964060418
165.59533331466824,149.48227319734895,315.07760651201716,30,0.0,8.700000000000001,0.0,8.700000000000001,inspect_top30_consequence,top_consequence,30,0.2,dedicated,57,3.6896823818327107,311.38792413018444
165.75209281226233,149.09095732713192,314.8430501393942,60,0.0,8.700000000000001,0.0,8.700000000000001,inspect_top60_consequence,top_consequence,60,0.2,dedicated,57,3.4551260092097777,311.38792413018444
166.1297173298369,149.70506926744045,315.83478659727734,30,0.0,8.700000000000001,0.0,8.700000000000001,inspect_top30_consequence_no_graph,top_consequence_no_graph,30,0.2,dedicated,57,4.446862467092899,311.38792413018444
165.97807967894298,148.99213502683824,314.97021470578125,60,0.0,8.700000000000001,0.0,8.700000000000001,inspect_top60_consequence_no_graph,top_consequence_no_graph,60,0.2,dedicated,57,3.582290575596801,311.38792413018444
165.81359891837337,150.24931573180817,316.06291465018154,30,0.0,8.700000000000001,0.0,8.700000000000001,inspect_top30_uncertainty_x_consequence,top_uncertainty_consequence,30,0.2,dedicated,57,4.674990519997095,311.38792413018444
165.41077177048817,149.68582934865296,315.09660111914116,60,0.0,8.700000000000001,0.0,8.700000000000001,inspect_top60_uncertainty_x_consequence,top_uncertainty_consequence,60,0.2,dedicated,57,3.708676988956711,311.38792413018444
165.74870249553118,150.0678430381932,315.81654553372437,30,0.0,8.700000000000001,0.0,8.700000000000001,inspect_top30_uncertainty_x_graph_consequence,top_uncertainty_graph_consequence,30,0.2,dedicated,57,4.428621403539921,311.38792413018444
165.9494332592829,150.1628741241273,316.1123073834102,60,0.0,8.700000000000001,0.0,8.700000000000001,inspect_top60_uncertainty_x_graph_consequence,top_uncertainty_graph_consequence,60,0.2,dedicated,57,4.724383253225767,311.38792413018444
166.23682175384047,150.88150797117845,317.11832972501895,60,0.0,8.700000000000001,0.0,8.700000000000001,inspect_random60,random,60,0.2,dedicated,57,5.730405594834508,311.38792413018444
169.69137224747223,153.45194350345233,323.14331575092456,30,0.0,8.700000000000001,0.0,8.700000000000001,inspect_top30_consequence,top_consequence,30,0.2,dedicated,58,6.629199574031304,316.51411617689325
168.52022641098745,151.87351191980702,320.39373833079446,60,0.0,8.700000000000001,0.0,8.700000000000001,inspect_top60_consequence,top_consequence,60,0.2,dedicated,58,3.8796221539012095,316.51411617689325
169.43910908335124,153.4461921033665,322.88530118671775,30,0.0,8.700000000000001,0.0,8.700000000000001,inspect_top30_consequence_no_graph,top_consequence_no_graph,30,0.2,dedicated,58,6.371185009824501,316.51411617689325
170.11599462759034,153.3282527814145,323.44424740900484,60,0.0,8.700000000000001,0.0,8.700000000000001,inspect_top60_consequence_no_graph,top_consequence_no_graph,60,0.2,dedicated,58,6.9301312321115915,316.51411617689325
168.2348718463301,153.37516127657858,321.6100331229087,30,0.0,8.700000000000001,0.0,8.700000000000001,inspect_top30_uncertainty_x_consequence,top_uncertainty_consequence,30,0.2,dedicated,58,5.09591694601545,316.51411617689325
169.11744035968815,153.3887309372839,322.50617129697207,60,0.0,8.700000000000001,0.0,8.700000000000001,inspect_top60_uncertainty_x_consequence,top_uncertainty_consequence,60,0.2,dedicated,58,5.992055120078817,316.51411617689325
168.25116484652776,153.45202554393953,321.7031903904673,30,0.0,8.700000000000001,0.0,8.700000000000001,inspect_top30_uncertainty_x_graph_consequence,top_uncertainty_graph_consequence,30,0.2,dedicated,58,5.189074213574031,316.51411617689325
169.03089875778784,153.4654022891512,322.49630104693904,60,0.0,8.700000000000001,0.0,8.700000000000001,inspect_top60_uncertainty_x_graph_consequence,top_uncertainty_graph_consequence,60,0.2,dedicated,58,5.982184870045785,316.51411617689325
169.12283211154255,153.5738311555545,322.69666326709705,60,0.0,8.700000000000001,0.0,8.700000000000001,inspect_random60,random,60,0.2,dedicated,58,6.182547090203798,316.51411617689325
171.57854932664466,156.11874835098078,327.69729767762544,30,0.0,8.700000000000001,0.0,8.700000000000001,inspect_top30_consequence,top_consequence,30,0.2,dedicated,59,6.542938566970406,321.15435911065504
171.56696764147313,155.04680988910042,326.61377753057354,60,0.0,8.700000000000001,0.0,8.700000000000001,inspect_top60_consequence,top_consequence,60,0.2,dedicated,59,5.4594184199185065,321.15435911065504
171.8305669703109,156.63783867414548,328.4684056444564,30,0.0,8.700000000000001,0.0,8.700000000000001,inspect_top30_consequence_no_graph,top_consequence_no_graph,30,0.2,dedicated,59,7.314046533801388,321.15435911065504
172.0765382895596,155.25292667254274,327.32946496210235,60,0.0,8.700000000000001,0.0,8.700000000000001,inspect_top60_consequence_no_graph,top_consequence_no_graph,60,0.2,dedicated,59,6.175105851447313,321.15435911065504
171.1302454082337,155.42878377412575,326.55902918235944,30,0.0,8.700000000000001,0.0,8.700000000000001,inspect_top30_uncertainty_x_consequence,top_uncertainty_consequence,30,0.2,dedicated,59,5.404670071704402,321.15435911065504
170.77626164314188,155.05908074631574,325.83534238945765,60,0.0,8.700000000000001,0.0,8.700000000000001,inspect_top60_uncertainty_x_consequence,top_uncertainty_consequence,60,0.2,dedicated,59,4.680983278802614,321.15435911065504
170.98953195273154,155.45247754312442,326.4420094958559,30,0.0,8.700000000000001,0.0,8.700000000000001,inspect_top30_uncertainty_x_graph_consequence,top_uncertainty_graph_consequence,30,0.2,dedicated,59,5.287650385200891,321.15435911065504
171.172118978762,155.07289470862494,326.245013687387,60,0.0,8.700000000000001,0.0,8.700000000000001,inspect_top60_uncertainty_x_graph_consequence,top_uncertainty_graph_consequence,60,0.2,dedicated,59,5.090654576731936,321.15435911065504
171.03318820088083,156.43002814413524,327.46321634501606,60,0.0,8.700000000000001,0.0,8.700000000000001,inspect_random60,random,60,0.2,dedicated,59,6.308857234361028,321.15435911065504
163.06996209326957,146.8704883415236,309.9404504347932,30,0.0,8.700000000000001,0.0,8.700000000000001,inspect_top30_consequence,top_consequence,30,0.2,dedicated,60,4.791644148631519,305.1488062861617
163.29272704680176,146.9832867961527,310.27601384295446,60,0.0,8.700000000000001,0.0,8.700000000000001,inspect_top60_consequence,top_consequence,60,0.2,dedicated,60,5.127207556792769,305.1488062861617
162.85764993460424,146.73106889327033,309.5887188278746,30,0.0,8.700000000000001,0.0,8.700000000000001,inspect_top30_consequence_no_graph,top_consequence_no_graph,30,0.2,dedicated,60,4.439912541712886,305.1488062861617
163.1964630121546,146.4463962573675,309.6428592695221,60,0.0,8.700000000000001,0.0,8.700000000000001,inspect_top60_consequence_no_graph,top_consequence_no_graph,60,0.2,dedicated,60,4.494052983360405,305.1488062861617
162.48345194400065,146.90017519966452,309.3836271436652,30,0.0,8.700000000000001,0.0,8.700000000000001,inspect_top30_uncertainty_x_consequence,top_uncertainty_consequence,30,0.2,dedicated,60,4.234820857503507,305.1488062861617
162.31328274094696,146.20997237211498,308.52325511306196,60,0.0,8.700000000000001,0.0,8.700000000000001,inspect_top60_uncertainty_x_consequence,top_uncertainty_consequence,60,0.2,dedicated,60,3.3744488269002773,305.1488062861617
162.7402441605466,147.01440366761986,309.75464782816647,30,0.0,8.700000000000001,0.0,8.700000000000001,inspect_top30_uncertainty_x_graph_consequence,top_uncertainty_graph_consequence,30,0.2,dedicated,60,4.605841542004782,305.1488062861617
162.29475265892012,146.40874317262535,308.70349583154547,60,0.0,8.700000000000001,0.0,8.700000000000001,inspect_top60_uncertainty_x_graph_consequence,top_uncertainty_graph_consequence,60,0.2,dedicated,60,3.5546895453837806,305.1488062861617
162.74090118381486,147.16149819942592,309.9023993832408,60,0.0,8.700000000000001,0.0,8.700000000000001,inspect_random60,random,60,0.2,dedicated,60,4.75359309707909,305.1488062861617
172.20098713506303,156.4676326631461,328.66861979820914,30,0.0,8.700000000000001,0.0,8.700000000000001,inspect_top30_consequence,top_consequence,30,0.2,dedicated,61,5.045681225151384,323.62293857305775
171.99013471423388,155.3526358599759,327.3427705742098,60,0.0,8.700000000000001,0.0,8.700000000000001,inspect_top60_consequence,top_consequence,60,0.2,dedicated,61,3.7198320011520423,323.62293857305775
172.66465784611214,156.97767203492455,329.6423298810367,30,0.0,8.700000000000001,0.0,8.700000000000001,inspect_top30_consequence_no_graph,top_consequence_no_graph,30,0.2,dedicated,61,6.019391307978935,323.62293857305775
172.5116884177021,155.92743037202263,328.4391187897247,60,0.0,8.700000000000001,0.0,8.700000000000001,inspect_top60_consequence_no_graph,top_consequence_no_graph,60,0.2,dedicated,61,4.8161802166669645,323.62293857305775
172.2519296918619,156.8133845628787,329.0653142547406,30,0.0,8.700000000000001,0.0,8.700000000000001,inspect_top30_uncertainty_x_consequence,top_uncertainty_consequence,30,0.2,dedicated,61,5.442375681682847,323.62293857305775
173.45506548082972,157.30358005929028,330.75864554012,60,0.0,8.700000000000001,0.0,8.700000000000001,inspect_top60_uncertainty_x_consequence,top_uncertainty_consequence,60,0.2,dedicated,61,7.135706967062276,323.62293857305775
171.9523677744075,157.09026504237454,329.04263281678203,30,0.0,8.700000000000001,0.0,8.700000000000001,inspect_top30_uncertainty_x_graph_consequence,top_uncertainty_graph_consequence,30,0.2,dedicated,61,5.41969424372428,323.62293857305775
173.5128089812214,157.54461995511005,331.05742893633146,60,0.0,8.700000000000001,0.0,8.700000000000001,inspect_top60_uncertainty_x_graph_consequence,top_uncertainty_graph_consequence,60,0.2,dedicated,61,7.43449036327371,323.62293857305775
171.5501175718794,156.11993704186085,327.67005461374026,60,0.0,8.700000000000001,0.0,8.700000000000001,inspect_random60,random,60,0.2,dedicated,61,4.047116040682511,323.62293857305775
176.26069327569587,160.28685827169878,336.5475515473946,30,0.0,8.700000000000001,0.0,8.700000000000001,inspect_top30_consequence,top_consequence,30,0.2,dedicated,62,6.624413523133853,329.92313802426077
176.87491113505462,159.97021491377149,336.8451260488261,60,0.0,8.700000000000001,0.0,8.700000000000001,inspect_top60_consequence,top_consequence,60,0.2,dedicated,62,6.921988024565337,329.92313802426077
176.7738854284251,161.08947079904158,337.8633562274667,30,0.0,8.700000000000001,0.0,8.700000000000001,inspect_top30_consequence_no_graph,top_consequence_no_graph,30,0.2,dedicated,62,7.940218203205916,329.92313802426077
176.90323365598306,159.87184354440205,336.7750772003851,60,0.0,8.700000000000001,0.0,8.700000000000001,inspect_top60_consequence_no_graph,top_consequence_no_graph,60,0.2,dedicated,62,6.851939176124347,329.92313802426077
175.92883769776836,161.15082794168228,337.07966563945064,30,0.0,8.700000000000001,0.0,8.700000000000001,inspect_top30_uncertainty_x_consequence,top_uncertainty_consequence,30,0.2,dedicated,62,7.156527615189873,329.92313802426077
175.4790344805935,159.84362205212304,335.32265653271656,60,0.0,8.700000000000001,0.0,8.700000000000001,inspect_top60_uncertainty_x_consequence,top_uncertainty_consequence,60,0.2,dedicated,62,5.399518508455799,329.92313802426077
175.72440573053495,160.653473813075,336.37787954361,30,0.0,8.700000000000001,0.0,8.700000000000001,inspect_top30_uncertainty_x_graph_consequence,top_uncertainty_graph_consequence,30,0.2,dedicated,62,6.454741519349227,329.92313802426077
175.40879787163036,159.4470844096507,334.8558822812811,60,0.0,8.700000000000001,0.0,8.700000000000001,inspect_top60_uncertainty_x_graph_consequence,top_uncertainty_graph_consequence,60,0.2,dedicated,62,4.9327442570203175,329.92313802426077
176.97145897528924,161.7871085306582,338.75856750594744,60,0.0,8.700000000000001,0.0,8.700000000000001,inspect_random60,random,60,0.2,dedicated,62,8.835429481686674,329.92313802426077
175.6130401305171,159.7402114143042,335.3532515448213,30,0.0,8.700000000000001,0.0,8.700000000000001,inspect_top30_consequence,top_consequence,30,0.2,dedicated,63,4.097456748231082,331.25579479659024
176.25267069233956,159.28353249940423,335.53620319174377,60,0.0,8.700000000000001,0.0,8.700000000000001,inspect_top60_consequence,top_consequence,60,0.2,dedicated,63,4.280408395153529,331.25579479659024
175.9981319128414,159.69163524080784,335.6897671536492,30,0.0,8.700000000000001,0.0,8.700000000000001,inspect_top30_consequence_no_graph,top_consequence_no_graph,30,0.2,dedicated,63,4.433972357058963,331.25579479659024
176.71077380040134,159.79724317544586,336.5080169758472,60,0.0,8.700000000000001,0.0,8.700000000000001,inspect_top60_consequence_no_graph,top_consequence_no_graph,60,0.2,dedicated,63,5.252222179256989,331.25579479659024
175.48946629426706,160.2109300356983,335.7003963299654,30,0.0,8.700000000000001,0.0,8.700000000000001,inspect_top30_uncertainty_x_consequence,top_uncertainty_consequence,30,0.2,dedicated,63,4.444601533375135,331.25579479659024
176.50853129962246,160.13894533862668,336.64747663824915,60,0.0,8.700000000000001,0.0,8.700000000000001,inspect_top60_uncertainty_x_consequence,top_uncertainty_consequence,60,0.2,dedicated,63,5.391681841658908,331.25579479659024
175.4291886242733,160.24512001942205,335.6743086436953,30,0.0,8.700000000000001,0.0,8.700000000000001,inspect_top30_uncertainty_x_graph_consequence,top_uncertainty_graph_consequence,30,0.2,dedicated,63,4.418513847105089,331.25579479659024
176.52126273543684,160.16751246732773,336.68877520276453,60,0.0,8.700000000000001,0.0,8.700000000000001,inspect_top60_uncertainty_x_graph_consequence,top_uncertainty_graph_consequence,60,0.2,dedicated,63,5.432980406174295,331.25579479659024
176.85547358190917,161.71666558848628,338.5721391703954,60,0.0,8.700000000000001,0.0,8.700000000000001,inspect_random60,random,60,0.2,dedicated,63,7.31634437380518,331.25579479659024
170.08301361375504,153.66593657953555,323.7489501932906,30,0.0,8.700000000000001,0.0,8.700000000000001,inspect_top30_consequence,top_consequence,30,0.2,dedicated,64,5.556448271966417,318.1925019213242
170.619379913584,153.51144731547475,324.13082722905875,60,0.0,8.700000000000001,0.0,8.700000000000001,inspect_top60_consequence,top_consequence,60,0.2,dedicated,64,5.938325307734544,318.1925019213242
170.75085224604464,154.05751753145222,324.80836977749686,30,0.0,8.700000000000001,0.0,8.700000000000001,inspect_top30_consequence_no_graph,top_consequence_no_graph,30,0.2,dedicated,64,6.615867856172656,318.1925019213242
170.807710880393,153.70950995635675,324.51722083674974,60,0.0,8.700000000000001,0.0,8.700000000000001,inspect_top60_consequence_no_graph,top_consequence_no_graph,60,0.2,dedicated,64,6.324718915425535,318.1925019213242
169.97715128124955,155.13028333664124,325.1074346178908,30,0.0,8.700000000000001,0.0,8.700000000000001,inspect_top30_uncertainty_x_consequence,top_uncertainty_consequence,30,0.2,dedicated,64,6.914932696566609,318.1925019213242
170.2296592457426,154.3979548695262,324.6276141152688,60,0.0,8.700000000000001,0.0,8.700000000000001,inspect_top60_uncertainty_x_consequence,top_uncertainty_consequence,60,0.2,dedicated,64,6.435112193944576,318.1925019213242
168.4808299760479,154.6499615966469,323.13079157269476,30,0.0,8.700000000000001,0.0,8.700000000000001,inspect_top30_uncertainty_x_graph_consequence,top_uncertainty_graph_consequence,30,0.2,dedicated,64,4.938289651370553,318.1925019213242
169.783051951141,153.771954621511,323.555006572652,60,0.0,8.700000000000001,0.0,8.700000000000001,inspect_top60_uncertainty_x_graph_consequence,top_uncertainty_graph_consequence,60,0.2,dedicated,64,5.362504651327811,318.1925019213242
170.19766712074576,155.25189938810252,325.4495665088483,60,0.0,8.700000000000001,0.0,8.700000000000001,inspect_random60,random,60,0.2,dedicated,64,7.257064587524098,318.1925019213242
163.36301512749188,146.90490799461946,310.26792312211137,30,0.0,8.700000000000001,0.0,8.700000000000001,inspect_top30_consequence,top_consequence,30,0.2,dedicated,65,2.3969857487949753,307.8709373733164
164.4557479848826,147.63781470785642,312.09356269273906,60,0.0,8.700000000000001,0.0,8.700000000000001,inspect_top60_consequence,top_consequence,60,0.2,dedicated,65,4.2226253194226615,307.8709373733164
163.2340345963713,147.24543316666313,310.47946776303445,30,0.0,8.700000000000001,0.0,8.700000000000001,inspect_top30_consequence_no_graph,top_consequence_no_graph,30,0.2,dedicated,65,2.608530389718055,307.8709373733164
164.10517165485336,147.09147129912972,311.1966429539831,60,0.0,8.700000000000001,0.0,8.700000000000001,inspect_top60_consequence_no_graph,top_consequence_no_graph,60,0.2,dedicated,65,3.3257055806666926,307.8709373733164
164.219058675992,148.01228490018838,312.2313435761804,30,0.0,8.700000000000001,0.0,8.700000000000001,inspect_top30_uncertainty_x_consequence,top_uncertainty_consequence,30,0.2,dedicated,65,4.360406202863999,307.8709373733164
164.86934890932613,148.37664099810627,313.24598990743243,60,0.0,8.700000000000001,0.0,8.700000000000001,inspect_top60_uncertainty_x_consequence,top_uncertainty_consequence,60,0.2,dedicated,65,5.375052534116037,307.8709373733164
164.2495110455759,148.0395276113286,312.2890386569045,30,0.0,8.700000000000001,0.0,8.700000000000001,inspect_top30_uncertainty_x_graph_consequence,top_uncertainty_graph_consequence,30,0.2,dedicated,65,4.418101283588101,307.8709373733164
164.82945554375488,148.57555469267515,313.40501023643003,60,0.0,8.700000000000001,0.0,8.700000000000001,inspect_top60_uncertainty_x_graph_consequence,top_uncertainty_graph_consequence,60,0.2,dedicated,65,5.534072863113636,307.8709373733164
162.65630365121098,147.95183579218855,310.6081394433995,60,0.0,8.700000000000001,0.0,8.700000000000001,inspect_random60,random,60,0.2,dedicated,65,2.7372020700831285,307.8709373733164
179.19783682207174,162.80407841622954,342.0019152383013,30,0.0,8.700000000000001,0.0,8.700000000000001,inspect_top30_consequence,top_consequence,30,0.2,dedicated,66,4.828737952482129,337.1731772858192
179.5176206099232,162.44418302432123,341.96180363424446,60,0.0,8.700000000000001,0.0,8.700000000000001,inspect_top60_consequence,top_consequence,60,0.2,dedicated,66,4.788626348425282,337.1731772858192
179.62234163426794,163.13943664744238,342.76177828171035,30,0.0,8.700000000000001,0.0,8.700000000000001,inspect_top30_consequence_no_graph,top_consequence_no_graph,30,0.2,dedicated,66,5.58860099589117,337.1731772858192
179.97224920695538,162.85079910667844,342.8230483136338,60,0.0,8.700000000000001,0.0,8.700000000000001,inspect_top60_consequence_no_graph,top_consequence_no_graph,60,0.2,dedicated,66,5.6498710278146405,337.1731772858192
179.17736116859803,163.54191925488715,342.7192804234852,30,0.0,8.700000000000001,0.0,8.700000000000001,inspect_top30_uncertainty_x_consequence,top_uncertainty_consequence,30,0.2,dedicated,66,5.546103137666023,337.1731772858192
180.01952140141424,163.7792012494878,343.79872265090205,60,0.0,8.700000000000001,0.0,8.700000000000001,inspect_top60_uncertainty_x_consequence,top_uncertainty_consequence,60,0.2,dedicated,66,6.625545365082871,337.1731772858192
179.006064634881,163.2176357077199,342.22370034260086,30,0.0,8.700000000000001,0.0,8.700000000000001,inspect_top30_uncertainty_x_graph_consequence,top_uncertainty_graph_consequence,30,0.2,dedicated,66,5.050523056781685,337.1731772858192
180.15346477606812,164.06297761583775,344.21644239190584,60,0.0,8.700000000000001,0.0,8.700000000000001,inspect_top60_uncertainty_x_graph_consequence,top_uncertainty_graph_consequence,60,0.2,dedicated,66,7.043265106086665,337.1731772858192
179.18283567753153,164.1043145544948,343.2871502320263,60,0.0,8.700000000000001,0.0,8.700000000000001,inspect_random60,random,60,0.2,dedicated,66,6.113972946207127,337.1731772858192
166.552850711948,150.38596987237563,316.9388205843236,30,0.0,8.700000000000001,0.0,8.700000000000001,inspect_top30_consequence,top_consequence,30,0.2,dedicated,67,4.4697772440315475,312.46904334029205
167.0816333801426,150.16748340172518,317.24911678186777,60,0.0,8.700000000000001,0.0,8.700000000000001,inspect_top60_consequence,top_consequence,60,0.2,dedicated,67,4.780073441575723,312.46904334029205
166.96634902201023,151.02562058819692,317.99196961020715,30,0.0,8.700000000000001,0.0,8.700000000000001,inspect_top30_consequence_no_graph,top_consequence_no_graph,30,0.2,dedicated,67,5.522926269915104,312.46904334029205
167.40946696498253,150.18954189009094,317.59900885507346,60,0.0,8.700000000000001,0.0,8.700000000000001,inspect_top60_consequence_no_graph,top_consequence_no_graph,60,0.2,dedicated,67,5.129965514781418,312.46904334029205
166.85751135113418,150.81261983589724,317.6701311870314,30,0.0,8.700000000000001,0.0,8.700000000000001,inspect_top30_uncertainty_x_consequence,top_uncertainty_consequence,30,0.2,dedicated,67,5.2010878467393695,312.46904334029205
167.31407128038015,150.92711742894647,318.2411887093266,60,0.0,8.700000000000001,0.0,8.700000000000001,inspect_top60_uncertainty_x_consequence,top_uncertainty_consequence,60,0.2,dedicated,67,5.772145369034547,312.46904334029205
166.78022917474584,150.83354408610256,317.6137732608484,30,0.0,8.700000000000001,0.0,8.700000000000001,inspect_top30_uncertainty_x_graph_consequence,top_uncertainty_graph_consequence,30,0.2,dedicated,67,5.144729920556358,312.46904334029205
166.99132901732742,150.73075600384723,317.7220850211746,60,0.0,8.700000000000001,0.0,8.700000000000001,inspect_top60_uncertainty_x_graph_consequence,top_uncertainty_graph_consequence,60,0.2,dedicated,67,5.253041680882575,312.46904334029205
165.72162001186342,150.07230590554556,315.79392591740896,60,0.0,8.700000000000001,0.0,8.700000000000001,inspect_random60,random,60,0.2,dedicated,67,3.3248825771169095,312.46904334029205
176.08951953539872,159.6408703039908,335.73038983938955,30,0.0,8.700000000000001,0.0,8.700000000000001,inspect_top30_consequence,top_consequence,30,0.2,dedicated,68,8.994460553536044,326.7359292858535
175.2374071921526,158.29700455278106,333.53441174493366,60,0.0,8.700000000000001,0.0,8.700000000000001,inspect_top60_consequence,top_consequence,60,0.2,dedicated,68,6.798482459080162,326.7359292858535
174.76758227582926,159.45087991693987,334.21846219276915,30,0.0,8.700000000000001,0.0,8.700000000000001,inspect_top30_consequence_no_graph,top_consequence_no_graph,30,0.2,dedicated,68,7.482532906915651,326.7359292858535
175.25298580717424,158.1227778750731,333.37576368224734,60,0.0,8.700000000000001,0.0,8.700000000000001,inspect_top60_consequence_no_graph,top_consequence_no_graph,60,0.2,dedicated,68,6.639834396393837,326.7359292858535
174.8312173516014,159.30359472157562,334.13481207317705,30,0.0,8.700000000000001,0.0,8.700000000000001,inspect_top30_uncertainty_x_consequence,top_uncertainty_consequence,30,0.2,dedicated,68,7.398882787323544,326.7359292858535
175.32274457394334,159.19544933861562,334.51819391255896,60,0.0,8.700000000000001,0.0,8.700000000000001,inspect_top60_uncertainty_x_consequence,top_uncertainty_consequence,60,0.2,dedicated,68,7.782264626705455,326.7359292858535
174.96072837034205,159.7275009870727,334.68822935741474,30,0.0,8.700000000000001,0.0,8.700000000000001,inspect_top30_uncertainty_x_graph_consequence,top_uncertainty_graph_consequence,30,0.2,dedicated,68,7.95230007156124,326.7359292858535
174.56719251089652,158.5617698172316,333.1289623281281,60,0.0,8.700000000000001,0.0,8.700000000000001,inspect_top60_uncertainty_x_graph_consequence,top_uncertainty_graph_consequence,60,0.2,dedicated,68,6.393033042274624,326.7359292858535
174.8131709549732,160.3122464052772,335.12541736025037,60,0.0,8.700000000000001,0.0,8.700000000000001,inspect_random60,random,60,0.2,dedicated,68,8.389488074396866,326.7359292858535
181.30718622880897,166.232352236074,347.539538464883,30,0.0,8.700000000000001,0.0,8.700000000000001,inspect_top30_consequence,top_consequence,30,0.2,dedicated,69,4.373137016546821,343.16640144833616
182.24348011888262,165.75888974250984,348.0023698613925,60,0.0,8.700000000000001,0.0,8.700000000000001,inspect_top60_consequence,top_consequence,60,0.2,dedicated,69,4.835968413056321,343.16640144833616
182.2577883800663,167.42197259176635,349.67976097183265,30,0.0,8.700000000000001,0.0,8.700000000000001,inspect_top30_consequence_no_graph,top_consequence_no_graph,30,0.2,dedicated,69,6.51335952349649,343.16640144833616
182.5994069788303,166.0249382928533,348.62434527168364,60,0.0,8.700000000000001,0.0,8.700000000000001,inspect_top60_consequence_no_graph,top_consequence_no_graph,60,0.2,dedicated,69,5.4579438233474775,343.16640144833616
182.1052781176299,167.49548608481797,349.60076420244786,30,0.0,8.700000000000001,0.0,8.700000000000001,inspect_top30_uncertainty_x_consequence,top_uncertainty_consequence,30,0.2,dedicated,69,6.434362754111703,343.16640144833616
182.75098979990685,166.46871058213054,349.2197003820374,60,0.0,8.700000000000001,0.0,8.700000000000001,inspect_top60_uncertainty_x_consequence,top_uncertainty_consequence,60,0.2,dedicated,69,6.053298933701228,343.16640144833616
182.56161565352164,167.88289480366376,350.4445104571854,30,0.0,8.700000000000001,0.0,8.700000000000001,inspect_top30_uncertainty_x_graph_consequence,top_uncertainty_graph_consequence,30,0.2,dedicated,69,7.278109008849242,343.16640144833616
182.42316729516,166.0939576346945,348.5171249298545,60,0.0,8.700000000000001,0.0,8.700000000000001,inspect_top60_uncertainty_x_graph_consequence,top_uncertainty_graph_consequence,60,0.2,dedicated,69,5.350723481518344,343.16640144833616
181.82241472066542,167.4423687969533,349.26478351761875,60,0.0,8.700000000000001,0.0,8.700000000000001,inspect_random60,random,60,0.2,dedicated,69,6.098382069282593,343.16640144833616
158.32837158386508,143.38685059033162,301.7152221741967,30,0.0,8.700000000000001,0.0,8.700000000000001,inspect_top30_consequence,top_consequence,30,0.2,dedicated,70,4.187359977226549,297.52786219697015
159.44666995947136,142.53867996844,301.98534992791133,60,0.0,8.700000000000001,0.0,8.700000000000001,inspect_top60_consequence,top_consequence,60,0.2,dedicated,70,4.457487730941182,297.52786219697015
158.34131062576165,143.0286115729691,301.36992219873076,30,0.0,8.700000000000001,0.0,8.700000000000001,inspect_top30_consequence_no_graph,top_consequence_no_graph,30,0.2,dedicated,70,3.842060001760615,297.52786219697015
158.93562671917698,142.14986656198795,301.08549328116493,60,0.0,8.700000000000001,0.0,8.700000000000001,inspect_top60_consequence_no_graph,top_consequence_no_graph,60,0.2,dedicated,70,3.5576310841947816,297.52786219697015
159.60920068610616,144.5154633646692,304.1246640507753,30,0.0,8.700000000000001,0.0,8.700000000000001,inspect_top30_uncertainty_x_consequence,top_uncertainty_consequence,30,0.2,dedicated,70,6.596801853805175,297.52786219697015
159.4933829591362,143.5518052078864,303.0451881670226,60,0.0,8.700000000000001,0.0,8.700000000000001,inspect_top60_uncertainty_x_consequence,top_uncertainty_consequence,60,0.2,dedicated,70,5.517325970052468,297.52786219697015
159.53860477962297,144.5033768288163,304.0419816084393,30,0.0,8.700000000000001,0.0,8.700000000000001,inspect_top30_uncertainty_x_graph_consequence,top_uncertainty_graph_consequence,30,0.2,dedicated,70,6.514119411469153,297.52786219697015
159.48648351604942,143.46453712395743,302.95102064000685,60,0.0,8.700000000000001,0.0,8.700000000000001,inspect_top60_uncertainty_x_graph_consequence,top_uncertainty_graph_consequence,60,0.2,dedicated,70,5.423158443036698,297.52786219697015
158.693629705164,143.7926404748217,302.4862701799857,60,0.0,8.700000000000001,0.0,8.700000000000001,inspect_random60,random,60,0.2,dedicated,70,4.958407983015547,297.52786219697015
160.1113317182872,145.25241995050132,305.3637516687885,30,0.0,8.700000000000001,0.0,8.700000000000001,inspect_top30_consequence,top_consequence,30,0.2,dedicated,71,3.9333936168610535,301.43035805192744
161.0496970043426,144.50221442017926,305.55191142452185,60,0.0,8.700000000000001,0.0,8.700000000000001,inspect_top60_consequence,top_consequence,60,0.2,dedicated,71,4.121553372594406,301.43035805192744
160.33534565980932,144.99989825368226,305.3352439134916,30,0.0,8.700000000000001,0.0,8.700000000000001,inspect_top30_consequence_no_graph,top_consequence_no_graph,30,0.2,dedicated,71,3.9048858615641393,301.43035805192744
161.0100683582004,144.29134719999058,305.301415558191,60,0.0,8.700000000000001,0.0,8.700000000000001,inspect_top60_consequence_no_graph,top_consequence_no_graph,60,0.2,dedicated,71,3.8710575062635826,301.43035805192744
160.24147046877712,145.67703637051702,305.91850683929414,30,0.0,8.700000000000001,0.0,8.700000000000001,inspect_top30_uncertainty_x_consequence,top_uncertainty_consequence,30,0.2,dedicated,71,4.488148787366697,301.43035805192744
160.76710719534657,144.90977077334782,305.6768779686944,60,0.0,8.700000000000001,0.0,8.700000000000001,inspect_top60_uncertainty_x_consequence,top_uncertainty_consequence,60,0.2,dedicated,71,4.2465199167669425,301.43035805192744
159.92297714701647,145.89894405609633,305.82192120311277,30,0.0,8.700000000000001,0.0,8.700000000000001,inspect_top30_uncertainty_x_graph_consequence,top_uncertainty_graph_consequence,30,0.2,dedicated,71,4.3915631511853235,301.43035805192744
161.24205016587965,145.3939937781505,306.6360439440301,60,0.0,8.700000000000001,0.0,8.700000000000001,inspect_top60_uncertainty_x_graph_consequence,top_uncertainty_graph_consequence,60,0.2,dedicated,71,5.205685892102679,301.43035805192744
160.4596584418379,145.70072458407378,306.16038302591164,60,0.0,8.700000000000001,0.0,8.700000000000001,inspect_random60,random,60,0.2,dedicated,71,4.7300249739842,301.43035805192744
184.08339684966103,167.53802241397727,351.6214192636383,30,0.0,8.700000000000001,0.0,8.700000000000001,inspect_top30_consequence,top_consequence,30,0.2,dedicated,72,4.1166869119320495,347.50473235170625
183.81234797439828,167.1241371171182,350.9364850915165,60,0.0,8.700000000000001,0.0,8.700000000000001,inspect_top60_consequence,top_consequence,60,0.2,dedicated,72,3.4317527398102357,347.50473235170625
183.9972985370382,167.2689896930441,351.2662882300823,30,0.0,8.700000000000001,0.0,8.700000000000001,inspect_top30_consequence_no_graph,top_consequence_no_graph,30,0.2,dedicated,72,3.7615558783760434,347.50473235170625
184.27050660714465,167.0476592387466,351.31816584589126,60,0.0,8.700000000000001,0.0,8.700000000000001,inspect_top60_consequence_no_graph,top_consequence_no_graph,60,0.2,dedicated,72,3.8134334941850057,347.50473235170625
184.0920598606962,167.95511454617906,352.04717440687523,30,0.0,8.700000000000001,0.0,8.700000000000001,inspect_top30_uncertainty_x_consequence,top_uncertainty_consequence,30,0.2,dedicated,72,4.542442055168976,347.50473235170625
183.18377165257996,167.04345051084925,350.22722216342925,60,0.0,8.700000000000001,0.0,8.700000000000001,inspect_top60_uncertainty_x_consequence,top_uncertainty_consequence,60,0.2,dedicated,72,2.722489811722994,347.50473235170625
183.7431103457262,167.54926755159693,351.29237789732315,30,0.0,8.700000000000001,0.0,8.700000000000001,inspect_top30_uncertainty_x_graph_consequence,top_uncertainty_graph_consequence,30,0.2,dedicated,72,3.787645545616897,347.50473235170625
183.65758097202098,167.44222407655158,351.09980504857253,60,0.0,8.700000000000001,0.0,8.700000000000001,inspect_top60_uncertainty_x_graph_consequence,top_uncertainty_graph_consequence,60,0.2,dedicated,72,3.595072696866282,347.50473235170625
183.8258487274566,167.62300667779095,351.4488554052475,60,0.0,8.700000000000001,0.0,8.700000000000001,inspect_random60,random,60,0.2,dedicated,72,3.9441230535412615,347.50473235170625
163.85590278749868,148.1348997783752,311.9908025658739,30,0.0,8.700000000000001,0.0,8.700000000000001,inspect_top30_consequence,top_consequence,30,0.2,dedicated,73,7.654464121362253,304.3363384445116
162.60381287407031,146.09927236604915,308.70308524011944,60,0.0,8.700000000000001,0.0,8.700000000000001,inspect_top60_consequence,top_consequence,60,0.2,dedicated,73,4.36674679560781,304.3363384445116
162.43264418217584,146.91547510582268,309.34811928799854,30,0.0,8.700000000000001,0.0,8.700000000000001,inspect_top30_consequence_no_graph,top_consequence_no_graph,30,0.2,dedicated,73,5.0117808434869175,304.3363384445116
163.3305129741109,146.15587670204064,309.48638967615153,60,0.0,8.700000000000001,0.0,8.700000000000001,inspect_top60_consequence_no_graph,top_consequence_no_graph,60,0.2,dedicated,73,5.150051231639907,304.3363384445116
163.29276580291753,148.19049608371574,311.4832618866333,30,0.0,8.700000000000001,0.0,8.700000000000001,inspect_top30_uncertainty_x_consequence,top_uncertainty_consequence,30,0.2,dedicated,73,7.146923442121647,304.3363384445116
163.56476908979158,147.76936886682813,311.3341379566197,60,0.0,8.700000000000001,0.0,8.700000000000001,inspect_top60_uncertainty_x_consequence,top_uncertainty_consequence,60,0.2,dedicated,73,6.997799512108088,304.3363384445116
162.72393285498623,148.4047159699088,311.12864882489504,30,0.0,8.700000000000001,0.0,8.700000000000001,inspect_top30_uncertainty_x_graph_consequence,top_uncertainty_graph_consequence,30,0.2,dedicated,73,6.792310380383412,304.3363384445116
164.2901493478039,148.4516064190742,312.7417557668781,60,0.0,8.700000000000001,0.0,8.700000000000001,inspect_top60_uncertainty_x_graph_consequence,top_uncertainty_graph_consequence,60,0.2,dedicated,73,8.405417322366475,304.3363384445116
162.5370249524263,147.92496605092833,310.4619910033546,60,0.0,8.700000000000001,0.0,8.700000000000001,inspect_random60,random,60,0.2,dedicated,73,6.125652558843001,304.3363384445116
165.1714557626745,149.1688867490846,314.3403425117591,30,0.0,8.700000000000001,0.0,8.700000000000001,inspect_top30_consequence,top_consequence,30,0.2,dedicated,74,4.638751075472214,309.7015914362869
166.03704207645495,148.98446082427697,315.0215029007319,60,0.0,8.700000000000001,0.0,8.700000000000001,inspect_top60_consequence,top_consequence,60,0.2,dedicated,74,5.319911464444999,309.7015914362869
165.38269117273444,149.42877614365852,314.81146731639296,30,0.0,8.700000000000001,0.0,8.700000000000001,inspect_top30_consequence_no_graph,top_consequence_no_graph,30,0.2,dedicated,74,5.109875880106074,309.7015914362869
165.03784257353664,147.75920474455148,312.7970473180881,60,0.0,8.700000000000001,0.0,8.700000000000001,inspect_top60_consequence_no_graph,top_consequence_no_graph,60,0.2,dedicated,74,3.0954558818012288,309.7015914362869
165.61662308898502,149.71041588869448,315.32703897767954,30,0.0,8.700000000000001,0.0,8.700000000000001,inspect_top30_uncertainty_x_consequence,top_uncertainty_consequence,30,0.2,dedicated,74,5.625447541392646,309.7015914362869
166.21013600346137,149.6109927255025,315.8211287289639,60,0.0,8.700000000000001,0.0,8.700000000000001,inspect_top60_uncertainty_x_consequence,top_uncertainty_consequence,60,0.2,dedicated,74,6.119537292677023,309.7015914362869
165.07504295841846,149.21725616860715,314.2922991270256,30,0.0,8.700000000000001,0.0,8.700000000000001,inspect_top30_uncertainty_x_graph_consequence,top_uncertainty_graph_consequence,30,0.2,dedicated,74,4.590707690738725,309.7015914362869
166.87521642141834,150.44531164286045,317.3205280642788,60,0.0,8.700000000000001,0.0,8.700000000000001,inspect_top60_uncertainty_x_graph_consequence,top_uncertainty_graph_consequence,60,0.2,dedicated,74,7.6189366279919,309.7015914362869
164.59686179238128,150.10305780385897,314.69991959624025,60,0.0,8.700000000000001,0.0,8.700000000000001,inspect_random60,random,60,0.2,dedicated,74,4.99832815995336,309.7015914362869
175.70990987251457,159.07483772797445,334.784747600489,30,0.0,8.700000000000001,0.0,8.700000000000001,inspect_top30_consequence,top_consequence,30,0.2,dedicated,75,4.541243222175069,330.24350437831396
175.84928858969002,158.9957137006481,334.84500229033813,60,0.0,8.700000000000001,0.0,8.700000000000001,inspect_top60_consequence,top_consequence,60,0.2,dedicated,75,4.601497912024172,330.24350437831396
175.81331797531436,159.8622257023353,335.67554367764967,30,0.0,8.700000000000001,0.0,8.700000000000001,inspect_top30_consequence_no_graph,top_consequence_no_graph,30,0.2,dedicated,75,5.432039299335713,330.24350437831396
176.87241325903426,159.6398546468965,336.5122679059308,60,0.0,8.700000000000001,0.0,8.700000000000001,inspect_top60_consequence_no_graph,top_consequence_no_graph,60,0.2,dedicated,75,6.268763527616841,330.24350437831396
176.30531865933258,160.38401841402896,336.68933707336157,30,0.0,8.700000000000001,0.0,8.700000000000001,inspect_top30_uncertainty_x_consequence,top_uncertainty_consequence,30,0.2,dedicated,75,6.4458326950476135,330.24350437831396
176.19060960988338,159.91743065962487,336.10804026950825,60,0.0,8.700000000000001,0.0,8.700000000000001,inspect_top60_uncertainty_x_consequence,top_uncertainty_consequence,60,0.2,dedicated,75,5.8645358911942935,330.24350437831396
175.63579737693377,159.78690627301575,335.42270364994954,30,0.0,8.700000000000001,0.0,8.700000000000001,inspect_top30_uncertainty_x_graph_consequence,top_uncertainty_graph_consequence,30,0.2,dedicated,75,5.179199271635582,330.24350437831396
175.58078988321688,159.57706995070515,335.15785983392203,60,0.0,8.700000000000001,0.0,8.700000000000001,inspect_top60_uncertainty_x_graph_consequence,top_uncertainty_graph_consequence,60,0.2,dedicated,75,4.914355455608074,330.24350437831396
175.1744388630103,159.86706044220963,335.04149930521993,60,0.0,8.700000000000001,0.0,8.700000000000001,inspect_random60,random,60,0.2,dedicated,75,4.797994926905972,330.24350437831396
179.6238183064434,163.46860348288828,343.0924217893317,30,0.0,8.700000000000001,0.0,8.700000000000001,inspect_top30_consequence,top_consequence,30,0.2,dedicated,76,4.270082387406887,338.8223394019248
179.64171996017723,162.64228365478027,342.2840036149575,60,0.0,8.700000000000001,0.0,8.700000000000001,inspect_top60_consequence,top_consequence,60,0.2,dedicated,76,3.461664213032691,338.8223394019248
180.51777056035527,164.54864520600103,345.0664157663563,30,0.0,8.700000000000001,0.0,8.700000000000001,inspect_top30_consequence_no_graph,top_consequence_no_graph,30,0.2,dedicated,76,6.244076364431464,338.8223394019248
180.89284277084192,163.91430408100672,344.80714685184864,60,0.0,8.700000000000001,0.0,8.700000000000001,inspect_top60_consequence_no_graph,top_consequence_no_graph,60,0.2,dedicated,76,5.984807449923835,338.8223394019248
179.89546467768702,165.11373073055094,345.00919540823793,30,0.0,8.700000000000001,0.0,8.700000000000001,inspect_top30_uncertainty_x_consequence,top_uncertainty_consequence,30,0.2,dedicated,76,6.186856006313121,338.8223394019248
180.15103746779656,164.10304781372983,344.2540852815264,60,0.0,8.700000000000001,0.0,8.700000000000001,inspect_top60_uncertainty_x_consequence,top_uncertainty_consequence,60,0.2,dedicated,76,5.4317458796015785,338.8223394019248
179.25787945895885,164.7017067215233,343.9595861804821,30,0.0,8.700000000000001,0.0,8.700000000000001,inspect_top30_uncertainty_x_graph_consequence,top_uncertainty_graph_consequence,30,0.2,dedicated,76,5.137246778557312,338.8223394019248
180.163283549384,163.94860406316448,344.11188761254846,60,0.0,8.700000000000001,0.0,8.700000000000001,inspect_top60_uncertainty_x_graph_consequence,top_uncertainty_graph_consequence,60,0.2,dedicated,76,5.28954821062365,338.8223394019248
180.42295487065755,165.0151806786124,345.43813554927,60,0.0,8.700000000000001,0.0,8.700000000000001,inspect_random60,random,60,0.2,dedicated,76,6.615796147345179,338.8223394019248
178.20757546561566,162.1435725736248,340.35114803924046,30,0.0,8.700000000000001,0.0,8.700000000000001,inspect_top30_consequence,top_consequence,30,0.2,dedicated,77,4.868558052554135,335.4825899866863
178.35359370548554,161.6940435696239,340.0476372751094,60,0.0,8.700000000000001,0.0,8.700000000000001,inspect_top60_consequence,top_consequence,60,0.2,dedicated,77,4.565047288423102,335.4825899866863
178.09884158197292,161.98643182828644,340.08527341025933,30,0.0,8.700000000000001,0.0,8.700000000000001,inspect_top30_consequence_no_graph,top_consequence_no_graph,30,0.2,dedicated,77,4.602683423573012,335.4825899866863
178.568146285789,161.65426008813074,340.22240637391974,60,0.0,8.700000000000001,0.0,8.700000000000001,inspect_top60_consequence_no_graph,top_consequence_no_graph,60,0.2,dedicated,77,4.739816387233418,335.4825899866863
178.7750039755803,163.5832119029474,342.3582158785277,30,0.0,8.700000000000001,0.0,8.700000000000001,inspect_top30_uncertainty_x_consequence,top_uncertainty_consequence,30,0.2,dedicated,77,6.875625891841366,335.4825899866863
179.41483068952678,163.1634561720043,342.57828686153107,60,0.0,8.700000000000001,0.0,8.700000000000001,inspect_top60_uncertainty_x_consequence,top_uncertainty_consequence,60,0.2,dedicated,77,7.095696874844748,335.4825899866863
177.97784168352752,162.8495375270272,340.8273792105547,30,0.0,8.700000000000001,0.0,8.700000000000001,inspect_top30_uncertainty_x_graph_consequence,top_uncertainty_graph_consequence,30,0.2,dedicated,77,5.344789223868361,335.4825899866863
178.3113621577251,162.23578516472,340.5471473224451,60,0.0,8.700000000000001,0.0,8.700000000000001,inspect_top60_uncertainty_x_graph_consequence,top_uncertainty_graph_consequence,60,0.2,dedicated,77,5.064557335758764,335.4825899866863
178.04639654339343,162.239432432268,340.2858289756614,60,0.0,8.700000000000001,0.0,8.700000000000001,inspect_random60,random,60,0.2,dedicated,77,4.8032389889750675,335.4825899866863
160.79040761199877,144.92447483462374,305.7148824466225,30,0.0,8.700000000000001,0.0,8.700000000000001,inspect_top30_consequence,top_consequence,30,0.2,dedicated,78,4.397376503536748,301.31750594308573
161.96015855455698,145.11089404771832,307.0710526022753,60,0.0,8.700000000000001,0.0,8.700000000000001,inspect_top60_consequence,top_consequence,60,0.2,dedicated,78,5.753546659189567,301.31750594308573
160.03181152360364,144.87800204725997,304.9098135708636,30,0.0,8.700000000000001,0.0,8.700000000000001,inspect_top30_consequence_no_graph,top_consequence_no_graph,30,0.2,dedicated,78,3.5923076277778705,301.31750594308573
161.70151090113902,144.8079402749442,306.5094511760832,60,0.0,8.700000000000001,0.0,8.700000000000001,inspect_top60_consequence_no_graph,top_consequence_no_graph,60,0.2,dedicated,78,5.191945232997455,301.31750594308573
160.84035987730522,144.76181016808695,305.6021700453922,30,0.0,8.700000000000001,0.0,8.700000000000001,inspect_top30_uncertainty_x_consequence,top_uncertainty_consequence,30,0.2,dedicated,78,4.284664102306465,301.31750594308573
160.40254883918448,144.63816175902195,305.04071059820643,60,0.0,8.700000000000001,0.0,8.700000000000001,inspect_top60_uncertainty_x_consequence,top_uncertainty_consequence,60,0.2,dedicated,78,3.7232046551206963,301.31750594308573
160.50813375312805,144.30841444362994,304.816548196758,30,0.0,8.700000000000001,0.0,8.700000000000001,inspect_top30_uncertainty_x_graph_consequence,top_uncertainty_graph_consequence,30,0.2,dedicated,78,3.4990422536722576,301.31750594308573
159.90962342428534,144.13444780744635,304.04407123173166,60,0.0,8.700000000000001,0.0,8.700000000000001,inspect_top60_uncertainty_x_graph_consequence,top_uncertainty_graph_consequence,60,0.2,dedicated,78,2.7265652886459293,301.31750594308573
159.80949346566908,144.42151007969647,304.2310035453655,60,0.0,8.700000000000001,0.0,8.700000000000001,inspect_random60,random,60,0.2,dedicated,78,2.91349760227979,301.31750594308573
177.26004279230582,160.8225342508158,338.08257704312166,30,0.0,8.700000000000001,0.0,8.700000000000001,inspect_top30_consequence,top_consequence,30,0.2,dedicated,79,3.872720526359842,334.2098565167618
178.0301527928388,160.92982460073628,338.95997739357506,60,0.0,8.700000000000001,0.0,8.700000000000001,inspect_top60_consequence,top_consequence,60,0.2,dedicated,79,4.7501208768132415,334.2098565167618
177.11442568168627,160.48824709114132,337.6026727728276,30,0.0,8.700000000000001,0.0,8.700000000000001,inspect_top30_consequence_no_graph,top_consequence_no_graph,30,0.2,dedicated,79,3.392816256065771,334.2098565167618
177.33003140272444,160.11661316474238,337.4466445674668,60,0.0,8.700000000000001,0.0,8.700000000000001,inspect_top60_consequence_no_graph,top_consequence_no_graph,60,0.2,dedicated,79,3.2367880507050018,334.2098565167618
176.79183076097303,160.94528432954525,337.7371150905183,30,0.0,8.700000000000001,0.0,8.700000000000001,inspect_top30_uncertainty_x_consequence,top_uncertainty_consequence,30,0.2,dedicated,79,3.5272585737564555,334.2098565167618
177.89422480149565,161.4883930173781,339.38261781887377,60,0.0,8.700000000000001,0.0,8.700000000000001,inspect_top60_uncertainty_x_consequence,top_uncertainty_consequence,60,0.2,dedicated,79,5.172761302111951,334.2098565167618
176.7908400721796,160.96429178090304,337.7551318530826,30,0.0,8.700000000000001,0.0,8.700000000000001,inspect_top30_uncertainty_x_graph_consequence,top_uncertainty_graph_consequence,30,0.2,dedicated,79,3.545275336320799,334.2098565167618
177.86783640432296,161.41486750838357,339.28270391270655,60,0.0,8.700000000000001,0.0,8.700000000000001,inspect_top60_uncertainty_x_graph_consequence,top_uncertainty_graph_consequence,60,0.2,dedicated,79,5.072847395944734,334.2098565167618
176.65781507518136,161.06411863098816,337.7219337061695,60,0.0,8.700000000000001,0.0,8.700000000000001,inspect_random60,random,60,0.2,dedicated,79,3.512077189407705,334.2098565167618
159.29426970865381,143.55630785487585,302.85057756352967,30,0.0,8.700000000000001,0.0,8.700000000000001,inspect_top30_consequence,top_consequence,30,0.2,dedicated,80,7.06043066995187,295.7901468935778
159.13193489843093,142.36952635977917,301.5014612582101,60,0.0,8.700000000000001,0.0,8.700000000000001,inspect_top60_consequence,top_consequence,60,0.2,dedicated,80,5.711314364632301,295.7901468935778
160.09069703353708,144.25553958344244,304.3462366169795,30,0.0,8.700000000000001,0.0,8.700000000000001,inspect_top30_consequence_no_graph,top_consequence_no_graph,30,0.2,dedicated,80,8.556089723401726,295.7901468935778
160.5696279830551,143.82130109022506,304.3909290732802,60,0.0,8.700000000000001,0.0,8.700000000000001,inspect_top60_consequence_no_graph,top_consequence_no_graph,60,0.2,dedicated,80,8.600782179702378,295.7901468935778
159.54803539787616,145.06749579931653,304.6155311971927,30,0.0,8.700000000000001,0.0,8.700000000000001,inspect_top30_uncertainty_x_consequence,top_uncertainty_consequence,30,0.2,dedicated,80,8.825384303614896,295.7901468935778
159.3065223942836,143.5313960442667,302.83791843855033,60,0.0,8.700000000000001,0.0,8.700000000000001,inspect_top60_uncertainty_x_consequence,top_uncertainty_consequence,60,0.2,dedicated,80,7.047771544972534,295.7901468935778
158.91114111267188,145.17459032791692,304.0857314405888,30,0.0,8.700000000000001,0.0,8.700000000000001,inspect_top30_uncertainty_x_graph_consequence,top_uncertainty_graph_consequence,30,0.2,dedicated,80,8.295584547011003,295.7901468935778
158.89254943724393,142.94030623669641,301.83285567394034,60,0.0,8.700000000000001,0.0,8.700000000000001,inspect_top60_uncertainty_x_graph_consequence,top_uncertainty_graph_consequence,60,0.2,dedicated,80,6.042708780362545,295.7901468935778
158.35389086187996,144.9523672945512,303.30625815643117,60,0.0,8.700000000000001,0.0,8.700000000000001,inspect_random60,random,60,0.2,dedicated,80,7.5161112628533715,295.7901468935778
166.7964867237118,151.44503324650805,318.2415199702199,30,0.0,8.700000000000001,0.0,8.700000000000001,inspect_top30_consequence,top_consequence,30,0.2,dedicated,81,6.10707497507309,312.1344449951468
167.94329243503552,151.36265463008087,319.30594706511636,60,0.0,8.700000000000001,0.0,8.700000000000001,inspect_top60_consequence,top_consequence,60,0.2,dedicated,81,7.171502069969563,312.1344449951468
166.37321467329514,150.94931240081954,317.32252707411465,30,0.0,8.700000000000001,0.0,8.700000000000001,inspect_top30_consequence_no_graph,top_consequence_no_graph,30,0.2,dedicated,81,5.188082078967852,312.1344449951468
167.44335275111598,150.48160714729747,317.9249598984135,60,0.0,8.700000000000001,0.0,8.700000000000001,inspect_top60_consequence_no_graph,top_consequence_no_graph,60,0.2,dedicated,81,5.790514903266683,312.1344449951468
166.45444369418644,151.60201354873243,318.0564572429189,30,0.0,8.700000000000001,0.0,8.700000000000001,inspect_top30_uncertainty_x_consequence,top_uncertainty_consequence,30,0.2,dedicated,81,5.922012247772102,312.1344449951468
167.81798930315887,152.17980202787663,319.9977913310355,60,0.0,8.700000000000001,0.0,8.700000000000001,inspect_top60_uncertainty_x_consequence,top_uncertainty_consequence,60,0.2,dedicated,81,7.863346335888707,312.1344449951468
165.7536696938348,151.26821806915234,317.02188776298715,30,0.0,8.700000000000001,0.0,8.700000000000001,inspect_top30_uncertainty_x_graph_consequence,top_uncertainty_graph_consequence,30,0.2,dedicated,81,4.887442767840355,312.1344449951468
167.5055201560319,151.94337912005966,319.44889927609154,60,0.0,8.700000000000001,0.0,8.700000000000001,inspect_top60_uncertainty_x_graph_consequence,top_uncertainty_graph_consequence,60,0.2,dedicated,81,7.314454280944744,312.1344449951468
165.79322434003188,151.50205892705117,317.29528326708305,60,0.0,8.700000000000001,0.0,8.700000000000001,inspect_random60,random,60,0.2,dedicated,81,5.160838271936257,312.1344449951468
172.2511371011596,157.04692245677106,329.2980595579306,30,0.0,8.700000000000001,0.0,8.700000000000001,inspect_top30_consequence,top_consequence,30,0.2,dedicated,82,4.124317289436249,325.1737422684944
172.5906273426924,155.87591822476358,328.46654556745597,60,0.0,8.700000000000001,0.0,8.700000000000001,inspect_top60_consequence,top_consequence,60,0.2,dedicated,82,3.292803298961587,325.1737422684944
173.06618925033888,157.0109323800787,330.0771216304176,30,0.0,8.700000000000001,0.0,8.700000000000001,inspect_top30_consequence_no_graph,top_consequence_no_graph,30,0.2,dedicated,82,4.903379361923214,325.1737422684944
172.9882233892291,156.12446426287295,329.11268765210207,60,0.0,8.700000000000001,0.0,8.700000000000001,inspect_top60_consequence_no_graph,top_consequence_no_graph,60,0.2,dedicated,82,3.938945383607688,325.1737422684944
172.61348295980426,157.2322131059276,329.8456960657319,30,0.0,8.700000000000001,0.0,8.700000000000001,inspect_top30_uncertainty_x_consequence,top_uncertainty_consequence,30,0.2,dedicated,82,4.6719537972375065,325.1737422684944
173.182742438,157.51877952277425,330.70152196077424,60,0.0,8.700000000000001,0.0,8.700000000000001,inspect_top60_uncertainty_x_consequence,top_uncertainty_consequence,60,0.2,dedicated,82,5.527779692279864,325.1737422684944
172.3230727346048,157.04049510794098,329.36356784254576,30,0.0,8.700000000000001,0.0,8.700000000000001,inspect_top30_uncertainty_x_graph_consequence,top_uncertainty_graph_consequence,30,0.2,dedicated,82,4.189825574051383,325.1737422684944
173.15603184062817,157.31538118154324,330.4714130221714,60,0.0,8.700000000000001,0.0,8.700000000000001,inspect_top60_uncertainty_x_graph_consequence,top_uncertainty_graph_consequence,60,0.2,dedicated,82,5.297670753677039,325.1737422684944
172.64434410791796,157.45297621187268,330.09732031979064,60,0.0,8.700000000000001,0.0,8.700000000000001,inspect_random60,random,60,0.2,dedicated,82,4.923578051296261,325.1737422684944
174.85957696778527,159.49639582496334,334.3559727927486,30,0.0,8.700000000000001,0.0,8.700000000000001,inspect_top30_consequence,top_consequence,30,0.2,dedicated,83,5.395048090709167,328.96092470203945
174.64369937904905,158.01887428523955,332.66257366428863,60,0.0,8.700000000000001,0.0,8.700000000000001,inspect_top60_consequence,top_consequence,60,0.2,dedicated,83,3.7016489622491804,328.96092470203945
175.39161264374667,158.80902586655412,334.2006385103008,30,0.0,8.700000000000001,0.0,8.700000000000001,inspect_top30_consequence_no_graph,top_consequence_no_graph,30,0.2,dedicated,83,5.239713808261342,328.96092470203945
175.34976509186146,158.32435948120622,333.6741245730677,60,0.0,8.700000000000001,0.0,8.700000000000001,inspect_top60_consequence_no_graph,top_consequence_no_graph,60,0.2,dedicated,83,4.713199871028223,328.96092470203945
175.01054419446984,159.81056742338097,334.8211116178508,30,0.0,8.700000000000001,0.0,8.700000000000001,inspect_top30_uncertainty_x_consequence,top_uncertainty_consequence,30,0.2,dedicated,83,5.860186915811369,328.96092470203945
175.8963763619327,159.93680888867405,335.8331852506068,60,0.0,8.700000000000001,0.0,8.700000000000001,inspect_top60_uncertainty_x_consequence,top_uncertainty_consequence,60,0.2,dedicated,83,6.87226054856734,328.96092470203945
174.91880599561833,159.78877030552565,334.70757630114394,30,0.0,8.700000000000001,0.0,8.700000000000001,inspect_top30_uncertainty_x_graph_consequence,top_uncertainty_graph_consequence,30,0.2,dedicated,83,5.746651599104496,328.96092470203945
175.06034059684634,159.3110143898732,334.37135498671955,60,0.0,8.700000000000001,0.0,8.700000000000001,inspect_top60_uncertainty_x_graph_consequence,top_uncertainty_graph_consequence,60,0.2,dedicated,83,5.410430284680103,328.96092470203945
174.77250164186358,159.89549818737237,334.66799982923595,60,0.0,8.700000000000001,0.0,8.700000000000001,inspect_random60,random,60,0.2,dedicated,83,5.707075127196504,328.96092470203945
168.82590899727902,152.19514246267389,321.0210514599529,30,0.0,8.700000000000001,0.0,8.700000000000001,inspect_top30_consequence,top_consequence,30,0.2,dedicated,84,4.966245352096848,316.05480610785605
168.24275224658942,151.2732978362347,319.5160500828241,60,0.0,8.700000000000001,0.0,8.700000000000001,inspect_top60_consequence,top_consequence,60,0.2,dedicated,84,3.461243974968056,316.05480610785605
168.32144748373472,152.11801713129944,320.4394646150341,30,0.0,8.700000000000001,0.0,8.700000000000001,inspect_top30_consequence_no_graph,top_consequence_no_graph,30,0.2,dedicated,84,4.384658507178074,316.05480610785605
168.57794569947822,151.4728684649801,320.0508141644583,60,0.0,8.700000000000001,0.0,8.700000000000001,inspect_top60_consequence_no_graph,top_consequence_no_graph,60,0.2,dedicated,84,3.99600805660225,316.05480610785605
168.52685115704853,153.00421735481507,321.5310685118636,30,0.0,8.700000000000001,0.0,8.700000000000001,inspect_top30_uncertainty_x_consequence,top_uncertainty_consequence,30,0.2,dedicated,84,5.476262404007571,316.05480610785605
167.6012815720683,151.48021624661885,319.0814978186871,60,0.0,8.700000000000001,0.0,8.700000000000001,inspect_top60_uncertainty_x_consequence,top_uncertainty_consequence,60,0.2,dedicated,84,3.0266917108310736,316.05480610785605
168.38251338083006,152.50773530966552,320.8902486904956,30,0.0,8.700000000000001,0.0,8.700000000000001,inspect_top30_uncertainty_x_graph_consequence,top_uncertainty_graph_consequence,30,0.2,dedicated,84,4.83544258263953,316.05480610785605
167.20924771197667,151.2642363495262,318.47348406150286,60,0.0,8.700000000000001,0.0,8.700000000000001,inspect_top60_uncertainty_x_graph_consequence,top_uncertainty_graph_consequence,60,0.2,dedicated,84,2.4186779536468066,316.05480610785605
168.74789853011828,153.12190281907812,321.8698013491964,60,0.0,8.700000000000001,0.0,8.700000000000001,inspect_random60,random,60,0.2,dedicated,84,5.814995241340341,316.05480610785605
175.50889154464528,159.21183163183338,334.72072317647866,30,0.0,8.700000000000001,0.0,8.700000000000001,inspect_top30_consequence,top_consequence,30,0.2,dedicated,85,3.5909013470560467,331.1298218294226
176.1233149812964,159.2086478143606,335.331962795657,60,0.0,8.700000000000001,0.0,8.700000000000001,inspect_top60_consequence,top_consequence,60,0.2,dedicated,85,4.202140966234367,331.1298218294226
175.61445674273278,159.62048981360275,335.23494655633556,30,0.0,8.700000000000001,0.0,8.700000000000001,inspect_top30_consequence_no_graph,top_consequence_no_graph,30,0.2,dedicated,85,4.105124726912948,331.1298218294226
176.70946940343532,159.48632487083495,336.19579427427027,60,0.0,8.700000000000001,0.0,8.700000000000001,inspect_top60_consequence_no_graph,top_consequence_no_graph,60,0.2,dedicated,85,5.0659724448476595,331.1298218294226
176.19494364023407,160.14244414261503,336.3373877828491,30,0.0,8.700000000000001,0.0,8.700000000000001,inspect_top30_uncertainty_x_consequence,top_uncertainty_consequence,30,0.2,dedicated,85,5.207565953426467,331.1298218294226
175.73814475166617,159.66634001768898,335.4044847693551,60,0.0,8.700000000000001,0.0,8.700000000000001,inspect_top60_uncertainty_x_consequence,top_uncertainty_consequence,60,0.2,dedicated,85,4.274662939932512,331.1298218294226
175.75358343649225,159.62729381899663,335.3808772554889,30,0.0,8.700000000000001,0.0,8.700000000000001,inspect_top30_uncertainty_x_graph_consequence,top_uncertainty_graph_consequence,30,0.2,dedicated,85,4.251055426066273,331.1298218294226
174.95973304990113,158.82191799243571,333.7816510423369,60,0.0,8.700000000000001,0.0,8.700000000000001,inspect_top60_uncertainty_x_graph_consequence,top_uncertainty_graph_consequence,60,0.2,dedicated,85,2.651829212914265,331.1298218294226
176.02330642790946,160.30624682182085,336.32955324973034,60,0.0,8.700000000000001,0.0,8.700000000000001,inspect_random60,random,60,0.2,dedicated,85,5.199731420307728,331.1298218294226
160.98373033286998,144.50162603545147,305.48535636832145,30,0.0,8.700000000000001,0.0,8.700000000000001,inspect_top30_consequence,top_consequence,30,0.2,dedicated,86,4.586212113197519,300.89914425512393
161.94337928238667,144.6618749960366,306.6052542784233,60,0.0,8.700000000000001,0.0,8.700000000000001,inspect_top60_consequence,top_consequence,60,0.2,dedicated,86,5.706110023299345,300.89914425512393
160.92829863699606,144.46570272462844,305.39400136162453,30,0.0,8.700000000000001,0.0,8.700000000000001,inspect_top30_consequence_no_graph,top_consequence_no_graph,30,0.2,dedicated,86,4.4948571065006035,300.89914425512393
161.7458709366501,144.29911809222753,306.04498902887764,60,0.0,8.700000000000001,0.0,8.700000000000001,inspect_top60_consequence_no_graph,top_consequence_no_graph,60,0.2,dedicated,86,5.1458447737537085,300.89914425512393
161.06393877954307,145.24549470084474,306.30943348038784,30,0.0,8.700000000000001,0.0,8.700000000000001,inspect_top30_uncertainty_x_consequence,top_uncertainty_consequence,30,0.2,dedicated,86,5.410289225263909,300.89914425512393
160.92505032206142,144.5679292961875,305.4929796182489,60,0.0,8.700000000000001,0.0,8.700000000000001,inspect_top60_uncertainty_x_consequence,top_uncertainty_consequence,60,0.2,dedicated,86,4.593835363124981,300.89914425512393
160.94390999743527,145.10919054287473,306.05310054030997,30,0.0,8.700000000000001,0.0,8.700000000000001,inspect_top30_uncertainty_x_graph_consequence,top_uncertainty_graph_consequence,30,0.2,dedicated,86,5.153956285186041,300.89914425512393
160.715572444612,144.51965254130369,305.2352249859157,60,0.0,8.700000000000001,0.0,8.700000000000001,inspect_top60_uncertainty_x_graph_consequence,top_uncertainty_graph_consequence,60,0.2,dedicated,86,4.336080730791764,300.89914425512393
160.35185153965986,144.75177107447576,305.1036226141356,60,0.0,8.700000000000001,0.0,8.700000000000001,inspect_random60,random,60,0.2,dedicated,86,4.2044783590116594,300.89914425512393
179.59132855248356,164.4571095149087,344.0484380673922,30,0.0,8.700000000000001,0.0,8.700000000000001,inspect_top30_consequence,top_consequence,30,0.2,dedicated,87,6.079728139891699,337.9687099275005
179.85785946349878,163.02468966451718,342.88254912801597,60,0.0,8.700000000000001,0.0,8.700000000000001,inspect_top60_consequence,top_consequence,60,0.2,dedicated,87,4.91383920051544,337.9687099275005
179.7799546019711,164.33421356172744,344.11416816369854,30,0.0,8.700000000000001,0.0,8.700000000000001,inspect_top30_consequence_no_graph,top_consequence_no_graph,30,0.2,dedicated,87,6.14545823619801,337.9687099275005
180.0573972521372,163.09147167360345,343.14886892574066,60,0.0,8.700000000000001,0.0,8.700000000000001,inspect_top60_consequence_no_graph,top_consequence_no_graph,60,0.2,dedicated,87,5.180158998240131,337.9687099275005
180.4413498624741,165.13637684112052,345.57772670359464,30,0.0,8.700000000000001,0.0,8.700000000000001,inspect_top30_uncertainty_x_consequence,top_uncertainty_consequence,30,0.2,dedicated,87,7.6090167760941085,337.9687099275005
180.39789854141264,164.7133437300977,345.1112422715104,60,0.0,8.700000000000001,0.0,8.700000000000001,inspect_top60_uncertainty_x_consequence,top_uncertainty_consequence,60,0.2,dedicated,87,7.142532344009851,337.9687099275005
179.68627547963018,165.19383485189152,344.8801103315217,30,0.0,8.700000000000001,0.0,8.700000000000001,inspect_top30_uncertainty_x_graph_consequence,top_uncertainty_graph_consequence,30,0.2,dedicated,87,6.911400404021151,337.9687099275005
179.9011571316031,164.04991910556603,343.9510762371691,60,0.0,8.700000000000001,0.0,8.700000000000001,inspect_top60_uncertainty_x_graph_consequence,top_uncertainty_graph_consequence,60,0.2,dedicated,87,5.982366309668578,337.9687099275005
179.49233631934058,164.52920655998577,344.0215428793264,60,0.0,8.700000000000001,0.0,8.700000000000001,inspect_random60,random,60,0.2,dedicated,87,6.052832951825849,337.9687099275005
167.72737176661443,152.3359786353265,320.06335040194097,30,0.0,8.700000000000001,0.0,8.700000000000001,inspect_top30_consequence,top_consequence,30,0.2,dedicated,88,6.74032794430002,313.32302245764095
168.0508719639024,151.52334048035894,319.5742124442613,60,0.0,8.700000000000001,0.0,8.700000000000001,inspect_top60_consequence,top_consequence,60,0.2,dedicated,88,6.251189986620375,313.32302245764095
167.45598528614596,152.11632837935042,319.5723136654964,30,0.0,8.700000000000001,0.0,8.700000000000001,inspect_top30_consequence_no_graph,top_consequence_no_graph,30,0.2,dedicated,88,6.2492912078554355,313.32302245764095
167.24338488577848,150.24817753183444,317.49156241761295,60,0.0,8.700000000000001,0.0,8.700000000000001,inspect_top60_consequence_no_graph,top_consequence_no_graph,60,0.2,dedicated,88,4.1685399599720085,313.32302245764095
166.7008554870647,151.53891022970978,318.2397657167745,30,0.0,8.700000000000001,0.0,8.700000000000001,inspect_top30_uncertainty_x_consequence,top_uncertainty_consequence,30,0.2,dedicated,88,4.916743259133568,313.32302245764095
168.04372473767614,152.01993700351724,320.0636617411934,60,0.0,8.700000000000001,0.0,8.700000000000001,inspect_top60_uncertainty_x_consequence,top_uncertainty_consequence,60,0.2,dedicated,88,6.740639283552468,313.32302245764095
166.630227733835,151.69244511504354,318.32267284887854,30,0.0,8.700000000000001,0.0,8.700000000000001,inspect_top30_uncertainty_x_graph_consequence,top_uncertainty_graph_consequence,30,0.2,dedicated,88,4.999650391237594,313.32302245764095
168.02978114048022,152.01526451196776,320.045045652448,60,0.0,8.700000000000001,0.0,8.700000000000001,inspect_top60_uncertainty_x_graph_consequence,top_uncertainty_graph_consequence,60,0.2,dedicated,88,6.722023194807036,313.32302245764095
166.8641124976549,152.69180233636604,319.55591483402094,60,0.0,8.700000000000001,0.0,8.700000000000001,inspect_random60,random,60,0.2,dedicated,88,6.2328923763799935,313.32302245764095
166.1174031647497,149.9213875456848,316.0387907104345,30,0.0,8.700000000000001,0.0,8.700000000000001,inspect_top30_consequence,top_consequence,30,0.2,dedicated,89,5.794614410263364,310.24417630017115
166.0571008514939,149.2490376433039,315.3061384947978,60,0.0,8.700000000000001,0.0,8.700000000000001,inspect_top60_consequence,top_consequence,60,0.2,dedicated,89,5.061962194626631,310.24417630017115
165.24786310590753,149.4630683034963,314.7109314094038,30,0.0,8.700000000000001,0.0,8.700000000000001,inspect_top30_consequence_no_graph,top_consequence_no_graph,30,0.2,dedicated,89,4.466755109232679,310.24417630017115
166.0781612920066,149.21608972413537,315.29425101614197,60,0.0,8.700000000000001,0.0,8.700000000000001,inspect_top60_consequence_no_graph,top_consequence_no_graph,60,0.2,dedicated,89,5.050074715970823,310.24417630017115
165.81008438287574,150.21867832467774,316.0287627075535,30,0.0,8.700000000000001,0.0,8.700000000000001,inspect_top30_uncertainty_x_consequence,top_uncertainty_consequence,30,0.2,dedicated,89,5.784586407382335,310.24417630017115
165.36104852136225,149.55165683842438,314.9127053597866,60,0.0,8.700000000000001,0.0,8.700000000000001,inspect_top60_uncertainty_x_consequence,top_uncertainty_consequence,60,0.2,dedicated,89,4.66852905961548,310.24417630017115
165.75829057520178,150.32216039021958,316.0804509654214,30,0.0,8.700000000000001,0.0,8.700000000000001,inspect_top30_uncertainty_x_graph_consequence,top_uncertainty_graph_consequence,30,0.2,dedicated,89,5.836274665250244,310.24417630017115
164.998780849736,149.1764900316278,314.17527088136376,60,0.0,8.700000000000001,0.0,8.700000000000001,inspect_top60_uncertainty_x_graph_consequence,top_uncertainty_graph_consequence,60,0.2,dedicated,89,3.9310945811926103,310.24417630017115
166.37553841184467,151.6653874885363,318.040925900381,60,0.0,8.700000000000001,0.0,8.700000000000001,inspect_random60,random,60,0.2,dedicated,89,7.796749600209864,310.24417630017115
174.63038156273598,158.0489830499754,332.67936461271137,30,0.0,8.700000000000001,0.0,8.700000000000001,inspect_top30_consequence,top_consequence,30,0.2,dedicated,90,5.807700534148353,326.871664078563
174.60635141158377,157.723890318344,332.33024172992776,60,0.0,8.700000000000001,0.0,8.700000000000001,inspect_top60_consequence,top_consequence,60,0.2,dedicated,90,5.458577651364749,326.871664078563
174.08993170420206,157.6193497422519,331.70928144645393,30,0.0,8.700000000000001,0.0,8.700000000000001,inspect_top30_consequence_no_graph,top_consequence_no_graph,30,0.2,dedicated,90,4.837617367890914,326.871664078563
174.56415295143685,157.30584695950472,331.8699999109416,60,0.0,8.700000000000001,0.0,8.700000000000001,inspect_top60_consequence_no_graph,top_consequence_no_graph,60,0.2,dedicated,90,4.9983358323785865,326.871664078563
173.54983342812176,157.53897518113496,331.0888086092567,30,0.0,8.700000000000001,0.0,8.700000000000001,inspect_top30_uncertainty_x_consequence,top_uncertainty_consequence,30,0.2,dedicated,90,4.217144530693702,326.871664078563
173.7857264432156,157.08586089133047,330.87158733454606,60,0.0,8.700000000000001,0.0,8.700000000000001,inspect_top60_uncertainty_x_consequence,top_uncertainty_consequence,60,0.2,dedicated,90,3.999923255983049,326.871664078563
174.51264734040137,158.00035280936015,332.5130001497615,30,0.0,8.700000000000001,0.0,8.700000000000001,inspect_top30_uncertainty_x_graph_consequence,top_uncertainty_graph_consequence,30,0.2,dedicated,90,5.641336071198509,326.871664078563
173.4921569505117,156.71408048302447,330.2062374335362,60,0.0,8.700000000000001,0.0,8.700000000000001,inspect_top60_uncertainty_x_graph_consequence,top_uncertainty_graph_consequence,60,0.2,dedicated,90,3.3345733549732017,326.871664078563
173.4084753851417,157.45940330456907,330.8678786897108,60,0.0,8.700000000000001,0.0,8.700000000000001,inspect_random60,random,60,0.2,dedicated,90,3.9962146111477637,326.871664078563
171.19023841617485,155.49765225966794,326.6878906758428,30,0.0,8.700000000000001,0.0,8.700000000000001,inspect_top30_consequence,top_consequence,30,0.2,dedicated,91,4.241772185070943,322.4461184907719
171.75851908513312,155.41563871004718,327.1741577951803,60,0.0,8.700000000000001,0.0,8.700000000000001,inspect_top60_consequence,top_consequence,60,0.2,dedicated,91,4.728039304408412,322.4461184907719
171.63192287724948,155.9318576582046,327.56378053545404,30,0.0,8.700000000000001,0.0,8.700000000000001,inspect_top30_consequence_no_graph,top_consequence_no_graph,30,0.2,dedicated,91,5.117662044682163,322.4461184907719
171.71833451273267,154.78538656291883,326.50372107565147,60,0.0,8.700000000000001,0.0,8.700000000000001,inspect_top60_consequence_no_graph,top_consequence_no_graph,60,0.2,dedicated,91,4.057602584879589,322.4461184907719
171.35829061818552,156.854440809985,328.2127314281705,30,0.0,8.700000000000001,0.0,8.700000000000001,inspect_top30_uncertainty_x_consequence,top_uncertainty_consequence,30,0.2,dedicated,91,5.766612937398634,322.4461184907719
172.93751918079755,157.18738875401544,330.124907934813,60,0.0,8.700000000000001,0.0,8.700000000000001,inspect_top60_uncertainty_x_consequence,top_uncertainty_consequence,60,0.2,dedicated,91,7.678789444041115,322.4461184907719
170.90351981412974,156.74891864347788,327.6524384576076,30,0.0,8.700000000000001,0.0,8.700000000000001,inspect_top30_uncertainty_x_graph_consequence,top_uncertainty_graph_consequence,30,0.2,dedicated,91,5.206319966835736,322.4461184907719
172.3076057280867,156.61466630339189,328.9222720314786,60,0.0,8.700000000000001,0.0,8.700000000000001,inspect_top60_uncertainty_x_graph_consequence,top_uncertainty_graph_consequence,60,0.2,dedicated,91,6.476153540706719,322.4461184907719
171.09167634458652,156.12422136376279,327.2158977083493,60,0.0,8.700000000000001,0.0,8.700000000000001,inspect_random60,random,60,0.2,dedicated,91,4.7697792175774225,322.4461184907719
